-- phpMyAdmin SQL Dump
-- version 4.8.3
-- https://www.phpmyadmin.net/
--
-- Servidor: 127.0.0.1
-- Tiempo de generación: 04-12-2019 a las 02:37:18
-- Versión del servidor: 10.1.36-MariaDB
-- Versión de PHP: 7.0.32

SET SQL_MODE = "NO_AUTO_VALUE_ON_ZERO";
SET AUTOCOMMIT = 0;
START TRANSACTION;
SET time_zone = "+00:00";


/*!40101 SET @OLD_CHARACTER_SET_CLIENT=@@CHARACTER_SET_CLIENT */;
/*!40101 SET @OLD_CHARACTER_SET_RESULTS=@@CHARACTER_SET_RESULTS */;
/*!40101 SET @OLD_COLLATION_CONNECTION=@@COLLATION_CONNECTION */;
/*!40101 SET NAMES utf8mb4 */;

--
-- Base de datos: `dbproduction`
--

-- --------------------------------------------------------

--
-- Estructura de tabla para la tabla `cliente`
--

CREATE TABLE `cliente` (
  `idcliente` int(11) NOT NULL,
  `rfc` varchar(20) NOT NULL,
  `nombre` varchar(200) NOT NULL,
  `abreviatura` varchar(120) NOT NULL,
  `clave` varchar(20) NOT NULL,
  `direccion` varchar(250) NOT NULL,
  `direccionfacturacion` varchar(255) NOT NULL,
  `activo` tinyint(1) NOT NULL,
  `idusuario` int(11) NOT NULL,
  `fecha` datetime DEFAULT NULL
) ENGINE=InnoDB DEFAULT CHARSET=latin1;

--
-- Volcado de datos para la tabla `cliente`
--

INSERT INTO `cliente` (`idcliente`, `rfc`, `nombre`, `abreviatura`, `clave`, `direccion`, `direccionfacturacion`, `activo`, `idusuario`, `fecha`) VALUES
(1, 'VEPP9004288D4', 'LG MXLI', 'LG', '001', 'Calle Órbita 36, Parque Industrial Mexicali II, 21397, Pimsa II, Mexicali, B.C.', 'Calle Órbita 36, Parque Industrial Mexicali II, 21397, Pimsa II, Mexicali, B.C.', 1, 3, '2019-04-25 15:06:53'),
(2, 'XXXXXXXXXXXXXXXX', 'CYS', 'CYS', '', 'NO DEFINIDO', '', 1, 3, '2019-04-10 00:00:00'),
(3, 'XXXXXXXXXXXXXXXX', 'BIO-P', 'BIO-P', '', 'NO DEFINIDO', '', 1, 3, '2019-04-10 00:00:00'),
(5, 'XXXXXXXXXXXXXXXX', 'BREG', 'BREG', '002', 'Mexicali Warehouse Calzada Venustiano Carranza #33 Parque Industrial Palaco Mexicali 21385', 'Breg Inc. P O Box 1689 Calexico, CA 92232 United States', 1, 10, '2019-12-02 08:32:43'),
(6, 'XXXXXXXXXXXXXXXX', 'B-RO', 'B-RO', '', 'NO DEFINIDO', '', 1, 3, '2019-04-10 00:00:00'),
(7, 'XXXXXXXXXXXXXXXX', 'C.S', 'C.S', '', 'NO DEFINIDO', '', 1, 3, '2019-04-10 00:00:00'),
(8, 'XXXXXXXXXXXXXXXX', 'CM PARTNER', 'CM PARTNER', '', 'NO DEFINIDO', '', 1, 3, '2019-04-10 00:00:00'),
(9, 'XXXXXXXXXXXXXXXX', 'DDCAM', 'DDCAM', '', 'NO DEFINIDO', '', 1, 3, '2019-04-10 00:00:00'),
(10, 'XXXXXXXXXXXXXXXX', 'EATON', 'EATON', '', 'NO DEFINIDO', '', 1, 3, '2019-04-10 00:00:00'),
(11, 'GIGF6403025B3', 'FEDERICO GIL LAMADRID', 'CYS', '005', 'COMERCIALIZADORA Y SERVICIOS AV SANTOS DEGOLLADOS #404 COL. PRIMERO DE DICIEMBRE MEXICALI B.C', 'COMERCIALIZADORA Y SERVICIOS AV SANTOS DEGOLLADOS #404 COL. PRIMERO DE DICIEMBRE MEXICALI B.C', 1, 10, '2019-12-02 09:32:45'),
(12, 'XXXXXXXXXXXXXXXX', 'FILMICO R', 'FILMICO R', '', 'NO DEFINIDO', '', 1, 3, '2019-04-10 00:00:00'),
(13, 'XXXXXXXXXXXXXXXX', 'HANNA', 'HANNA', '', 'NO DEFINIDO', '', 1, 3, '2019-04-10 00:00:00'),
(14, 'XXXXXXXXXXXXXXXX', 'J-COX', 'J-COX', '', 'NO DEFINIDO', '', 1, 3, '2019-04-10 00:00:00'),
(15, 'XXXXXXXXXXXXXXXX', 'ACE SAN DIEGO', 'ACE SAN DIEGO', '', 'NO DEFINIDO', '', 1, 3, '2019-04-10 00:00:00'),
(16, 'KSM961228KZ2', 'KANG SEO MEXICANA SA DE CV', 'KANG SEO', '006', 'CIRCUITO DE LAS MISIONES ESTE #132 MODULO B PARQUE INDUSTRIAL LAS CALIFORNIAS MEXICALI B.C', 'CIRCUITO DE LAS MISIONES ESTE #132 MODULO B PARQUE INDUSTRIAL LAS CALIFORNIAS MEXICALI B.C', 1, 10, '2019-12-02 10:02:32'),
(17, 'XXXXXXXXXXXXXXXX', 'LG CHICAGO', 'LG CHICAGO', '', 'NO DEFINIDO', '', 1, 3, '2019-04-10 00:00:00'),
(18, 'XXXXXXXXXXXXXXXX', 'JM', 'JM', '', 'NO DEFINIDO', '', 1, 3, '2019-04-10 00:00:00'),
(22, 'XXXXXXXXXXXXXXXX', 'LOURDES', 'LOURDES', '', 'NO DEFINIDO', '', 1, 3, '2019-04-10 00:00:00'),
(24, 'XXXXXXXXXXXXXXXX', 'OH SUNG DISPLAY', 'OHSUNGD', '004', 'OHSUNG DISPLAY MEXICO SA DE CV CARRETERA MEXICALI ALGODONES # 4798 ISLAS AGRARIAS A MEXICALI BAJA CALIFORNIA 21600', 'OHSUNG DISPLAY U.S.A, INC. 203 WATERMAN # B EL CENTRO , CA.92243 TAX ID : 46-4004061', 1, 10, '2019-12-02 09:30:19'),
(25, 'XXXXXXXXXXXXXXXX', 'OH SUNG ELECTRIC', 'OHSUNG ELECT', '003', 'OH SUNG MEXICO S. A. DE C. V Cerrada Centinela 1719, Parque Industrial Cachanilla 21934 Mexicali B. C.', 'ONSUNG ELECTRONICS U.S.A INC  PO Box 3171 El Centro CA 92243', 1, 10, '2019-12-02 09:29:04'),
(26, 'XXXXXXXXXXXXXXXX', 'RHEEM', 'RHEEM', '', 'NO DEFINIDO', '', 1, 3, '2019-04-10 00:00:00'),
(28, 'XXXXXXXXXXXXXXXX', 'SAMPLE', 'SAMPLE', '', 'NO DEFINIDO', '', 1, 3, '2019-04-10 00:00:00'),
(29, 'XXXXXXXXXXXXXXXX', 'SHAWMUT', 'SHAWMUT', '', 'NO DEFINIDO', '', 1, 3, '2019-04-10 00:00:00'),
(31, 'XXXXXXXXXXXXXXXX', 'SKD  (DELTA)', 'SKD  (DELTA)', '', 'NO DEFINIDO', '', 1, 3, '2019-04-10 00:00:00'),
(32, 'XXXXXXXXXXXXXXXX', 'SKYWORK', 'SKYWORK', '', 'NO DEFINIDO', '', 1, 3, '2019-04-10 00:00:00'),
(33, 'XXXXXXXXXXXXXXXX', 'TCL', 'TCL', '', 'NO DEFINIDO', '', 1, 3, '2019-04-10 00:00:00'),
(34, 'XXXXXXXXXXXXXXXX', 'TRIMEX', 'TRIMEX', '', 'NO DEFINIDO', '', 1, 3, '2019-04-10 00:00:00'),
(35, 'XXXXXXXXXXXXXXXX', 'TRIPTICO', 'TRIPTICO', '', 'NO DEFINIDO', '', 1, 3, '2019-04-10 00:00:00'),
(36, 'XXXXXXXXXXXXXXXX', 'VICTORY PACKAGING', 'VICTORY PACKAGING', '', 'NO DEFINIDO', '', 1, 3, '2019-04-10 00:00:00'),
(37, 'XXXXXXXXXXXXXXXX', 'WISE UNIVERSAL INC', 'WISE UNIVERSAL INC', '', 'NO DEFINIDO', '', 1, 3, '2019-04-10 00:00:00'),
(38, 'XXXXXXXXXXXXXXXX', 'WOORI', 'WOORI', '', 'NO DEFINIDO', '', 1, 3, '2019-04-10 00:00:00'),
(39, 'XXXXXXXXXXXXXXXX', 'OH SUNG', 'OH SUNG', '', 'SIN DEFINIR', 'SIN DEFINIR', 1, 3, '2019-11-04 00:00:00'),
(40, 'XXXXXXXXXX', 'PANTHOS', 'PANTHOS', '', 'SIN DEFINIR', 'SIN DEFINIR', 1, 3, '2019-11-04 00:00:00'),
(41, 'XXXXXXXXXXXXXXXX', '15', '15', '', 'NO DEFINIDO', 'NO DEFINIDO', 1, 3, '2019-11-04 00:00:00'),
(42, 'XXXXXXXXX', 'IP', 'IP', '003', 'CONOCIDO', 'CONOCIDO', 1, 3, '2019-12-02 09:40:06'),
(43, 'XXXXXX', 'ISC', 'ISC', '009', 'CONOCIDO', 'CONOCIDO', 1, 3, '2019-12-02 09:41:34'),
(44, 'XXXXXX', 'ROCKTENN', 'ROCKTENN', '010', 'CONOCIDO', 'CONOCIDO', 1, 3, '2019-12-02 09:42:09'),
(45, 'XXXXXX', 'N/A', 'N/A', '11', 'CONOCIDO', 'CONOCIDO', 1, 3, '2019-12-02 09:42:48'),
(46, 'XXXXXX', 'SINIL', 'SINIL', '12', 'CONOCIDO', 'CONOCIDO', 1, 3, '2019-12-02 09:43:11'),
(47, 'CEM050222FD4', 'CP EMPAQUES S.A. DE C.V', 'CP', '007', 'JATÑIL #16 S.A DE C.V. PARQUE INDUSTRIAL CUCAPAH', 'JATÑIL #16 S.A DE C.V. PARQUE INDUSTRIAL CUCAPAH', 1, 10, '2019-12-02 10:09:10'),
(48, 'XXXXXXX', 'SALIDA', 'SALIDA', '090', 'CONOCIDO', 'CONOCIDO', 1, 3, '2019-12-02 20:17:35');

-- --------------------------------------------------------

--
-- Estructura de tabla para la tabla `detalleparte`
--

CREATE TABLE `detalleparte` (
  `iddetalleparte` int(11) NOT NULL,
  `folio` int(11) NOT NULL,
  `idparte` int(11) NOT NULL,
  `modelo` varchar(150) NOT NULL,
  `revision` varchar(120) NOT NULL,
  `pallet` int(11) NOT NULL,
  `cantidad` int(11) NOT NULL,
  `idlinea` int(11) NOT NULL,
  `idestatus` int(11) NOT NULL,
  `idusuario` int(11) NOT NULL,
  `fecharegistro` datetime NOT NULL
) ENGINE=InnoDB DEFAULT CHARSET=latin1;

--
-- Volcado de datos para la tabla `detalleparte`
--

INSERT INTO `detalleparte` (`iddetalleparte`, `folio`, `idparte`, `modelo`, `revision`, `pallet`, `cantidad`, `idlinea`, `idestatus`, `idusuario`, `fecharegistro`) VALUES
(81, 81, 3, 'Mode 1', '1', 0, 0, 3, 1, 6, '2019-03-30 18:40:52'),
(82, 82, 5, 'Mode 94', '1', 0, 0, 1, 1, 6, '2019-03-30 18:45:43'),
(83, 83, 3, 'as', 'as', 0, 0, 4, 1, 3, '2019-04-08 08:46:13'),
(84, 84, 231, 'Modelo 4', '1', 0, 0, 3, 1, 3, '2019-04-22 08:15:36'),
(85, 85, 9, 'Model 4', '1', 0, 0, 4, 1, 3, '2019-04-17 12:08:00'),
(86, 86, 230, 'Modelo 4', '1', 0, 0, 2, 1, 3, '2019-04-25 15:38:39');

-- --------------------------------------------------------

--
-- Estructura de tabla para la tabla `detallestatus`
--

CREATE TABLE `detallestatus` (
  `iddetallestatus` int(11) NOT NULL,
  `iddetalleparte` int(11) NOT NULL,
  `idstatus` int(11) NOT NULL,
  `comentariosrechazo` text NOT NULL,
  `idusuario` int(11) NOT NULL,
  `fecharegistro` datetime NOT NULL
) ENGINE=InnoDB DEFAULT CHARSET=latin1;

-- --------------------------------------------------------

--
-- Estructura de tabla para la tabla `linea`
--

CREATE TABLE `linea` (
  `idlinea` int(11) NOT NULL,
  `nombrelinea` varchar(100) NOT NULL
) ENGINE=InnoDB DEFAULT CHARSET=latin1;

--
-- Volcado de datos para la tabla `linea`
--

INSERT INTO `linea` (`idlinea`, `nombrelinea`) VALUES
(1, '1'),
(2, '2'),
(3, '3'),
(4, '4'),
(5, '5');

-- --------------------------------------------------------

--
-- Estructura de tabla para la tabla `motivorechazo`
--

CREATE TABLE `motivorechazo` (
  `idmotivorechazo` int(11) NOT NULL,
  `motivo` varchar(250) NOT NULL,
  `idproceso` int(11) NOT NULL,
  `activo` tinyint(1) NOT NULL
) ENGINE=InnoDB DEFAULT CHARSET=latin1;

--
-- Volcado de datos para la tabla `motivorechazo`
--

INSERT INTO `motivorechazo` (`idmotivorechazo`, `motivo`, `idproceso`, `activo`) VALUES
(1, 'Material mal identificado.', 2, 1),
(2, 'Cantidad de pallet errónea.', 2, 1),
(3, 'Material en mal estado.', 2, 1),
(4, 'Mal entarimado/flejado.', 2, 1),
(5, 'Hoja de transferencia mal elaborada,(consecutivo)', 2, 1),
(6, 'Producto no conforme.', 2, 1),
(7, 'No tiene hoja de transferencia.', 2, 1),
(8, 'Personal que selle y firme de liberado.', 2, 1),
(9, 'No liberado por calidad.', 3, 1),
(10, 'Cantidad incorrecta.', 3, 1),
(11, 'Mal identificado.', 3, 1),
(12, 'Estibamiento incorrecto vs spec de empaque.', 3, 1);

-- --------------------------------------------------------

--
-- Estructura de tabla para la tabla `ordensalida`
--

CREATE TABLE `ordensalida` (
  `idordensalida` int(11) NOT NULL,
  `idsalida` int(11) NOT NULL,
  `idpalletcajas` int(11) NOT NULL,
  `tipo` tinyint(4) NOT NULL,
  `pallet` int(11) NOT NULL,
  `caja` int(11) NOT NULL,
  `revision` varchar(20) NOT NULL,
  `po` varchar(100) NOT NULL,
  `idusuario` int(11) NOT NULL,
  `fecharegistro` datetime NOT NULL
) ENGINE=InnoDB DEFAULT CHARSET=latin1;

-- --------------------------------------------------------

--
-- Estructura de tabla para la tabla `palletcajas`
--

CREATE TABLE `palletcajas` (
  `idpalletcajas` int(11) NOT NULL,
  `idtransferancia` int(11) NOT NULL,
  `pallet` int(11) NOT NULL,
  `idcajas` int(11) NOT NULL,
  `idlinea` int(11) NOT NULL,
  `idestatus` int(11) NOT NULL,
  `idusuario` int(11) NOT NULL,
  `fecharegistro` datetime NOT NULL
) ENGINE=InnoDB DEFAULT CHARSET=latin1;

--
-- Volcado de datos para la tabla `palletcajas`
--

INSERT INTO `palletcajas` (`idpalletcajas`, `idtransferancia`, `pallet`, `idcajas`, `idlinea`, `idestatus`, `idusuario`, `fecharegistro`) VALUES
(453, 9, 1, 27, 1, 8, 3, '2019-12-01 22:36:05'),
(454, 9, 1, 28, 1, 8, 3, '2019-12-01 22:36:05'),
(455, 9, 1, 29, 1, 8, 3, '2019-12-01 22:36:05'),
(456, 9, 1, 30, 1, 8, 3, '2019-12-01 22:36:05'),
(457, 9, 1, 31, 1, 8, 3, '2019-12-01 22:36:05'),
(458, 9, 1, 32, 1, 8, 3, '2019-12-01 22:36:05'),
(459, 9, 1, 33, 1, 8, 3, '2019-12-01 22:36:05'),
(460, 9, 1, 34, 1, 8, 3, '2019-12-01 22:36:05'),
(461, 9, 1, 35, 1, 8, 3, '2019-12-01 22:36:05'),
(462, 9, 1, 36, 1, 8, 3, '2019-12-01 22:36:05'),
(463, 9, 1, 37, 1, 8, 3, '2019-12-01 22:36:05'),
(464, 9, 1, 38, 1, 8, 3, '2019-12-01 22:36:05'),
(465, 9, 1, 39, 1, 8, 3, '2019-12-01 22:36:05'),
(466, 9, 1, 40, 1, 8, 3, '2019-12-01 22:36:05'),
(467, 9, 1, 41, 1, 8, 3, '2019-12-01 22:36:05'),
(468, 9, 1, 42, 1, 8, 3, '2019-12-01 22:36:05'),
(469, 9, 1, 43, 1, 8, 3, '2019-12-01 22:36:05'),
(470, 9, 1, 44, 1, 8, 3, '2019-12-01 22:36:05'),
(471, 9, 1, 45, 1, 8, 3, '2019-12-01 22:36:05'),
(472, 9, 1, 46, 1, 8, 3, '2019-12-01 22:36:05'),
(473, 9, 1, 47, 1, 8, 3, '2019-12-01 22:36:05'),
(474, 9, 1, 48, 1, 8, 3, '2019-12-01 22:36:05'),
(475, 9, 1, 49, 1, 8, 3, '2019-12-01 22:36:05'),
(476, 9, 1, 50, 1, 8, 3, '2019-12-01 22:36:05'),
(477, 9, 1, 51, 1, 8, 3, '2019-12-01 22:36:05'),
(478, 9, 1, 52, 1, 8, 3, '2019-12-01 22:36:05'),
(479, 9, 1, 53, 1, 8, 3, '2019-12-01 22:36:06'),
(480, 9, 1, 54, 1, 8, 3, '2019-12-01 22:36:06'),
(481, 9, 1, 55, 1, 8, 3, '2019-12-01 22:36:06'),
(482, 9, 1, 56, 1, 8, 3, '2019-12-01 22:36:06'),
(483, 9, 1, 57, 1, 8, 3, '2019-12-01 22:36:06'),
(484, 9, 1, 58, 1, 8, 3, '2019-12-01 22:36:06'),
(485, 9, 1, 59, 1, 8, 3, '2019-12-01 22:36:06'),
(486, 9, 1, 60, 1, 8, 3, '2019-12-01 22:36:06'),
(487, 9, 1, 61, 1, 8, 3, '2019-12-01 22:36:06'),
(488, 9, 1, 62, 1, 8, 3, '2019-12-01 22:36:06'),
(489, 9, 1, 63, 1, 8, 3, '2019-12-01 22:36:06'),
(490, 9, 1, 64, 1, 8, 3, '2019-12-01 22:36:06'),
(491, 9, 1, 65, 1, 8, 3, '2019-12-01 22:36:06'),
(492, 9, 1, 66, 1, 8, 3, '2019-12-01 22:36:06'),
(493, 9, 1, 67, 1, 8, 3, '2019-12-01 22:36:06'),
(494, 9, 1, 68, 1, 8, 3, '2019-12-01 22:36:06'),
(495, 9, 1, 69, 1, 8, 3, '2019-12-01 22:36:06'),
(496, 9, 1, 70, 1, 8, 3, '2019-12-01 22:36:06'),
(497, 9, 1, 71, 1, 8, 3, '2019-12-01 22:36:06'),
(498, 9, 1, 72, 1, 8, 3, '2019-12-01 22:36:06'),
(499, 9, 1, 73, 1, 8, 3, '2019-12-01 22:36:06'),
(500, 9, 1, 74, 1, 8, 3, '2019-12-01 22:36:06'),
(501, 9, 1, 75, 1, 8, 3, '2019-12-01 22:36:06'),
(502, 9, 1, 76, 1, 8, 3, '2019-12-01 22:36:06'),
(503, 9, 1, 77, 1, 8, 3, '2019-12-01 22:36:06'),
(504, 9, 1, 78, 1, 8, 3, '2019-12-01 22:36:06'),
(505, 9, 1, 79, 1, 8, 3, '2019-12-01 22:36:07'),
(506, 9, 1, 80, 1, 8, 3, '2019-12-01 22:36:07'),
(507, 9, 1, 81, 1, 8, 3, '2019-12-01 22:36:07'),
(508, 9, 1, 82, 1, 8, 3, '2019-12-01 22:36:07'),
(509, 9, 1, 83, 1, 8, 3, '2019-12-01 22:36:07'),
(510, 9, 1, 84, 1, 8, 3, '2019-12-01 22:36:07'),
(511, 9, 1, 85, 1, 8, 3, '2019-12-01 22:36:07'),
(512, 9, 1, 86, 1, 8, 3, '2019-12-01 22:36:07'),
(513, 9, 1, 87, 1, 8, 3, '2019-12-01 22:36:07'),
(514, 9, 1, 88, 1, 8, 3, '2019-12-01 22:36:07'),
(515, 9, 1, 89, 1, 8, 3, '2019-12-01 22:36:07'),
(516, 9, 1, 90, 1, 8, 3, '2019-12-01 22:36:07'),
(517, 9, 1, 91, 1, 8, 3, '2019-12-01 22:36:07'),
(518, 9, 1, 92, 1, 8, 3, '2019-12-01 22:36:07'),
(519, 9, 1, 93, 1, 8, 3, '2019-12-01 22:36:07'),
(520, 9, 1, 94, 1, 8, 3, '2019-12-01 22:36:07'),
(521, 9, 1, 95, 1, 8, 3, '2019-12-01 22:36:07'),
(522, 9, 1, 96, 1, 8, 3, '2019-12-01 22:36:07'),
(523, 9, 1, 97, 1, 8, 3, '2019-12-01 22:36:07'),
(524, 9, 1, 98, 1, 8, 3, '2019-12-01 22:36:07'),
(525, 9, 1, 99, 1, 8, 3, '2019-12-01 22:36:07'),
(526, 9, 1, 100, 1, 8, 3, '2019-12-01 22:36:07'),
(527, 9, 1, 101, 1, 8, 3, '2019-12-01 22:36:07'),
(528, 9, 1, 102, 1, 8, 3, '2019-12-01 22:36:07'),
(529, 9, 1, 103, 1, 8, 3, '2019-12-01 22:36:07'),
(530, 9, 1, 104, 1, 8, 3, '2019-12-01 22:36:07'),
(531, 9, 1, 105, 1, 8, 3, '2019-12-01 22:36:08'),
(532, 9, 1, 106, 1, 8, 3, '2019-12-01 22:36:08'),
(533, 9, 1, 107, 1, 8, 3, '2019-12-01 22:36:08'),
(534, 9, 1, 108, 1, 8, 3, '2019-12-01 22:36:08'),
(535, 9, 1, 109, 1, 8, 3, '2019-12-01 22:36:08'),
(536, 9, 1, 110, 1, 8, 3, '2019-12-01 22:36:08'),
(537, 9, 1, 111, 1, 8, 3, '2019-12-01 22:36:08'),
(538, 9, 1, 112, 1, 8, 3, '2019-12-01 22:36:08'),
(539, 9, 1, 113, 1, 8, 3, '2019-12-01 22:36:08'),
(540, 9, 1, 114, 1, 8, 3, '2019-12-01 22:36:08'),
(541, 9, 1, 115, 1, 8, 3, '2019-12-01 22:36:08'),
(542, 9, 1, 116, 1, 8, 3, '2019-12-01 22:36:08'),
(543, 9, 1, 117, 1, 8, 3, '2019-12-01 22:36:08'),
(544, 9, 1, 118, 1, 8, 3, '2019-12-01 22:36:08'),
(545, 9, 1, 119, 1, 8, 3, '2019-12-01 22:36:08'),
(546, 9, 1, 120, 1, 8, 3, '2019-12-01 22:36:08'),
(547, 9, 1, 121, 1, 8, 3, '2019-12-01 22:36:08'),
(548, 9, 1, 122, 1, 8, 3, '2019-12-01 22:36:08'),
(549, 9, 1, 123, 1, 8, 3, '2019-12-01 22:36:08'),
(550, 9, 1, 124, 1, 8, 3, '2019-12-01 22:36:08'),
(551, 9, 1, 125, 1, 8, 3, '2019-12-01 22:36:08'),
(552, 9, 1, 126, 1, 8, 3, '2019-12-01 22:36:08'),
(553, 9, 1, 127, 1, 8, 3, '2019-12-01 22:36:08'),
(554, 9, 1, 128, 1, 8, 3, '2019-12-01 22:36:08'),
(555, 9, 1, 129, 1, 8, 3, '2019-12-01 22:36:08'),
(556, 9, 1, 130, 1, 8, 3, '2019-12-01 22:36:08'),
(557, 9, 1, 131, 1, 8, 3, '2019-12-01 22:36:08'),
(558, 9, 1, 132, 1, 8, 3, '2019-12-01 22:36:08'),
(559, 9, 1, 133, 1, 8, 3, '2019-12-01 22:36:08'),
(560, 9, 1, 134, 1, 8, 3, '2019-12-01 22:36:08'),
(561, 9, 1, 135, 1, 8, 3, '2019-12-01 22:36:08'),
(562, 9, 1, 136, 1, 8, 3, '2019-12-01 22:36:09'),
(563, 9, 1, 137, 1, 8, 3, '2019-12-01 22:36:09'),
(564, 9, 1, 138, 1, 8, 3, '2019-12-01 22:36:09'),
(565, 10, 1, 139, 1, 17, 11, '2019-12-02 07:37:13'),
(566, 10, 1, 139, 1, 17, 11, '2019-12-02 07:37:13'),
(567, 10, 1, 139, 1, 17, 11, '2019-12-02 07:37:13'),
(568, 10, 1, 139, 1, 17, 11, '2019-12-02 07:37:13'),
(569, 10, 1, 139, 1, 17, 11, '2019-12-02 07:37:13'),
(570, 10, 1, 139, 1, 17, 11, '2019-12-02 07:37:13'),
(571, 10, 1, 139, 1, 17, 11, '2019-12-02 07:37:13'),
(572, 10, 1, 139, 1, 17, 11, '2019-12-02 07:37:13'),
(573, 10, 1, 139, 1, 17, 11, '2019-12-02 07:37:14'),
(574, 10, 1, 139, 1, 17, 11, '2019-12-02 07:37:14'),
(575, 10, 1, 140, 2, 8, 3, '2019-12-02 08:30:44'),
(576, 10, 1, 140, 2, 8, 12, '2019-12-02 08:34:37'),
(577, 10, 1, 140, 2, 8, 12, '2019-12-02 08:34:37'),
(578, 10, 1, 140, 2, 8, 12, '2019-12-02 08:34:37'),
(579, 10, 1, 140, 2, 8, 12, '2019-12-02 08:34:37'),
(580, 10, 1, 140, 2, 8, 12, '2019-12-02 08:34:37'),
(581, 10, 1, 140, 2, 8, 12, '2019-12-02 08:34:37'),
(582, 10, 1, 140, 2, 8, 12, '2019-12-02 08:34:37'),
(583, 10, 1, 140, 2, 8, 12, '2019-12-02 08:34:37'),
(584, 10, 1, 140, 2, 8, 12, '2019-12-02 08:34:37'),
(585, 10, 1, 140, 1, 8, 12, '2019-12-02 08:34:44'),
(586, 10, 1, 140, 1, 8, 12, '2019-12-02 08:34:44'),
(587, 10, 1, 140, 1, 8, 12, '2019-12-02 08:34:44'),
(588, 10, 1, 140, 1, 8, 12, '2019-12-02 08:34:44'),
(589, 10, 1, 140, 1, 8, 12, '2019-12-02 08:34:44'),
(590, 11, 1, 141, 1, 8, 12, '2019-12-02 08:34:54'),
(591, 12, 1, 189, 2, 4, 12, '2019-12-03 14:53:44'),
(592, 12, 1, 189, 2, 4, 12, '2019-12-03 14:53:44'),
(593, 12, 1, 189, 2, 4, 12, '2019-12-03 14:53:44'),
(594, 13, 1, 144, 1, 8, 12, '2019-12-02 16:39:44'),
(595, 13, 1, 140, 1, 8, 12, '2019-12-02 16:39:44'),
(596, 13, 1, 140, 1, 8, 12, '2019-12-02 16:39:44'),
(597, 13, 1, 140, 1, 8, 12, '2019-12-02 16:39:44'),
(598, 13, 1, 140, 1, 8, 12, '2019-12-02 16:39:44'),
(599, 13, 1, 145, 1, 8, 12, '2019-12-02 16:39:44'),
(600, 13, 1, 146, 1, 8, 12, '2019-12-02 16:39:44'),
(601, 13, 1, 146, 1, 8, 12, '2019-12-02 16:39:44'),
(602, 13, 1, 147, 1, 8, 12, '2019-12-02 16:39:45'),
(603, 13, 1, 148, 1, 8, 12, '2019-12-02 16:39:45'),
(604, 9, 1, 149, 1, 8, 3, '2019-12-01 00:00:00'),
(605, 9, 1, 150, 1, 8, 3, '2019-12-01 00:00:00'),
(606, 9, 1, 151, 1, 8, 3, '2019-12-01 00:00:00'),
(607, 9, 1, 152, 1, 8, 3, '2019-12-01 00:00:00'),
(608, 9, 1, 153, 1, 8, 3, '2019-12-01 00:00:00'),
(609, 9, 1, 154, 1, 8, 3, '2019-12-01 00:00:00'),
(610, 9, 1, 155, 1, 8, 3, '2019-12-01 00:00:00'),
(611, 14, 1, 157, 1, 8, 12, '2019-12-02 16:39:57'),
(612, 9, 1, 156, 1, 8, 3, '2019-12-01 00:00:00'),
(613, 15, 1, 158, 1, 8, 12, '2019-12-02 16:40:30'),
(614, 15, 1, 158, 1, 8, 12, '2019-12-02 16:40:30'),
(615, 15, 1, 158, 1, 8, 12, '2019-12-02 16:40:30'),
(616, 15, 1, 159, 1, 8, 12, '2019-12-02 16:40:30'),
(617, 15, 1, 160, 1, 8, 12, '2019-12-02 16:40:30'),
(618, 15, 1, 160, 1, 8, 12, '2019-12-02 16:40:30'),
(619, 15, 1, 160, 1, 8, 12, '2019-12-02 16:40:30'),
(620, 15, 1, 160, 1, 8, 12, '2019-12-02 16:40:30'),
(621, 16, 1, 161, 1, 8, 12, '2019-12-02 16:40:45'),
(622, 16, 1, 162, 1, 8, 12, '2019-12-02 16:40:45'),
(623, 15, 1, 160, 1, 8, 12, '2019-12-02 16:40:30'),
(624, 15, 1, 160, 1, 8, 12, '2019-12-02 16:40:30'),
(625, 15, 1, 160, 1, 8, 12, '2019-12-02 16:40:37'),
(626, 15, 1, 160, 1, 8, 12, '2019-12-02 16:40:37'),
(627, 15, 1, 160, 1, 8, 12, '2019-12-02 16:40:37'),
(628, 15, 1, 160, 1, 8, 12, '2019-12-02 16:40:37'),
(629, 17, 1, 163, 2, 8, 12, '2019-12-02 17:18:35'),
(630, 17, 1, 163, 2, 8, 12, '2019-12-02 17:18:35'),
(631, 17, 1, 163, 2, 8, 12, '2019-12-02 17:18:35'),
(632, 17, 1, 163, 2, 8, 12, '2019-12-02 17:18:35'),
(633, 17, 1, 163, 2, 8, 12, '2019-12-02 17:18:35'),
(634, 17, 1, 163, 2, 8, 12, '2019-12-02 17:18:35'),
(635, 17, 1, 163, 2, 8, 12, '2019-12-02 17:18:35'),
(636, 17, 1, 163, 2, 8, 12, '2019-12-02 17:18:35'),
(637, 17, 1, 163, 2, 8, 12, '2019-12-02 17:18:35'),
(638, 17, 1, 163, 2, 8, 12, '2019-12-02 17:18:35'),
(639, 18, 1, 171, 1, 8, 12, '2019-12-02 17:25:28'),
(640, 19, 1, 163, 2, 4, 12, '2019-12-03 14:52:59'),
(641, 19, 1, 163, 2, 4, 12, '2019-12-03 14:52:59'),
(642, 19, 1, 163, 2, 4, 12, '2019-12-03 14:52:59'),
(643, 19, 1, 163, 2, 4, 12, '2019-12-03 14:52:59'),
(644, 19, 1, 163, 2, 4, 12, '2019-12-03 14:52:59'),
(645, 19, 1, 165, 2, 4, 12, '2019-12-03 14:52:59'),
(646, 20, 1, 166, 1, 8, 25, '2019-12-02 22:08:34'),
(647, 20, 1, 167, 1, 17, 22, '2019-12-02 22:33:39'),
(648, 20, 1, 168, 1, 17, 22, '2019-12-02 22:34:26'),
(649, 21, 1, 169, 2, 8, 25, '2019-12-03 02:32:51'),
(650, 21, 1, 169, 2, 8, 25, '2019-12-03 02:32:51'),
(651, 21, 1, 169, 2, 8, 25, '2019-12-03 02:32:51'),
(652, 21, 1, 169, 2, 8, 25, '2019-12-03 02:32:51'),
(653, 21, 1, 169, 2, 8, 25, '2019-12-03 02:32:51'),
(654, 21, 1, 170, 1, 8, 25, '2019-12-03 02:33:36'),
(655, 21, 1, 171, 1, 8, 25, '2019-12-03 02:33:36'),
(656, 21, 1, 172, 2, 8, 25, '2019-12-03 02:33:36'),
(657, 21, 1, 173, 1, 8, 25, '2019-12-03 02:33:36'),
(658, 22, 1, 160, 1, 17, 22, '2019-12-03 02:29:13'),
(659, 22, 1, 174, 1, 8, 25, '2019-12-03 05:15:59'),
(660, 22, 1, 174, 1, 8, 25, '2019-12-03 05:16:00'),
(661, 23, 1, 175, 1, 8, 12, '2019-12-03 08:20:15'),
(662, 23, 1, 176, 1, 4, 12, '2019-12-03 08:20:15'),
(663, 23, 1, 176, 1, 4, 12, '2019-12-03 08:20:15'),
(664, 23, 1, 176, 1, 4, 12, '2019-12-03 08:20:15'),
(665, 23, 1, 176, 1, 4, 12, '2019-12-03 08:20:15'),
(666, 23, 1, 176, 1, 4, 12, '2019-12-03 08:20:16'),
(667, 23, 1, 176, 1, 4, 12, '2019-12-03 08:20:16'),
(668, 23, 1, 176, 1, 4, 12, '2019-12-03 08:20:16'),
(669, 23, 1, 176, 1, 4, 12, '2019-12-03 08:20:16'),
(670, 23, 1, 176, 1, 4, 12, '2019-12-03 08:20:16'),
(671, 23, 1, 176, 1, 8, 12, '2019-12-03 08:20:24'),
(672, 23, 1, 176, 1, 8, 12, '2019-12-03 08:20:24'),
(673, 23, 1, 176, 1, 8, 12, '2019-12-03 08:20:24'),
(674, 23, 1, 176, 1, 8, 12, '2019-12-03 08:20:24'),
(675, 23, 1, 177, 1, 4, 12, '2019-12-03 08:20:24'),
(676, 24, 1, 176, 2, 8, 12, '2019-12-03 10:00:50'),
(677, 24, 1, 176, 2, 8, 12, '2019-12-03 10:00:50'),
(678, 24, 1, 176, 2, 8, 12, '2019-12-03 10:00:50'),
(679, 24, 1, 176, 2, 8, 12, '2019-12-03 10:00:50'),
(680, 24, 1, 176, 2, 8, 12, '2019-12-03 10:00:51'),
(681, 24, 1, 178, 2, 8, 12, '2019-12-03 10:00:51'),
(682, 25, 1, 179, 1, 8, 12, '2019-12-03 10:08:40'),
(683, 25, 1, 179, 1, 8, 12, '2019-12-03 10:08:40'),
(684, 25, 1, 179, 1, 8, 12, '2019-12-03 10:08:40'),
(685, 25, 1, 160, 1, 8, 12, '2019-12-03 10:08:40'),
(686, 25, 1, 160, 1, 8, 12, '2019-12-03 10:08:40'),
(687, 25, 1, 160, 1, 8, 12, '2019-12-03 10:08:40'),
(688, 25, 1, 179, 1, 8, 12, '2019-12-03 10:08:40'),
(689, 25, 1, 179, 1, 8, 12, '2019-12-03 10:08:40'),
(690, 25, 1, 179, 1, 8, 12, '2019-12-03 10:08:40'),
(691, 25, 1, 180, 1, 8, 12, '2019-12-03 10:08:47'),
(692, 26, 1, 181, 1, 8, 12, '2019-12-03 10:41:19'),
(693, 26, 1, 182, 1, 8, 12, '2019-12-03 10:41:20'),
(694, 26, 1, 183, 2, 4, 12, '2019-12-03 10:41:20'),
(695, 25, 1, 184, 1, 8, 12, '2019-12-03 10:08:31'),
(696, 26, 1, 183, 2, 4, 12, '2019-12-03 10:41:20'),
(697, 26, 1, 183, 2, 4, 12, '2019-12-03 10:41:20'),
(698, 26, 1, 163, 1, 8, 12, '2019-12-03 10:41:20'),
(699, 26, 1, 163, 1, 8, 12, '2019-12-03 10:41:20'),
(700, 26, 1, 183, 2, 4, 12, '2019-12-03 10:41:20'),
(701, 26, 1, 183, 2, 4, 12, '2019-12-03 10:41:20'),
(702, 27, 1, 183, 1, 4, 12, '2019-12-03 11:10:14'),
(703, 27, 1, 183, 1, 4, 12, '2019-12-03 11:10:14'),
(704, 27, 1, 183, 1, 4, 12, '2019-12-03 11:10:14'),
(705, 27, 1, 183, 1, 4, 12, '2019-12-03 11:10:14'),
(706, 27, 1, 183, 1, 4, 12, '2019-12-03 11:10:14'),
(707, 27, 1, 185, 1, 4, 12, '2019-12-03 11:10:14'),
(708, 27, 1, 185, 1, 4, 12, '2019-12-03 11:10:14'),
(709, 26, 1, 183, 2, 4, 12, '2019-12-03 10:41:20'),
(710, 26, 1, 183, 2, 8, 12, '2019-12-03 10:41:30'),
(711, 26, 1, 183, 2, 8, 12, '2019-12-03 10:41:30'),
(712, 28, 1, 186, 1, 4, 3, '2019-12-02 08:38:56'),
(713, 28, 1, 187, 1, 4, 3, '2019-12-02 08:38:56'),
(714, 29, 1, 183, 1, 17, 11, '2019-12-03 10:49:58'),
(715, 29, 1, 185, 2, 17, 11, '2019-12-03 10:50:19'),
(716, 29, 1, 185, 1, 17, 11, '2019-12-03 10:50:43'),
(717, 29, 1, 183, 1, 17, 11, '2019-12-03 10:51:20'),
(718, 29, 1, 183, 1, 17, 11, '2019-12-03 10:51:37'),
(719, 29, 1, 183, 1, 17, 11, '2019-12-03 10:51:53'),
(720, 29, 1, 185, 2, 17, 11, '2019-12-03 10:52:13'),
(721, 29, 1, 183, 1, 17, 11, '2019-12-03 10:52:34'),
(722, 29, 1, 183, 2, 17, 11, '2019-12-03 10:52:55'),
(723, 27, 1, 185, 1, 4, 12, '2019-12-03 11:10:14'),
(724, 27, 1, 185, 1, 4, 12, '2019-12-03 11:10:14'),
(725, 27, 1, 185, 1, 4, 12, '2019-12-03 11:10:14'),
(726, 27, 1, 183, 1, 4, 12, '2019-12-03 11:10:26'),
(727, 27, 1, 183, 1, 17, 11, '2019-12-03 10:58:42'),
(728, 29, 1, 183, 1, 4, 12, '2019-12-03 11:55:00'),
(729, 29, 1, 183, 1, 4, 12, '2019-12-03 11:55:00'),
(730, 29, 1, 183, 1, 4, 12, '2019-12-03 11:55:00'),
(731, 29, 1, 183, 1, 4, 12, '2019-12-03 11:55:00'),
(732, 29, 1, 183, 1, 4, 12, '2019-12-03 11:55:00'),
(733, 29, 1, 185, 1, 4, 12, '2019-12-03 11:55:00'),
(734, 29, 1, 185, 1, 4, 12, '2019-12-03 11:55:00'),
(735, 29, 1, 185, 1, 4, 12, '2019-12-03 11:55:00'),
(736, 29, 1, 188, 1, 4, 12, '2019-12-03 11:55:00'),
(737, 29, 1, 176, 1, 4, 12, '2019-12-03 11:55:00'),
(738, 29, 1, 176, 1, 4, 12, '2019-12-03 11:55:08'),
(739, 29, 1, 176, 1, 4, 12, '2019-12-03 11:55:08'),
(740, 29, 1, 176, 1, 4, 12, '2019-12-03 11:55:08'),
(741, 30, 1, 176, 1, 4, 12, '2019-12-03 13:53:11'),
(742, 30, 1, 176, 1, 4, 12, '2019-12-03 13:53:11'),
(743, 30, 1, 176, 1, 4, 12, '2019-12-03 13:53:11'),
(744, 30, 1, 190, 1, 4, 12, '2019-12-03 13:53:11'),
(745, 30, 1, 191, 1, 4, 12, '2019-12-03 13:53:11'),
(746, 30, 1, 176, 2, 4, 12, '2019-12-03 13:53:11'),
(747, 30, 1, 191, 1, 4, 12, '2019-12-03 13:53:11'),
(748, 30, 1, 185, 2, 4, 12, '2019-12-03 13:53:11'),
(749, 30, 1, 185, 2, 4, 12, '2019-12-03 13:53:11'),
(750, 30, 1, 192, 1, 17, 11, '2019-12-03 13:23:01'),
(751, 30, 1, 191, 1, 4, 12, '2019-12-03 13:53:11'),
(752, 30, 1, 191, 1, 4, 12, '2019-12-03 13:53:20'),
(753, 30, 1, 191, 1, 4, 12, '2019-12-03 13:53:20'),
(754, 30, 1, 191, 1, 4, 12, '2019-12-03 13:53:20'),
(755, 31, 1, 176, 1, 4, 12, '2019-12-03 14:11:21'),
(756, 31, 1, 176, 1, 4, 12, '2019-12-03 14:11:21'),
(757, 31, 1, 191, 1, 17, 11, '2019-12-03 13:56:32'),
(758, 31, 1, 191, 1, 4, 12, '2019-12-03 14:11:21'),
(759, 31, 1, 191, 1, 4, 12, '2019-12-03 14:11:21'),
(760, 31, 1, 191, 1, 4, 12, '2019-12-03 14:11:22'),
(761, 31, 1, 191, 1, 4, 12, '2019-12-03 14:11:22'),
(762, 31, 1, 191, 1, 4, 12, '2019-12-03 14:11:27'),
(763, 31, 1, 191, 1, 4, 12, '2019-12-03 14:11:27'),
(764, 31, 1, 191, 1, 4, 12, '2019-12-03 14:11:27'),
(765, 31, 1, 191, 1, 4, 12, '2019-12-03 14:11:27'),
(766, 31, 1, 191, 1, 4, 12, '2019-12-03 14:11:13'),
(767, 31, 1, 185, 1, 4, 12, '2019-12-03 14:11:13'),
(768, 31, 1, 185, 1, 4, 12, '2019-12-03 14:11:13'),
(769, 31, 1, 185, 1, 4, 12, '2019-12-03 14:11:13'),
(770, 32, 1, 191, 1, 4, 12, '2019-12-03 14:56:39'),
(771, 32, 1, 176, 1, 4, 12, '2019-12-03 14:56:39'),
(772, 32, 1, 176, 1, 4, 12, '2019-12-03 14:56:39'),
(773, 32, 1, 193, 1, 4, 12, '2019-12-03 14:56:39'),
(774, 32, 1, 176, 1, 4, 12, '2019-12-03 14:56:39'),
(775, 32, 1, 185, 1, 4, 12, '2019-12-03 14:56:39'),
(776, 32, 1, 185, 2, 4, 12, '2019-12-03 14:56:39'),
(777, 32, 1, 185, 2, 4, 12, '2019-12-03 14:56:39'),
(778, 32, 1, 185, 2, 4, 12, '2019-12-03 14:56:39'),
(779, 32, 1, 176, 1, 4, 12, '2019-12-03 14:56:39'),
(780, 32, 1, 176, 1, 4, 12, '2019-12-03 14:56:46'),
(781, 32, 1, 194, 1, 4, 12, '2019-12-03 14:56:46'),
(782, 32, 1, 185, 2, 4, 12, '2019-12-03 14:56:46'),
(783, 33, 1, 185, 2, 4, 12, '2019-12-03 16:25:49'),
(784, 33, 1, 185, 2, 4, 12, '2019-12-03 16:25:49'),
(785, 33, 1, 185, 2, 4, 12, '2019-12-03 16:25:49'),
(786, 33, 1, 185, 2, 4, 12, '2019-12-03 16:25:49'),
(787, 33, 1, 185, 2, 4, 12, '2019-12-03 16:25:49'),
(788, 33, 1, 185, 2, 4, 12, '2019-12-03 16:25:49'),
(789, 33, 1, 185, 2, 4, 12, '2019-12-03 16:25:49'),
(790, 33, 1, 183, 1, 4, 12, '2019-12-03 16:25:49'),
(791, 33, 1, 183, 1, 4, 12, '2019-12-03 16:25:49'),
(792, 33, 1, 183, 1, 4, 12, '2019-12-03 16:25:49'),
(793, 33, 1, 185, 2, 4, 12, '2019-12-03 16:25:56'),
(794, 33, 1, 185, 2, 4, 12, '2019-12-03 16:25:56'),
(795, 33, 1, 185, 2, 4, 12, '2019-12-03 16:25:56'),
(796, 33, 1, 183, 1, 4, 12, '2019-12-03 16:25:56'),
(797, 34, 1, 185, 2, 4, 12, '2019-12-03 17:35:38'),
(798, 34, 1, 185, 2, 4, 12, '2019-12-03 17:35:38'),
(799, 34, 1, 185, 2, 4, 12, '2019-12-03 17:35:38'),
(800, 34, 1, 185, 2, 4, 12, '2019-12-03 17:35:38'),
(801, 34, 1, 185, 2, 4, 12, '2019-12-03 17:35:38'),
(802, 34, 1, 195, 1, 4, 12, '2019-12-03 17:35:38'),
(803, 34, 1, 185, 2, 4, 12, '2019-12-03 17:35:38'),
(804, 34, 1, 185, 2, 4, 12, '2019-12-03 17:35:38'),
(805, 34, 1, 185, 2, 4, 12, '2019-12-03 17:35:38'),
(806, 34, 1, 185, 2, 4, 12, '2019-12-03 17:35:38'),
(807, 34, 1, 185, 2, 4, 12, '2019-12-03 17:35:44'),
(808, 34, 1, 195, 1, 4, 12, '2019-12-03 17:35:44'),
(809, 34, 1, 185, 2, 4, 12, '2019-12-03 17:35:44'),
(810, 34, 1, 185, 2, 14, 11, '2019-12-03 17:35:42'),
(811, 34, 1, 195, 1, 14, 11, '2019-12-03 17:37:02');

-- --------------------------------------------------------

--
-- Estructura de tabla para la tabla `palletcajasestatus`
--

CREATE TABLE `palletcajasestatus` (
  `idpalletcajasestatus` int(11) NOT NULL,
  `idpalletcajas` int(11) NOT NULL,
  `idmotivorechazo` int(11) NOT NULL,
  `notas` varchar(250) DEFAULT NULL,
  `idusuario` int(11) NOT NULL,
  `fecharegistro` datetime NOT NULL
) ENGINE=InnoDB DEFAULT CHARSET=latin1;

-- --------------------------------------------------------

--
-- Estructura de tabla para la tabla `palletcajasproceso`
--

CREATE TABLE `palletcajasproceso` (
  `idpalletcajasproceso` int(11) NOT NULL,
  `idpalletcajas` int(11) NOT NULL,
  `idestatus` int(11) NOT NULL,
  `idusuario` int(11) NOT NULL,
  `fecharegistro` datetime NOT NULL
) ENGINE=InnoDB DEFAULT CHARSET=latin1;

--
-- Volcado de datos para la tabla `palletcajasproceso`
--

INSERT INTO `palletcajasproceso` (`idpalletcajasproceso`, `idpalletcajas`, `idestatus`, `idusuario`, `fecharegistro`) VALUES
(1, 565, 17, 11, '2019-12-02 07:43:32'),
(2, 566, 17, 11, '2019-12-02 07:43:32'),
(3, 567, 17, 11, '2019-12-02 07:43:33'),
(4, 568, 17, 11, '2019-12-02 07:43:33'),
(5, 569, 17, 11, '2019-12-02 07:43:33'),
(6, 570, 17, 11, '2019-12-02 07:43:33'),
(7, 571, 17, 11, '2019-12-02 07:43:33'),
(8, 572, 17, 11, '2019-12-02 07:43:33'),
(9, 573, 17, 11, '2019-12-02 07:43:33'),
(10, 574, 17, 11, '2019-12-02 07:43:33'),
(11, 575, 1, 11, '2019-12-02 07:54:16'),
(12, 576, 1, 11, '2019-12-02 07:54:20'),
(13, 577, 1, 11, '2019-12-02 07:55:40'),
(14, 578, 1, 11, '2019-12-02 07:55:43'),
(15, 579, 1, 11, '2019-12-02 07:55:47'),
(16, 580, 1, 11, '2019-12-02 07:55:51'),
(17, 581, 1, 11, '2019-12-02 07:55:55'),
(18, 582, 1, 11, '2019-12-02 07:55:59'),
(19, 583, 1, 11, '2019-12-02 07:56:03'),
(20, 584, 1, 11, '2019-12-02 07:56:07'),
(21, 585, 1, 11, '2019-12-02 07:56:15'),
(22, 586, 1, 11, '2019-12-02 07:56:23'),
(23, 588, 1, 11, '2019-12-02 07:56:29'),
(24, 589, 1, 11, '2019-12-02 07:56:36'),
(25, 587, 1, 11, '2019-12-02 07:56:45'),
(26, 590, 1, 11, '2019-12-02 08:05:03'),
(27, 575, 4, 3, '2019-12-02 08:30:44'),
(28, 576, 4, 12, '2019-12-02 08:34:37'),
(29, 577, 4, 12, '2019-12-02 08:34:37'),
(30, 578, 4, 12, '2019-12-02 08:34:37'),
(31, 579, 4, 12, '2019-12-02 08:34:37'),
(32, 580, 4, 12, '2019-12-02 08:34:37'),
(33, 581, 4, 12, '2019-12-02 08:34:37'),
(34, 582, 4, 12, '2019-12-02 08:34:37'),
(35, 583, 4, 12, '2019-12-02 08:34:37'),
(36, 584, 4, 12, '2019-12-02 08:34:38'),
(37, 585, 4, 12, '2019-12-02 08:34:44'),
(38, 586, 4, 12, '2019-12-02 08:34:44'),
(39, 587, 4, 12, '2019-12-02 08:34:44'),
(40, 588, 4, 12, '2019-12-02 08:34:44'),
(41, 589, 4, 12, '2019-12-02 08:34:44'),
(42, 590, 4, 12, '2019-12-02 08:34:54'),
(43, 591, 1, 11, '2019-12-02 08:53:24'),
(44, 591, 1, 11, '2019-12-02 08:53:24'),
(45, 592, 1, 11, '2019-12-02 08:53:50'),
(46, 593, 1, 11, '2019-12-02 08:54:26'),
(47, 594, 1, 11, '2019-12-02 11:27:06'),
(48, 595, 1, 11, '2019-12-02 11:27:16'),
(49, 596, 1, 11, '2019-12-02 11:27:27'),
(50, 597, 1, 11, '2019-12-02 11:27:50'),
(51, 598, 1, 11, '2019-12-02 11:28:00'),
(52, 599, 1, 11, '2019-12-02 11:28:13'),
(53, 600, 1, 11, '2019-12-02 11:58:39'),
(54, 602, 1, 11, '2019-12-02 11:58:45'),
(55, 601, 1, 11, '2019-12-02 11:58:50'),
(56, 603, 1, 11, '2019-12-02 11:58:56'),
(57, 611, 1, 11, '2019-12-02 13:05:29'),
(58, 613, 1, 11, '2019-12-02 14:06:19'),
(59, 614, 1, 11, '2019-12-02 14:06:23'),
(60, 615, 1, 11, '2019-12-02 14:06:27'),
(61, 616, 1, 11, '2019-12-02 14:06:31'),
(62, 621, 1, 11, '2019-12-02 15:36:20'),
(63, 622, 1, 11, '2019-12-02 15:36:43'),
(64, 617, 1, 11, '2019-12-02 15:43:32'),
(65, 618, 1, 11, '2019-12-02 15:43:36'),
(66, 619, 1, 11, '2019-12-02 15:43:43'),
(67, 620, 1, 11, '2019-12-02 15:43:47'),
(68, 623, 1, 11, '2019-12-02 15:43:51'),
(69, 624, 1, 11, '2019-12-02 15:43:54'),
(70, 625, 1, 11, '2019-12-02 15:44:04'),
(71, 627, 1, 11, '2019-12-02 15:44:10'),
(72, 628, 1, 11, '2019-12-02 15:44:16'),
(73, 626, 1, 11, '2019-12-02 15:44:24'),
(74, 594, 4, 12, '2019-12-02 16:39:45'),
(75, 595, 4, 12, '2019-12-02 16:39:45'),
(76, 596, 4, 12, '2019-12-02 16:39:45'),
(77, 597, 4, 12, '2019-12-02 16:39:45'),
(78, 598, 4, 12, '2019-12-02 16:39:45'),
(79, 599, 4, 12, '2019-12-02 16:39:45'),
(80, 600, 4, 12, '2019-12-02 16:39:45'),
(81, 601, 4, 12, '2019-12-02 16:39:45'),
(82, 602, 4, 12, '2019-12-02 16:39:45'),
(83, 603, 4, 12, '2019-12-02 16:39:45'),
(84, 611, 4, 12, '2019-12-02 16:39:57'),
(85, 613, 4, 12, '2019-12-02 16:40:30'),
(86, 614, 4, 12, '2019-12-02 16:40:30'),
(87, 615, 4, 12, '2019-12-02 16:40:30'),
(88, 616, 4, 12, '2019-12-02 16:40:30'),
(89, 617, 4, 12, '2019-12-02 16:40:30'),
(90, 618, 4, 12, '2019-12-02 16:40:30'),
(91, 619, 4, 12, '2019-12-02 16:40:30'),
(92, 620, 4, 12, '2019-12-02 16:40:30'),
(93, 623, 4, 12, '2019-12-02 16:40:30'),
(94, 624, 4, 12, '2019-12-02 16:40:30'),
(95, 625, 4, 12, '2019-12-02 16:40:37'),
(96, 626, 4, 12, '2019-12-02 16:40:37'),
(97, 627, 4, 12, '2019-12-02 16:40:37'),
(98, 628, 4, 12, '2019-12-02 16:40:37'),
(99, 621, 4, 12, '2019-12-02 16:40:45'),
(100, 622, 4, 12, '2019-12-02 16:40:45'),
(101, 629, 1, 11, '2019-12-02 16:47:02'),
(102, 630, 1, 11, '2019-12-02 16:47:28'),
(103, 630, 1, 11, '2019-12-02 16:47:28'),
(104, 631, 1, 11, '2019-12-02 16:47:40'),
(105, 632, 1, 11, '2019-12-02 16:47:51'),
(106, 633, 1, 11, '2019-12-02 16:48:17'),
(107, 634, 1, 11, '2019-12-02 16:48:24'),
(108, 635, 1, 11, '2019-12-02 16:48:39'),
(109, 636, 1, 11, '2019-12-02 16:48:51'),
(110, 637, 1, 11, '2019-12-02 16:51:59'),
(111, 638, 1, 11, '2019-12-02 16:52:26'),
(112, 629, 4, 12, '2019-12-02 17:18:35'),
(113, 630, 4, 12, '2019-12-02 17:18:35'),
(114, 631, 4, 12, '2019-12-02 17:18:35'),
(115, 632, 4, 12, '2019-12-02 17:18:35'),
(116, 633, 4, 12, '2019-12-02 17:18:35'),
(117, 634, 4, 12, '2019-12-02 17:18:35'),
(118, 635, 4, 12, '2019-12-02 17:18:35'),
(119, 636, 4, 12, '2019-12-02 17:18:35'),
(120, 637, 4, 12, '2019-12-02 17:18:35'),
(121, 638, 4, 12, '2019-12-02 17:18:35'),
(122, 639, 1, 11, '2019-12-02 17:21:58'),
(123, 639, 4, 12, '2019-12-02 17:25:28'),
(124, 640, 1, 11, '2019-12-02 18:00:31'),
(125, 641, 1, 11, '2019-12-02 18:00:43'),
(126, 642, 1, 11, '2019-12-02 18:00:56'),
(127, 643, 1, 11, '2019-12-02 18:01:08'),
(128, 644, 1, 11, '2019-12-02 18:01:20'),
(129, 645, 1, 11, '2019-12-02 18:04:55'),
(130, 646, 1, 22, '2019-12-02 22:01:34'),
(131, 646, 4, 25, '2019-12-02 22:08:34'),
(132, 647, 17, 22, '2019-12-02 22:43:26'),
(133, 648, 17, 22, '2019-12-02 22:43:29'),
(134, 649, 1, 22, '2019-12-03 02:16:57'),
(135, 656, 1, 22, '2019-12-03 02:17:18'),
(136, 650, 1, 22, '2019-12-03 02:17:38'),
(137, 651, 1, 22, '2019-12-03 02:18:06'),
(138, 652, 1, 22, '2019-12-03 02:18:29'),
(139, 653, 1, 22, '2019-12-03 02:18:51'),
(140, 655, 1, 22, '2019-12-03 02:19:05'),
(141, 654, 1, 22, '2019-12-03 02:19:15'),
(142, 657, 1, 22, '2019-12-03 02:20:14'),
(143, 649, 4, 25, '2019-12-03 02:32:51'),
(144, 650, 4, 25, '2019-12-03 02:32:51'),
(145, 651, 4, 25, '2019-12-03 02:32:51'),
(146, 652, 4, 25, '2019-12-03 02:32:51'),
(147, 653, 4, 25, '2019-12-03 02:32:51'),
(148, 654, 4, 25, '2019-12-03 02:33:36'),
(149, 655, 4, 25, '2019-12-03 02:33:36'),
(150, 656, 4, 25, '2019-12-03 02:33:36'),
(151, 657, 4, 25, '2019-12-03 02:33:36'),
(152, 658, 17, 22, '2019-12-03 03:47:28'),
(153, 659, 1, 22, '2019-12-03 05:12:42'),
(154, 660, 1, 22, '2019-12-03 05:12:58'),
(155, 659, 4, 25, '2019-12-03 05:16:00'),
(156, 660, 4, 25, '2019-12-03 05:16:00'),
(157, 661, 1, 11, '2019-12-03 07:47:46'),
(158, 662, 1, 11, '2019-12-03 07:48:26'),
(159, 663, 1, 11, '2019-12-03 07:48:33'),
(160, 665, 1, 11, '2019-12-03 07:48:39'),
(161, 666, 1, 11, '2019-12-03 07:48:46'),
(162, 664, 1, 11, '2019-12-03 07:48:50'),
(163, 667, 1, 11, '2019-12-03 07:49:05'),
(164, 668, 1, 11, '2019-12-03 07:49:10'),
(165, 669, 1, 11, '2019-12-03 07:49:14'),
(166, 670, 1, 11, '2019-12-03 07:49:39'),
(167, 671, 1, 11, '2019-12-03 08:00:21'),
(168, 672, 1, 11, '2019-12-03 08:00:28'),
(169, 673, 1, 11, '2019-12-03 08:00:34'),
(170, 674, 1, 11, '2019-12-03 08:01:02'),
(171, 675, 1, 11, '2019-12-03 08:04:29'),
(172, 661, 4, 12, '2019-12-03 08:20:16'),
(173, 662, 4, 12, '2019-12-03 08:20:16'),
(174, 663, 4, 12, '2019-12-03 08:20:16'),
(175, 664, 4, 12, '2019-12-03 08:20:16'),
(176, 665, 4, 12, '2019-12-03 08:20:16'),
(177, 666, 4, 12, '2019-12-03 08:20:16'),
(178, 667, 4, 12, '2019-12-03 08:20:16'),
(179, 668, 4, 12, '2019-12-03 08:20:16'),
(180, 669, 4, 12, '2019-12-03 08:20:16'),
(181, 670, 4, 12, '2019-12-03 08:20:16'),
(182, 671, 4, 12, '2019-12-03 08:20:24'),
(183, 672, 4, 12, '2019-12-03 08:20:24'),
(184, 673, 4, 12, '2019-12-03 08:20:24'),
(185, 674, 4, 12, '2019-12-03 08:20:24'),
(186, 675, 4, 12, '2019-12-03 08:20:24'),
(187, 676, 1, 11, '2019-12-03 08:30:23'),
(188, 677, 1, 11, '2019-12-03 08:30:32'),
(189, 678, 1, 11, '2019-12-03 08:30:40'),
(190, 679, 1, 11, '2019-12-03 08:30:49'),
(191, 680, 1, 11, '2019-12-03 08:30:59'),
(192, 681, 1, 11, '2019-12-03 08:37:57'),
(193, 685, 1, 11, '2019-12-03 08:53:52'),
(194, 686, 1, 11, '2019-12-03 08:53:58'),
(195, 687, 1, 11, '2019-12-03 08:54:01'),
(196, 682, 1, 11, '2019-12-03 08:54:12'),
(197, 684, 1, 11, '2019-12-03 08:54:16'),
(198, 683, 1, 11, '2019-12-03 08:54:20'),
(199, 688, 1, 11, '2019-12-03 08:54:24'),
(200, 689, 1, 11, '2019-12-03 08:55:41'),
(201, 690, 1, 11, '2019-12-03 09:15:09'),
(202, 691, 1, 11, '2019-12-03 09:15:14'),
(203, 695, 1, 11, '2019-12-03 09:59:02'),
(204, 676, 4, 12, '2019-12-03 10:00:51'),
(205, 677, 4, 12, '2019-12-03 10:00:51'),
(206, 678, 4, 12, '2019-12-03 10:00:51'),
(207, 679, 4, 12, '2019-12-03 10:00:51'),
(208, 680, 4, 12, '2019-12-03 10:00:51'),
(209, 681, 4, 12, '2019-12-03 10:00:51'),
(210, 695, 4, 12, '2019-12-03 10:08:31'),
(211, 695, 4, 12, '2019-12-03 10:08:31'),
(212, 695, 4, 12, '2019-12-03 10:08:31'),
(213, 695, 4, 12, '2019-12-03 10:08:31'),
(214, 682, 4, 12, '2019-12-03 10:08:40'),
(215, 683, 4, 12, '2019-12-03 10:08:40'),
(216, 684, 4, 12, '2019-12-03 10:08:40'),
(217, 685, 4, 12, '2019-12-03 10:08:40'),
(218, 686, 4, 12, '2019-12-03 10:08:40'),
(219, 687, 4, 12, '2019-12-03 10:08:40'),
(220, 688, 4, 12, '2019-12-03 10:08:40'),
(221, 689, 4, 12, '2019-12-03 10:08:40'),
(222, 690, 4, 12, '2019-12-03 10:08:40'),
(223, 691, 4, 12, '2019-12-03 10:08:48'),
(224, 585, 8, 21, '2019-12-03 10:17:11'),
(225, 586, 8, 21, '2019-12-03 10:17:11'),
(226, 587, 8, 21, '2019-12-03 10:17:11'),
(227, 588, 8, 21, '2019-12-03 10:17:11'),
(228, 589, 8, 21, '2019-12-03 10:17:11'),
(229, 585, 2, 21, '2019-12-03 10:17:11'),
(230, 586, 2, 21, '2019-12-03 10:17:11'),
(231, 587, 2, 21, '2019-12-03 10:17:11'),
(232, 588, 2, 21, '2019-12-03 10:17:11'),
(233, 589, 2, 21, '2019-12-03 10:17:11'),
(234, 575, 8, 3, '2019-12-03 10:20:08'),
(235, 575, 2, 3, '2019-12-03 10:20:08'),
(236, 575, 8, 3, '2019-12-03 10:20:25'),
(237, 575, 2, 3, '2019-12-03 10:20:25'),
(238, 576, 8, 3, '2019-12-03 10:20:52'),
(239, 577, 8, 3, '2019-12-03 10:20:52'),
(240, 578, 8, 3, '2019-12-03 10:20:52'),
(241, 579, 8, 3, '2019-12-03 10:20:52'),
(242, 580, 8, 3, '2019-12-03 10:20:52'),
(243, 581, 8, 3, '2019-12-03 10:20:52'),
(244, 582, 8, 3, '2019-12-03 10:20:52'),
(245, 583, 8, 3, '2019-12-03 10:20:52'),
(246, 584, 8, 3, '2019-12-03 10:20:52'),
(247, 576, 2, 3, '2019-12-03 10:20:52'),
(248, 577, 2, 3, '2019-12-03 10:20:52'),
(249, 578, 2, 3, '2019-12-03 10:20:52'),
(250, 579, 2, 3, '2019-12-03 10:20:52'),
(251, 580, 2, 3, '2019-12-03 10:20:52'),
(252, 581, 2, 3, '2019-12-03 10:20:53'),
(253, 582, 2, 3, '2019-12-03 10:20:53'),
(254, 583, 2, 3, '2019-12-03 10:20:53'),
(255, 584, 2, 3, '2019-12-03 10:20:53'),
(256, 692, 1, 11, '2019-12-03 10:22:20'),
(257, 692, 1, 11, '2019-12-03 10:22:20'),
(258, 692, 1, 11, '2019-12-03 10:22:20'),
(259, 693, 1, 11, '2019-12-03 10:22:56'),
(260, 693, 1, 11, '2019-12-03 10:22:57'),
(261, 693, 1, 11, '2019-12-03 10:22:57'),
(262, 694, 1, 11, '2019-12-03 10:24:24'),
(263, 696, 1, 11, '2019-12-03 10:25:18'),
(264, 697, 1, 11, '2019-12-03 10:25:34'),
(265, 590, 8, 21, '2019-12-03 10:25:44'),
(266, 590, 2, 21, '2019-12-03 10:25:44'),
(267, 700, 1, 11, '2019-12-03 10:27:05'),
(268, 594, 8, 21, '2019-12-03 10:27:06'),
(269, 595, 8, 21, '2019-12-03 10:27:06'),
(270, 596, 8, 21, '2019-12-03 10:27:06'),
(271, 597, 8, 21, '2019-12-03 10:27:07'),
(272, 598, 8, 21, '2019-12-03 10:27:07'),
(273, 599, 8, 21, '2019-12-03 10:27:07'),
(274, 600, 8, 21, '2019-12-03 10:27:07'),
(275, 601, 8, 21, '2019-12-03 10:27:07'),
(276, 602, 8, 21, '2019-12-03 10:27:07'),
(277, 603, 8, 21, '2019-12-03 10:27:07'),
(278, 594, 2, 21, '2019-12-03 10:27:07'),
(279, 595, 2, 21, '2019-12-03 10:27:07'),
(280, 596, 2, 21, '2019-12-03 10:27:07'),
(281, 597, 2, 21, '2019-12-03 10:27:07'),
(282, 598, 2, 21, '2019-12-03 10:27:07'),
(283, 599, 2, 21, '2019-12-03 10:27:07'),
(284, 600, 2, 21, '2019-12-03 10:27:07'),
(285, 601, 2, 21, '2019-12-03 10:27:07'),
(286, 602, 2, 21, '2019-12-03 10:27:07'),
(287, 603, 2, 21, '2019-12-03 10:27:07'),
(288, 698, 1, 11, '2019-12-03 10:27:16'),
(289, 707, 1, 11, '2019-12-03 10:28:23'),
(290, 708, 1, 11, '2019-12-03 10:28:28'),
(291, 701, 1, 11, '2019-12-03 10:28:31'),
(292, 709, 1, 11, '2019-12-03 10:29:07'),
(293, 699, 1, 11, '2019-12-03 10:29:17'),
(294, 710, 1, 11, '2019-12-03 10:30:12'),
(295, 710, 1, 11, '2019-12-03 10:30:12'),
(296, 710, 1, 11, '2019-12-03 10:30:12'),
(297, 711, 1, 11, '2019-12-03 10:30:54'),
(298, 712, 1, 11, '2019-12-03 10:38:06'),
(299, 713, 1, 11, '2019-12-03 10:38:12'),
(300, 712, 4, 3, '2019-12-03 10:38:56'),
(301, 713, 4, 3, '2019-12-03 10:38:56'),
(302, 692, 4, 12, '2019-12-03 10:41:20'),
(303, 693, 4, 12, '2019-12-03 10:41:20'),
(304, 694, 4, 12, '2019-12-03 10:41:20'),
(305, 696, 4, 12, '2019-12-03 10:41:20'),
(306, 697, 4, 12, '2019-12-03 10:41:20'),
(307, 698, 4, 12, '2019-12-03 10:41:20'),
(308, 699, 4, 12, '2019-12-03 10:41:20'),
(309, 700, 4, 12, '2019-12-03 10:41:20'),
(310, 701, 4, 12, '2019-12-03 10:41:20'),
(311, 709, 4, 12, '2019-12-03 10:41:20'),
(312, 710, 4, 12, '2019-12-03 10:41:30'),
(313, 711, 4, 12, '2019-12-03 10:41:31'),
(314, 723, 1, 11, '2019-12-03 10:58:05'),
(315, 724, 1, 11, '2019-12-03 10:58:10'),
(316, 725, 1, 11, '2019-12-03 10:58:15'),
(317, 714, 17, 11, '2019-12-03 10:58:27'),
(318, 715, 17, 11, '2019-12-03 10:58:27'),
(319, 716, 17, 11, '2019-12-03 10:58:27'),
(320, 717, 17, 11, '2019-12-03 10:58:27'),
(321, 718, 17, 11, '2019-12-03 10:58:28'),
(322, 719, 17, 11, '2019-12-03 10:58:28'),
(323, 720, 17, 11, '2019-12-03 10:58:28'),
(324, 721, 17, 11, '2019-12-03 10:58:28'),
(325, 722, 17, 11, '2019-12-03 10:58:28'),
(326, 702, 1, 11, '2019-12-03 11:02:28'),
(327, 702, 1, 11, '2019-12-03 11:02:28'),
(328, 703, 1, 11, '2019-12-03 11:02:32'),
(329, 704, 1, 11, '2019-12-03 11:02:36'),
(330, 705, 1, 11, '2019-12-03 11:02:40'),
(331, 706, 1, 11, '2019-12-03 11:02:44'),
(332, 726, 1, 11, '2019-12-03 11:02:51'),
(333, 727, 17, 11, '2019-12-03 11:02:55'),
(334, 728, 1, 11, '2019-12-03 11:08:37'),
(335, 729, 1, 11, '2019-12-03 11:08:57'),
(336, 730, 1, 11, '2019-12-03 11:09:01'),
(337, 732, 1, 11, '2019-12-03 11:09:05'),
(338, 731, 1, 11, '2019-12-03 11:09:08'),
(339, 702, 4, 12, '2019-12-03 11:10:15'),
(340, 703, 4, 12, '2019-12-03 11:10:15'),
(341, 704, 4, 12, '2019-12-03 11:10:15'),
(342, 705, 4, 12, '2019-12-03 11:10:15'),
(343, 706, 4, 12, '2019-12-03 11:10:15'),
(344, 707, 4, 12, '2019-12-03 11:10:15'),
(345, 708, 4, 12, '2019-12-03 11:10:15'),
(346, 723, 4, 12, '2019-12-03 11:10:15'),
(347, 724, 4, 12, '2019-12-03 11:10:15'),
(348, 725, 4, 12, '2019-12-03 11:10:15'),
(349, 726, 4, 12, '2019-12-03 11:10:26'),
(350, 733, 1, 11, '2019-12-03 11:18:46'),
(351, 734, 1, 11, '2019-12-03 11:18:51'),
(352, 735, 1, 11, '2019-12-03 11:18:55'),
(353, 736, 1, 11, '2019-12-03 11:19:22'),
(354, 737, 1, 11, '2019-12-03 11:37:51'),
(355, 738, 1, 11, '2019-12-03 11:37:58'),
(356, 739, 1, 11, '2019-12-03 11:38:08'),
(357, 740, 1, 11, '2019-12-03 11:38:15'),
(358, 728, 4, 12, '2019-12-03 11:55:00'),
(359, 729, 4, 12, '2019-12-03 11:55:00'),
(360, 730, 4, 12, '2019-12-03 11:55:00'),
(361, 731, 4, 12, '2019-12-03 11:55:00'),
(362, 732, 4, 12, '2019-12-03 11:55:00'),
(363, 733, 4, 12, '2019-12-03 11:55:00'),
(364, 734, 4, 12, '2019-12-03 11:55:00'),
(365, 735, 4, 12, '2019-12-03 11:55:00'),
(366, 736, 4, 12, '2019-12-03 11:55:00'),
(367, 737, 4, 12, '2019-12-03 11:55:00'),
(368, 728, 4, 12, '2019-12-03 11:55:00'),
(369, 729, 4, 12, '2019-12-03 11:55:00'),
(370, 730, 4, 12, '2019-12-03 11:55:00'),
(371, 731, 4, 12, '2019-12-03 11:55:00'),
(372, 732, 4, 12, '2019-12-03 11:55:00'),
(373, 733, 4, 12, '2019-12-03 11:55:00'),
(374, 734, 4, 12, '2019-12-03 11:55:00'),
(375, 735, 4, 12, '2019-12-03 11:55:00'),
(376, 736, 4, 12, '2019-12-03 11:55:00'),
(377, 737, 4, 12, '2019-12-03 11:55:00'),
(378, 738, 4, 12, '2019-12-03 11:55:08'),
(379, 739, 4, 12, '2019-12-03 11:55:08'),
(380, 740, 4, 12, '2019-12-03 11:55:08'),
(381, 747, 1, 11, '2019-12-03 13:13:40'),
(382, 741, 1, 11, '2019-12-03 13:14:00'),
(383, 745, 1, 11, '2019-12-03 13:14:25'),
(384, 745, 1, 11, '2019-12-03 13:14:25'),
(385, 744, 1, 11, '2019-12-03 13:15:18'),
(386, 744, 1, 11, '2019-12-03 13:15:18'),
(387, 744, 1, 11, '2019-12-03 13:15:18'),
(388, 742, 1, 11, '2019-12-03 13:15:29'),
(389, 743, 1, 11, '2019-12-03 13:15:39'),
(390, 746, 1, 11, '2019-12-03 13:15:51'),
(391, 750, 17, 11, '2019-12-03 13:25:53'),
(392, 748, 1, 11, '2019-12-03 13:49:29'),
(393, 749, 1, 11, '2019-12-03 13:49:35'),
(394, 752, 1, 11, '2019-12-03 13:49:44'),
(395, 754, 1, 11, '2019-12-03 13:49:52'),
(396, 753, 1, 11, '2019-12-03 13:49:59'),
(397, 751, 1, 11, '2019-12-03 13:50:05'),
(398, 741, 4, 12, '2019-12-03 13:53:11'),
(399, 742, 4, 12, '2019-12-03 13:53:11'),
(400, 743, 4, 12, '2019-12-03 13:53:11'),
(401, 744, 4, 12, '2019-12-03 13:53:12'),
(402, 745, 4, 12, '2019-12-03 13:53:12'),
(403, 746, 4, 12, '2019-12-03 13:53:12'),
(404, 747, 4, 12, '2019-12-03 13:53:12'),
(405, 748, 4, 12, '2019-12-03 13:53:12'),
(406, 749, 4, 12, '2019-12-03 13:53:12'),
(407, 751, 4, 12, '2019-12-03 13:53:12'),
(408, 752, 4, 12, '2019-12-03 13:53:20'),
(409, 753, 4, 12, '2019-12-03 13:53:20'),
(410, 754, 4, 12, '2019-12-03 13:53:20'),
(411, 611, 8, 21, '2019-12-03 13:55:16'),
(412, 611, 2, 21, '2019-12-03 13:55:16'),
(413, 755, 1, 11, '2019-12-03 13:55:38'),
(414, 756, 1, 11, '2019-12-03 13:55:41'),
(415, 613, 8, 21, '2019-12-03 13:56:35'),
(416, 614, 8, 21, '2019-12-03 13:56:35'),
(417, 615, 8, 21, '2019-12-03 13:56:35'),
(418, 613, 2, 21, '2019-12-03 13:56:35'),
(419, 614, 2, 21, '2019-12-03 13:56:35'),
(420, 615, 2, 21, '2019-12-03 13:56:35'),
(421, 625, 8, 21, '2019-12-03 13:56:57'),
(422, 626, 8, 21, '2019-12-03 13:56:58'),
(423, 627, 8, 21, '2019-12-03 13:56:58'),
(424, 628, 8, 21, '2019-12-03 13:56:58'),
(425, 625, 2, 21, '2019-12-03 13:56:58'),
(426, 626, 2, 21, '2019-12-03 13:56:58'),
(427, 627, 2, 21, '2019-12-03 13:56:58'),
(428, 628, 2, 21, '2019-12-03 13:56:58'),
(429, 616, 8, 21, '2019-12-03 13:57:32'),
(430, 617, 8, 21, '2019-12-03 13:57:32'),
(431, 618, 8, 21, '2019-12-03 13:57:32'),
(432, 619, 8, 21, '2019-12-03 13:57:32'),
(433, 620, 8, 21, '2019-12-03 13:57:32'),
(434, 623, 8, 21, '2019-12-03 13:57:32'),
(435, 624, 8, 21, '2019-12-03 13:57:32'),
(436, 616, 2, 21, '2019-12-03 13:57:32'),
(437, 617, 2, 21, '2019-12-03 13:57:32'),
(438, 618, 2, 21, '2019-12-03 13:57:32'),
(439, 619, 2, 21, '2019-12-03 13:57:32'),
(440, 620, 2, 21, '2019-12-03 13:57:32'),
(441, 623, 2, 21, '2019-12-03 13:57:32'),
(442, 624, 2, 21, '2019-12-03 13:57:32'),
(443, 621, 8, 21, '2019-12-03 13:58:06'),
(444, 622, 8, 21, '2019-12-03 13:58:07'),
(445, 621, 2, 21, '2019-12-03 13:58:07'),
(446, 622, 2, 21, '2019-12-03 13:58:07'),
(447, 629, 8, 21, '2019-12-03 13:58:36'),
(448, 630, 8, 21, '2019-12-03 13:58:36'),
(449, 631, 8, 21, '2019-12-03 13:58:36'),
(450, 632, 8, 21, '2019-12-03 13:58:36'),
(451, 633, 8, 21, '2019-12-03 13:58:36'),
(452, 634, 8, 21, '2019-12-03 13:58:36'),
(453, 635, 8, 21, '2019-12-03 13:58:36'),
(454, 636, 8, 21, '2019-12-03 13:58:36'),
(455, 637, 8, 21, '2019-12-03 13:58:36'),
(456, 638, 8, 21, '2019-12-03 13:58:36'),
(457, 629, 2, 21, '2019-12-03 13:58:36'),
(458, 630, 2, 21, '2019-12-03 13:58:36'),
(459, 631, 2, 21, '2019-12-03 13:58:36'),
(460, 632, 2, 21, '2019-12-03 13:58:36'),
(461, 633, 2, 21, '2019-12-03 13:58:37'),
(462, 634, 2, 21, '2019-12-03 13:58:37'),
(463, 635, 2, 21, '2019-12-03 13:58:37'),
(464, 636, 2, 21, '2019-12-03 13:58:37'),
(465, 637, 2, 21, '2019-12-03 13:58:37'),
(466, 638, 2, 21, '2019-12-03 13:58:37'),
(467, 639, 8, 21, '2019-12-03 13:59:05'),
(468, 639, 2, 21, '2019-12-03 13:59:05'),
(469, 646, 8, 21, '2019-12-03 14:00:02'),
(470, 646, 2, 21, '2019-12-03 14:00:02'),
(471, 767, 1, 11, '2019-12-03 14:00:19'),
(472, 768, 1, 11, '2019-12-03 14:00:34'),
(473, 649, 8, 21, '2019-12-03 14:00:37'),
(474, 650, 8, 21, '2019-12-03 14:00:37'),
(475, 651, 8, 21, '2019-12-03 14:00:37'),
(476, 652, 8, 21, '2019-12-03 14:00:37'),
(477, 653, 8, 21, '2019-12-03 14:00:37'),
(478, 649, 2, 21, '2019-12-03 14:00:37'),
(479, 650, 2, 21, '2019-12-03 14:00:37'),
(480, 651, 2, 21, '2019-12-03 14:00:37'),
(481, 652, 2, 21, '2019-12-03 14:00:37'),
(482, 653, 2, 21, '2019-12-03 14:00:37'),
(483, 769, 1, 11, '2019-12-03 14:00:40'),
(484, 757, 17, 11, '2019-12-03 14:07:29'),
(485, 758, 1, 11, '2019-12-03 14:07:38'),
(486, 759, 1, 11, '2019-12-03 14:07:42'),
(487, 760, 1, 11, '2019-12-03 14:07:47'),
(488, 761, 1, 11, '2019-12-03 14:07:53'),
(489, 762, 1, 11, '2019-12-03 14:07:58'),
(490, 763, 1, 11, '2019-12-03 14:08:03'),
(491, 764, 1, 11, '2019-12-03 14:08:10'),
(492, 765, 1, 11, '2019-12-03 14:08:16'),
(493, 766, 1, 11, '2019-12-03 14:08:26'),
(494, 766, 4, 12, '2019-12-03 14:11:13'),
(495, 767, 4, 12, '2019-12-03 14:11:13'),
(496, 768, 4, 12, '2019-12-03 14:11:13'),
(497, 769, 4, 12, '2019-12-03 14:11:13'),
(498, 755, 4, 12, '2019-12-03 14:11:22'),
(499, 756, 4, 12, '2019-12-03 14:11:22'),
(500, 758, 4, 12, '2019-12-03 14:11:22'),
(501, 759, 4, 12, '2019-12-03 14:11:22'),
(502, 760, 4, 12, '2019-12-03 14:11:22'),
(503, 761, 4, 12, '2019-12-03 14:11:22'),
(504, 762, 4, 12, '2019-12-03 14:11:27'),
(505, 763, 4, 12, '2019-12-03 14:11:27'),
(506, 764, 4, 12, '2019-12-03 14:11:27'),
(507, 765, 4, 12, '2019-12-03 14:11:27'),
(508, 654, 8, 21, '2019-12-03 14:32:02'),
(509, 655, 8, 21, '2019-12-03 14:32:02'),
(510, 654, 2, 21, '2019-12-03 14:32:02'),
(511, 655, 2, 21, '2019-12-03 14:32:02'),
(512, 656, 8, 21, '2019-12-03 14:32:23'),
(513, 656, 2, 21, '2019-12-03 14:32:23'),
(514, 657, 8, 21, '2019-12-03 14:32:34'),
(515, 657, 2, 21, '2019-12-03 14:32:34'),
(516, 659, 8, 21, '2019-12-03 14:32:58'),
(517, 660, 8, 21, '2019-12-03 14:32:58'),
(518, 659, 2, 21, '2019-12-03 14:32:58'),
(519, 660, 2, 21, '2019-12-03 14:32:58'),
(520, 661, 8, 21, '2019-12-03 14:37:24'),
(521, 661, 2, 21, '2019-12-03 14:37:24'),
(522, 671, 8, 21, '2019-12-03 14:37:48'),
(523, 672, 8, 21, '2019-12-03 14:37:48'),
(524, 673, 8, 21, '2019-12-03 14:37:48'),
(525, 674, 8, 21, '2019-12-03 14:37:48'),
(526, 671, 2, 21, '2019-12-03 14:37:48'),
(527, 672, 2, 21, '2019-12-03 14:37:48'),
(528, 673, 2, 21, '2019-12-03 14:37:48'),
(529, 674, 2, 21, '2019-12-03 14:37:48'),
(530, 671, 8, 21, '2019-12-03 14:38:09'),
(531, 672, 8, 21, '2019-12-03 14:38:09'),
(532, 673, 8, 21, '2019-12-03 14:38:09'),
(533, 674, 8, 21, '2019-12-03 14:38:09'),
(534, 671, 2, 21, '2019-12-03 14:38:09'),
(535, 672, 2, 21, '2019-12-03 14:38:09'),
(536, 673, 2, 21, '2019-12-03 14:38:09'),
(537, 674, 2, 21, '2019-12-03 14:38:09'),
(538, 671, 8, 21, '2019-12-03 14:38:58'),
(539, 672, 8, 21, '2019-12-03 14:38:58'),
(540, 673, 8, 21, '2019-12-03 14:38:58'),
(541, 674, 8, 21, '2019-12-03 14:38:58'),
(542, 671, 2, 21, '2019-12-03 14:38:58'),
(543, 672, 2, 21, '2019-12-03 14:38:58'),
(544, 673, 2, 21, '2019-12-03 14:38:58'),
(545, 674, 2, 21, '2019-12-03 14:38:58'),
(546, 676, 8, 21, '2019-12-03 14:39:29'),
(547, 677, 8, 21, '2019-12-03 14:39:29'),
(548, 678, 8, 21, '2019-12-03 14:39:29'),
(549, 679, 8, 21, '2019-12-03 14:39:29'),
(550, 680, 8, 21, '2019-12-03 14:39:29'),
(551, 681, 8, 21, '2019-12-03 14:39:29'),
(552, 676, 2, 21, '2019-12-03 14:39:29'),
(553, 677, 2, 21, '2019-12-03 14:39:29'),
(554, 678, 2, 21, '2019-12-03 14:39:29'),
(555, 679, 2, 21, '2019-12-03 14:39:29'),
(556, 680, 2, 21, '2019-12-03 14:39:29'),
(557, 681, 2, 21, '2019-12-03 14:39:29'),
(558, 682, 8, 21, '2019-12-03 14:40:02'),
(559, 683, 8, 21, '2019-12-03 14:40:02'),
(560, 684, 8, 21, '2019-12-03 14:40:02'),
(561, 685, 8, 21, '2019-12-03 14:40:02'),
(562, 686, 8, 21, '2019-12-03 14:40:02'),
(563, 687, 8, 21, '2019-12-03 14:40:02'),
(564, 688, 8, 21, '2019-12-03 14:40:02'),
(565, 689, 8, 21, '2019-12-03 14:40:02'),
(566, 690, 8, 21, '2019-12-03 14:40:02'),
(567, 691, 8, 21, '2019-12-03 14:40:02'),
(568, 682, 2, 21, '2019-12-03 14:40:02'),
(569, 683, 2, 21, '2019-12-03 14:40:02'),
(570, 684, 2, 21, '2019-12-03 14:40:02'),
(571, 685, 2, 21, '2019-12-03 14:40:02'),
(572, 686, 2, 21, '2019-12-03 14:40:02'),
(573, 687, 2, 21, '2019-12-03 14:40:03'),
(574, 688, 2, 21, '2019-12-03 14:40:03'),
(575, 689, 2, 21, '2019-12-03 14:40:03'),
(576, 690, 2, 21, '2019-12-03 14:40:03'),
(577, 691, 2, 21, '2019-12-03 14:40:03'),
(578, 695, 8, 21, '2019-12-03 14:40:24'),
(579, 695, 2, 21, '2019-12-03 14:40:24'),
(580, 698, 8, 21, '2019-12-03 14:40:56'),
(581, 699, 8, 21, '2019-12-03 14:40:56'),
(582, 698, 2, 21, '2019-12-03 14:40:56'),
(583, 699, 2, 21, '2019-12-03 14:40:56'),
(584, 692, 8, 21, '2019-12-03 14:41:11'),
(585, 692, 2, 21, '2019-12-03 14:41:11'),
(586, 770, 1, 11, '2019-12-03 14:41:23'),
(587, 693, 8, 21, '2019-12-03 14:41:32'),
(588, 693, 2, 21, '2019-12-03 14:41:32'),
(589, 771, 1, 11, '2019-12-03 14:41:47'),
(590, 710, 8, 21, '2019-12-03 14:41:57'),
(591, 711, 8, 21, '2019-12-03 14:41:57'),
(592, 710, 2, 21, '2019-12-03 14:41:57'),
(593, 711, 2, 21, '2019-12-03 14:41:57'),
(594, 710, 8, 21, '2019-12-03 14:42:16'),
(595, 711, 8, 21, '2019-12-03 14:42:16'),
(596, 710, 2, 21, '2019-12-03 14:42:16'),
(597, 711, 2, 21, '2019-12-03 14:42:16'),
(598, 772, 1, 11, '2019-12-03 14:42:30'),
(599, 772, 1, 11, '2019-12-03 14:42:30'),
(600, 773, 1, 11, '2019-12-03 14:42:38'),
(601, 774, 1, 11, '2019-12-03 14:42:53'),
(602, 775, 1, 11, '2019-12-03 14:43:05'),
(603, 776, 1, 11, '2019-12-03 14:43:26'),
(604, 777, 1, 11, '2019-12-03 14:43:43'),
(605, 778, 1, 11, '2019-12-03 14:44:31'),
(606, 779, 1, 11, '2019-12-03 14:45:56'),
(607, 779, 1, 11, '2019-12-03 14:45:56'),
(608, 782, 1, 11, '2019-12-03 14:47:02'),
(609, 780, 1, 11, '2019-12-03 14:50:18'),
(610, 780, 1, 11, '2019-12-03 14:50:18'),
(611, 781, 1, 11, '2019-12-03 14:50:35'),
(612, 640, 4, 12, '2019-12-03 14:52:59'),
(613, 641, 4, 12, '2019-12-03 14:53:00'),
(614, 642, 4, 12, '2019-12-03 14:53:00'),
(615, 643, 4, 12, '2019-12-03 14:53:00'),
(616, 644, 4, 12, '2019-12-03 14:53:00'),
(617, 645, 4, 12, '2019-12-03 14:53:00'),
(618, 591, 4, 12, '2019-12-03 14:53:44'),
(619, 592, 4, 12, '2019-12-03 14:53:44'),
(620, 593, 4, 12, '2019-12-03 14:53:44'),
(621, 770, 4, 12, '2019-12-03 14:56:39'),
(622, 771, 4, 12, '2019-12-03 14:56:40'),
(623, 772, 4, 12, '2019-12-03 14:56:40'),
(624, 773, 4, 12, '2019-12-03 14:56:40'),
(625, 774, 4, 12, '2019-12-03 14:56:40'),
(626, 775, 4, 12, '2019-12-03 14:56:40'),
(627, 776, 4, 12, '2019-12-03 14:56:40'),
(628, 777, 4, 12, '2019-12-03 14:56:40'),
(629, 778, 4, 12, '2019-12-03 14:56:40'),
(630, 779, 4, 12, '2019-12-03 14:56:40'),
(631, 780, 4, 12, '2019-12-03 14:56:46'),
(632, 781, 4, 12, '2019-12-03 14:56:47'),
(633, 782, 4, 12, '2019-12-03 14:56:47'),
(634, 783, 1, 11, '2019-12-03 15:56:42'),
(635, 784, 1, 11, '2019-12-03 15:56:51'),
(636, 785, 1, 11, '2019-12-03 15:56:59'),
(637, 786, 1, 11, '2019-12-03 15:57:06'),
(638, 787, 1, 11, '2019-12-03 15:57:14'),
(639, 788, 1, 11, '2019-12-03 15:57:23'),
(640, 789, 1, 11, '2019-12-03 15:57:31'),
(641, 790, 1, 11, '2019-12-03 16:08:39'),
(642, 791, 1, 11, '2019-12-03 16:09:07'),
(643, 791, 1, 11, '2019-12-03 16:09:07'),
(644, 792, 1, 11, '2019-12-03 16:09:19'),
(645, 796, 1, 11, '2019-12-03 16:19:24'),
(646, 793, 1, 11, '2019-12-03 16:19:40'),
(647, 795, 1, 11, '2019-12-03 16:20:04'),
(648, 794, 1, 11, '2019-12-03 16:22:04'),
(649, 783, 4, 12, '2019-12-03 16:25:49'),
(650, 784, 4, 12, '2019-12-03 16:25:49'),
(651, 785, 4, 12, '2019-12-03 16:25:49'),
(652, 786, 4, 12, '2019-12-03 16:25:49'),
(653, 787, 4, 12, '2019-12-03 16:25:49'),
(654, 788, 4, 12, '2019-12-03 16:25:49'),
(655, 789, 4, 12, '2019-12-03 16:25:49'),
(656, 790, 4, 12, '2019-12-03 16:25:49'),
(657, 791, 4, 12, '2019-12-03 16:25:49'),
(658, 792, 4, 12, '2019-12-03 16:25:49'),
(659, 793, 4, 12, '2019-12-03 16:25:56'),
(660, 794, 4, 12, '2019-12-03 16:25:56'),
(661, 795, 4, 12, '2019-12-03 16:25:56'),
(662, 796, 4, 12, '2019-12-03 16:25:56'),
(663, 797, 1, 11, '2019-12-03 17:19:26'),
(664, 798, 1, 11, '2019-12-03 17:19:35'),
(665, 799, 1, 11, '2019-12-03 17:19:43'),
(666, 800, 1, 11, '2019-12-03 17:19:53'),
(667, 802, 1, 11, '2019-12-03 17:20:08'),
(668, 801, 1, 11, '2019-12-03 17:20:28'),
(669, 803, 1, 11, '2019-12-03 17:20:46'),
(670, 804, 1, 11, '2019-12-03 17:21:01'),
(671, 805, 1, 11, '2019-12-03 17:21:11'),
(672, 806, 1, 11, '2019-12-03 17:32:02'),
(673, 807, 1, 11, '2019-12-03 17:32:14'),
(674, 808, 1, 11, '2019-12-03 17:33:34'),
(675, 809, 1, 11, '2019-12-03 17:34:36'),
(676, 797, 4, 12, '2019-12-03 17:35:38'),
(677, 798, 4, 12, '2019-12-03 17:35:38'),
(678, 799, 4, 12, '2019-12-03 17:35:38'),
(679, 800, 4, 12, '2019-12-03 17:35:38'),
(680, 801, 4, 12, '2019-12-03 17:35:38'),
(681, 802, 4, 12, '2019-12-03 17:35:38'),
(682, 803, 4, 12, '2019-12-03 17:35:38'),
(683, 804, 4, 12, '2019-12-03 17:35:38'),
(684, 805, 4, 12, '2019-12-03 17:35:38'),
(685, 806, 4, 12, '2019-12-03 17:35:38'),
(686, 797, 4, 12, '2019-12-03 17:35:38'),
(687, 798, 4, 12, '2019-12-03 17:35:38'),
(688, 799, 4, 12, '2019-12-03 17:35:38'),
(689, 800, 4, 12, '2019-12-03 17:35:38'),
(690, 801, 4, 12, '2019-12-03 17:35:38'),
(691, 802, 4, 12, '2019-12-03 17:35:38'),
(692, 803, 4, 12, '2019-12-03 17:35:38'),
(693, 804, 4, 12, '2019-12-03 17:35:38'),
(694, 805, 4, 12, '2019-12-03 17:35:38'),
(695, 806, 4, 12, '2019-12-03 17:35:38'),
(696, 807, 4, 12, '2019-12-03 17:35:44'),
(697, 808, 4, 12, '2019-12-03 17:35:44'),
(698, 809, 4, 12, '2019-12-03 17:35:44');

-- --------------------------------------------------------

--
-- Estructura de tabla para la tabla `parte`
--

CREATE TABLE `parte` (
  `idparte` int(11) NOT NULL,
  `numeroparte` varchar(200) NOT NULL,
  `idcliente` int(11) NOT NULL,
  `idcategoria` int(11) NOT NULL,
  `idusuario` int(11) NOT NULL,
  `activo` tinyint(1) NOT NULL,
  `fecharegistro` datetime DEFAULT NULL
) ENGINE=InnoDB DEFAULT CHARSET=latin1;

--
-- Volcado de datos para la tabla `parte`
--

INSERT INTO `parte` (`idparte`, `numeroparte`, `idcliente`, `idcategoria`, `idusuario`, `activo`, `fecharegistro`) VALUES
(63, 'SW32-130-LG-C', 1, 7, 3, 1, '0000-00-00 00:00:00'),
(6841, 'ANTIDOTOMEX', 2, 1, 3, 1, '2019-11-04 12:36:18'),
(6842, 'ACE BOX 16\"', 41, 1, 3, 1, '2019-11-04 12:36:18'),
(6843, 'PAD 406-311', 41, 1, 3, 1, '2019-11-04 12:36:18'),
(6844, 'BOX SPECK', 41, 1, 3, 1, '2019-11-04 12:36:19'),
(6845, 'PAD 625*428', 41, 1, 3, 1, '2019-11-04 12:36:19'),
(6846, 'ACE BOX 24\"', 41, 1, 3, 1, '2019-11-04 12:36:19'),
(6847, 'BOX HTNA', 41, 1, 3, 1, '2019-11-04 12:36:19'),
(6848, 'P.I MABE', 3, 1, 3, 1, '2019-11-04 12:36:19'),
(6849, '1150982-ALEN', 3, 1, 3, 1, '2019-11-04 12:36:19'),
(6850, 'BIO-PAPPEL-5', 3, 1, 3, 1, '2019-11-04 12:36:19'),
(6851, 'BIO-PAPPEL-3', 3, 1, 3, 1, '2019-11-04 12:36:20'),
(6852, 'BIO-PAPPEL-4', 3, 1, 3, 1, '2019-11-04 12:36:20'),
(6853, 'BIO-ALEN', 3, 1, 3, 1, '2019-11-04 12:36:20'),
(6854, 'BREG', 5, 1, 3, 1, '2019-11-04 12:36:20'),
(6855, 'CS010005 (BREG)', 5, 1, 3, 1, '2019-11-04 12:36:20'),
(6856, 'BOX HD', 6, 1, 3, 1, '2019-11-04 12:36:20'),
(6857, '15X15X10', 6, 1, 3, 1, '2019-11-04 12:36:20'),
(6858, 'DISPLAY', 7, 1, 3, 1, '2019-11-04 12:36:20'),
(6859, 'CMPM-C001', 8, 1, 3, 1, '2019-11-04 12:36:20'),
(6860, 'CMPM-TMB', 8, 1, 3, 1, '2019-11-04 12:36:20'),
(6861, 'CMPM-D001', 8, 1, 3, 1, '2019-11-04 12:36:20'),
(6862, 'CMPM-D003', 8, 1, 3, 1, '2019-11-04 12:36:20'),
(6863, 'CMPM-D002', 8, 1, 3, 1, '2019-11-04 12:36:21'),
(6864, 'CMPM-P001', 8, 1, 3, 1, '2019-11-04 12:36:21'),
(6865, 'CMPM-TIB', 8, 1, 3, 1, '2019-11-04 12:36:21'),
(6866, 'BR01BC064503100 (RASTAFRI-50)', 9, 1, 3, 1, '2019-11-04 12:36:21'),
(6867, 'AFB SILKY (CT BOX)', 9, 1, 3, 1, '2019-11-04 12:36:21'),
(6868, 'CLASSIC JUMBO', 9, 1, 3, 1, '2019-11-04 12:36:21'),
(6869, 'BR01BC065303102-JUMBO 50', 9, 1, 3, 1, '2019-11-04 12:36:21'),
(6870, '????? (RAPUNSEL 50)', 9, 1, 3, 1, '2019-11-04 12:36:21'),
(6871, '????? (TRIPLE 50)', 9, 1, 3, 1, '2019-11-04 12:36:21'),
(6872, 'BR01CB012608598 (RASTAFRI SEPA)', 9, 1, 3, 1, '2019-11-04 12:36:21'),
(6873, 'BR01CB012608500(JUMBO-SEPA)', 9, 1, 3, 1, '2019-11-04 12:36:21'),
(6874, 'MCTN-L2G808-3', 10, 1, 3, 1, '2019-11-04 12:36:22'),
(6875, 'PK514058EN', 10, 1, 3, 1, '2019-11-04 12:36:22'),
(6876, 'PK514031EN', 10, 1, 3, 1, '2019-11-04 12:36:22'),
(6877, 'PK520054ML', 10, 1, 3, 1, '2019-11-04 12:36:22'),
(6878, 'PK517023EN', 10, 1, 3, 1, '2019-11-04 12:36:22'),
(6879, 'PK520049ML', 10, 1, 3, 1, '2019-11-04 12:36:22'),
(6880, 'PK518549ML', 10, 1, 3, 1, '2019-11-04 12:36:22'),
(6881, 'PK517024EN', 10, 1, 3, 1, '2019-11-04 12:36:22'),
(6882, 'PK517027EN', 10, 1, 3, 1, '2019-11-04 12:36:22'),
(6883, 'PK517029EN', 10, 1, 3, 1, '2019-11-04 12:36:22'),
(6884, 'PK518248ML', 10, 1, 3, 1, '2019-11-04 12:36:22'),
(6885, 'PK517028EN', 10, 1, 3, 1, '2019-11-04 12:36:22'),
(6886, 'PK517021EN', 10, 1, 3, 1, '2019-11-04 12:36:23'),
(6887, 'S4649CTN', 10, 1, 3, 1, '2019-11-04 12:36:23'),
(6888, 'PK514029EN', 10, 1, 3, 1, '2019-11-04 12:36:23'),
(6889, 'PK517094ML', 10, 1, 3, 1, '2019-11-04 12:36:23'),
(6890, 'PK517061EN', 10, 1, 3, 1, '2019-11-04 12:36:23'),
(6891, 'PK517080ML', 10, 1, 3, 1, '2019-11-04 12:36:23'),
(6892, 'PK517086ML', 10, 1, 3, 1, '2019-11-04 12:36:23'),
(6893, 'PK517084ML', 10, 1, 3, 1, '2019-11-04 12:36:23'),
(6894, 'PK517078ML', 10, 1, 3, 1, '2019-11-04 12:36:23'),
(6895, 'PK517082ML', 10, 1, 3, 1, '2019-11-04 12:36:23'),
(6896, '78754CTN', 10, 1, 3, 1, '2019-11-04 12:36:23'),
(6897, 'PK517030EN', 10, 1, 3, 1, '2019-11-04 12:36:24'),
(6898, 'PK517060EN', 10, 1, 3, 1, '2019-11-04 12:36:24'),
(6899, '1583CTN', 10, 1, 3, 1, '2019-11-04 12:36:24'),
(6900, 'PK526329ML', 10, 1, 3, 1, '2019-11-04 12:36:24'),
(6901, 'PK520053ML', 10, 1, 3, 1, '2019-11-04 12:36:24'),
(6902, 'PK517063EN', 10, 1, 3, 1, '2019-11-04 12:36:24'),
(6903, 'PK520074ML', 10, 1, 3, 1, '2019-11-04 12:36:24'),
(6904, 'PK517020EN', 10, 1, 3, 1, '2019-11-04 12:36:24'),
(6905, 'PK517053EN', 10, 1, 3, 1, '2019-11-04 12:36:24'),
(6906, 'PK520073ML', 10, 1, 3, 1, '2019-11-04 12:36:24'),
(6907, '12644872', 10, 1, 3, 1, '2019-11-04 12:36:24'),
(6908, '76665', 10, 1, 3, 1, '2019-11-04 12:36:24'),
(6909, 'PK527672ML', 10, 1, 3, 1, '2019-11-04 12:36:25'),
(6910, 'PK520134ML', 10, 1, 3, 1, '2019-11-04 12:36:25'),
(6911, '76181CTN', 10, 1, 3, 1, '2019-11-04 12:36:25'),
(6912, 'PK517083ML', 10, 1, 3, 1, '2019-11-04 12:36:25'),
(6913, 'PK518787ML', 10, 1, 3, 1, '2019-11-04 12:36:25'),
(6914, 'PK527673ML', 10, 1, 3, 1, '2019-11-04 12:36:25'),
(6915, 'PK517033EN', 10, 1, 3, 1, '2019-11-04 12:36:25'),
(6916, 'PK517081EN', 10, 1, 3, 1, '2019-11-04 12:36:25'),
(6917, 'PK517052EN', 10, 1, 3, 1, '2019-11-04 12:36:25'),
(6918, 'PK520142ML', 10, 1, 3, 1, '2019-11-04 12:36:25'),
(6919, 'PK520133ML', 10, 1, 3, 1, '2019-11-04 12:36:25'),
(6920, 'PK517031EN', 10, 1, 3, 1, '2019-11-04 12:36:26'),
(6921, 'PK517092ML', 10, 1, 3, 1, '2019-11-04 12:36:26'),
(6922, 'PK520141ML', 10, 1, 3, 1, '2019-11-04 12:36:26'),
(6923, 'PK517079ML', 10, 1, 3, 1, '2019-11-04 12:36:26'),
(6924, 'PK520080ML', 10, 1, 3, 1, '2019-11-04 12:36:26'),
(6925, 'PK518796ML', 10, 1, 3, 1, '2019-11-04 12:36:26'),
(6926, 'PK517022EN', 10, 1, 3, 1, '2019-11-04 12:36:26'),
(6927, 'PK518264ML', 10, 1, 3, 1, '2019-11-04 12:36:26'),
(6928, 'PK517032EN', 10, 1, 3, 1, '2019-11-04 12:36:26'),
(6929, 'PK517073ML', 10, 1, 3, 1, '2019-11-04 12:36:26'),
(6930, 'PK520078ML', 10, 1, 3, 1, '2019-11-04 12:36:26'),
(6931, 'PK517076EN', 10, 1, 3, 1, '2019-11-04 12:36:26'),
(6932, 'PK517077ML', 10, 1, 3, 1, '2019-11-04 12:36:26'),
(6933, 'PK518788ML', 10, 1, 3, 1, '2019-11-04 12:36:27'),
(6934, 'PK517025EN', 10, 1, 3, 1, '2019-11-04 12:36:27'),
(6935, 'PK517091ML', 10, 1, 3, 1, '2019-11-04 12:36:27'),
(6936, 'PK517034EN', 10, 1, 3, 1, '2019-11-04 12:36:27'),
(6937, 'PK520079ML', 10, 1, 3, 1, '2019-11-04 12:36:27'),
(6938, '76481EUF', 10, 1, 3, 1, '2019-11-04 12:36:27'),
(6939, '76101', 10, 1, 3, 1, '2019-11-04 12:36:27'),
(6940, '76108', 10, 1, 3, 1, '2019-11-04 12:36:27'),
(6941, 'CLP0010868I', 10, 1, 3, 1, '2019-11-04 12:36:28'),
(6942, 'CTN160832', 10, 1, 3, 1, '2019-11-04 12:36:28'),
(6943, 'CTN160836', 10, 1, 3, 1, '2019-11-04 12:36:28'),
(6944, 'PK520059ML', 10, 1, 3, 1, '2019-11-04 12:36:28'),
(6945, 'PK526219 ML', 10, 1, 3, 1, '2019-11-04 12:36:28'),
(6946, 'CLP0011046I', 10, 1, 3, 1, '2019-11-04 12:36:28'),
(6947, 'P/N', 10, 1, 3, 1, '2019-11-04 12:36:28'),
(6948, 'CLP0011073I', 10, 1, 3, 1, '2019-11-04 12:36:28'),
(6949, 'CLP 0011073 I', 10, 1, 3, 1, '2019-11-04 12:36:28'),
(6950, 'CP EMPAGAES', 10, 1, 3, 1, '2019-11-04 12:36:28'),
(6951, '78733CTN', 10, 1, 3, 1, '2019-11-04 12:36:29'),
(6952, 'PK 76627', 10, 1, 3, 1, '2019-11-04 12:36:29'),
(6953, '12508953', 10, 1, 3, 1, '2019-11-04 12:36:29'),
(6954, 'PK520132 ML', 10, 1, 3, 1, '2019-11-04 12:36:29'),
(6955, 'CLP0011070C', 10, 1, 3, 1, '2019-11-04 12:36:29'),
(6956, 'MCTN-L2G808-4', 10, 1, 3, 1, '2019-11-04 12:36:29'),
(6957, '12633411', 10, 1, 3, 1, '2019-11-04 12:36:29'),
(6958, 'PAD 44X44', 10, 1, 3, 1, '2019-11-04 12:36:29'),
(6959, 'CTN76119', 10, 1, 3, 1, '2019-11-04 12:36:29'),
(6960, 'PK517034ML', 10, 1, 3, 1, '2019-11-04 12:36:29'),
(6961, 'BOX 13X13X13', 10, 1, 3, 1, '2019-11-04 12:36:29'),
(6962, 'BOX 16X16X16', 10, 1, 3, 1, '2019-11-04 12:36:30'),
(6963, 'BOX 18X18X18', 10, 1, 3, 1, '2019-11-04 12:36:30'),
(6964, 'PK518241ML', 10, 1, 3, 1, '2019-11-04 12:36:30'),
(6965, '180490', 10, 1, 3, 1, '2019-11-04 12:36:30'),
(6966, 'PK517062EN', 10, 1, 3, 1, '2019-11-04 12:36:30'),
(6967, '76637', 10, 1, 3, 1, '2019-11-04 12:36:30'),
(6968, 'AC PAD 76637', 10, 1, 3, 1, '2019-11-04 12:36:30'),
(6969, 'PAD 1500 X 1050', 10, 1, 3, 1, '2019-11-04 12:36:30'),
(6970, 'PK514067EN', 10, 1, 3, 1, '2019-11-04 12:36:31'),
(6971, 'PK514068EN', 10, 1, 3, 1, '2019-11-04 12:36:31'),
(6972, 'PK514069EN', 10, 11, 3, 1, '2019-11-04 12:36:31'),
(6973, 'PK514070EN', 10, 1, 3, 1, '2019-11-04 12:36:31'),
(6974, 'PK514071EN', 10, 11, 3, 1, '2019-11-04 12:36:31'),
(6975, 'PK514072EN', 10, 1, 3, 1, '2019-11-04 12:36:31'),
(6976, 'PK514073EN', 10, 11, 3, 1, '2019-11-04 12:36:31'),
(6977, 'PK514074EN', 10, 11, 3, 1, '2019-11-04 12:36:31'),
(6978, 'PK514075EN', 10, 11, 3, 1, '2019-11-04 12:36:31'),
(6979, 'PK514076EN', 10, 11, 3, 1, '2019-11-04 12:36:31'),
(6980, 'PK514023EN', 10, 1, 3, 1, '2019-11-04 12:36:31'),
(6981, 'PK514024EN', 10, 11, 3, 1, '2019-11-04 12:36:32'),
(6982, 'PK514025EN', 10, 11, 3, 1, '2019-11-04 12:36:32'),
(6983, 'PK514026EN', 10, 11, 3, 1, '2019-11-04 12:36:32'),
(6984, 'PK514027EN', 10, 1, 3, 1, '2019-11-04 12:36:32'),
(6985, 'PK514028EN', 10, 11, 3, 1, '2019-11-04 12:36:32'),
(6986, 'PK518795ML', 10, 11, 3, 1, '2019-11-04 12:36:32'),
(6987, 'PK514015EN', 10, 11, 3, 1, '2019-11-04 12:36:32'),
(6988, 'PK514016EN', 10, 1, 3, 1, '2019-11-04 12:36:32'),
(6989, 'PK514017EN', 10, 11, 3, 1, '2019-11-04 12:36:32'),
(6990, 'PK514018EN', 10, 1, 3, 1, '2019-11-04 12:36:32'),
(6991, 'PK514019EN', 10, 1, 3, 1, '2019-11-04 12:36:33'),
(6992, 'PK514020EN', 10, 1, 3, 1, '2019-11-04 12:36:33'),
(6993, 'PK514021EN', 10, 1, 3, 1, '2019-11-04 12:36:33'),
(6994, 'PK514022EN', 10, 11, 3, 1, '2019-11-04 12:36:33'),
(6995, 'PK526762ML', 10, 11, 3, 1, '2019-11-04 12:36:33'),
(6996, 'PK526767ML', 10, 1, 3, 1, '2019-11-04 12:36:33'),
(6997, '78746CTN', 10, 1, 3, 1, '2019-11-04 12:36:33'),
(6998, 'CLP0011096I', 10, 1, 3, 1, '2019-11-04 12:36:33'),
(6999, 'CLP0011150I', 10, 1, 3, 1, '2019-11-04 12:36:33'),
(7000, 'CLP0011024I', 10, 1, 3, 1, '2019-11-04 12:36:34'),
(7001, 'CLP0011037I', 10, 1, 3, 1, '2019-11-04 12:36:34'),
(7002, 'CLP0011018I', 10, 1, 3, 1, '2019-11-04 12:36:34'),
(7003, 'CLP0011021I', 10, 1, 3, 1, '2019-11-04 12:36:34'),
(7004, 'PK518814ML', 10, 1, 3, 1, '2019-11-04 12:36:34'),
(7005, 'CLP0011051I', 10, 1, 3, 1, '2019-11-04 12:36:34'),
(7006, '76519', 10, 1, 3, 1, '2019-11-04 12:36:34'),
(7007, 'CLP0011027I', 10, 1, 3, 1, '2019-11-04 12:36:34'),
(7008, 'CLP0011039I', 10, 1, 3, 1, '2019-11-04 12:36:34'),
(7009, 'CLP0010914I', 10, 1, 3, 1, '2019-11-04 12:36:34'),
(7010, 'CTN161050', 10, 1, 3, 1, '2019-11-04 12:36:35'),
(7011, 'PK526434ML', 10, 1, 3, 1, '2019-11-04 12:36:35'),
(7012, 'CTN161048', 10, 1, 3, 1, '2019-11-04 12:36:35'),
(7013, 'UCL2G805', 10, 1, 3, 1, '2019-11-04 12:36:35'),
(7014, 'UCL2G808-3', 10, 1, 3, 1, '2019-11-04 12:36:35'),
(7015, 'UCL2G808-4', 10, 1, 3, 1, '2019-11-04 12:36:35'),
(7016, 'CLP0011164I', 10, 1, 3, 1, '2019-11-04 12:36:35'),
(7017, 'CTN160865', 10, 1, 3, 1, '2019-11-04 12:36:35'),
(7018, 'CTN160866', 10, 1, 3, 1, '2019-11-04 12:36:36'),
(7019, 'CTN160992', 10, 1, 3, 1, '2019-11-04 12:36:36'),
(7020, 'CTNINS148M', 10, 1, 3, 1, '2019-11-04 12:36:36'),
(7021, '6680CTN', 10, 1, 3, 1, '2019-11-04 12:36:36'),
(7022, '12508954', 10, 1, 3, 1, '2019-11-04 12:36:36'),
(7023, 'PK506038EN', 10, 11, 3, 1, '2019-11-04 12:36:36'),
(7024, 'PK506039EN', 10, 11, 3, 1, '2019-11-04 12:36:36'),
(7025, '78686CTN', 10, 1, 3, 1, '2019-11-04 12:36:36'),
(7026, 'CLP0010913I', 10, 1, 3, 1, '2019-11-04 12:36:36'),
(7027, '6679CTN', 10, 1, 3, 1, '2019-11-04 12:36:37'),
(7028, 'CLP0010870I', 10, 1, 3, 1, '2019-11-04 12:36:37'),
(7029, 'CTN-160865', 10, 1, 3, 1, '2019-11-04 12:36:37'),
(7030, 'PK514081EN', 10, 1, 3, 1, '2019-11-04 12:36:37'),
(7031, 'PK517105ML', 10, 1, 3, 1, '2019-11-04 12:36:37'),
(7032, 'PK517104ML', 10, 1, 3, 1, '2019-11-04 12:36:37'),
(7033, 'PK517103ML', 10, 1, 3, 1, '2019-11-04 12:36:37'),
(7034, 'PK517102ML', 10, 1, 3, 1, '2019-11-04 12:36:37'),
(7035, 'PK517101ML', 10, 1, 3, 1, '2019-11-04 12:36:38'),
(7036, 'PK517100ML', 10, 1, 3, 1, '2019-11-04 12:36:38'),
(7037, 'PK517099ML', 10, 1, 3, 1, '2019-11-04 12:36:38'),
(7038, 'PK517098ML', 10, 1, 3, 1, '2019-11-04 12:36:38'),
(7039, 'PK517097ML', 10, 1, 3, 1, '2019-11-04 12:36:38'),
(7040, 'PK517096ML', 10, 1, 3, 1, '2019-11-04 12:36:38'),
(7041, 'CLP0011206I', 10, 1, 3, 1, '2019-11-04 12:36:38'),
(7042, 'CLP0011200I', 10, 1, 3, 1, '2019-11-04 12:36:38'),
(7043, 'CLP0011197I', 10, 1, 3, 1, '2019-11-04 12:36:39'),
(7044, 'PK514077EN', 10, 1, 3, 1, '2019-11-04 12:36:39'),
(7045, '11619291', 10, 1, 3, 1, '2019-11-04 12:36:39'),
(7046, 'CLP-78061-DCT', 10, 1, 3, 1, '2019-11-04 12:36:39'),
(7047, '78747CTN', 10, 1, 3, 1, '2019-11-04 12:36:39'),
(7048, '78553', 10, 1, 3, 1, '2019-11-04 12:36:39'),
(7049, 'CTN160986', 10, 1, 3, 1, '2019-11-04 12:36:39'),
(7050, '78667CTN', 10, 1, 3, 1, '2019-11-04 12:36:39'),
(7051, '70871', 10, 1, 3, 1, '2019-11-04 12:36:40'),
(7052, 'PK514079EN', 10, 1, 3, 1, '2019-11-04 12:36:40'),
(7053, 'PK514080EN', 10, 1, 3, 1, '2019-11-04 12:36:40'),
(7054, 'PK514082EN', 10, 1, 3, 1, '2019-11-04 12:36:40'),
(7055, 'PK525005EN', 10, 1, 3, 1, '2019-11-04 12:36:40'),
(7056, 'SLEEP BOX', 11, 1, 3, 1, '2019-11-04 12:36:40'),
(7057, 'MASTER BOX', 11, 1, 3, 1, '2019-11-04 12:36:40'),
(7058, 'FILMICO R', 12, 1, 3, 1, '2019-11-04 12:36:41'),
(7059, 'FILMICO 2018', 12, 1, 3, 1, '2019-11-04 12:36:41'),
(7060, 'BOX 20\"*20\"', 13, 1, 3, 1, '2019-11-04 12:36:41'),
(7061, 'BOX CHICA', 13, 1, 3, 1, '2019-11-04 12:36:41'),
(7062, 'HANA BOX CHICA #3', 13, 1, 3, 1, '2019-11-04 12:36:41'),
(7063, 'BOX MEDIANA', 13, 1, 3, 1, '2019-11-04 12:36:41'),
(7064, 'HANA BOX CHICA #2', 13, 1, 3, 1, '2019-11-04 12:36:41'),
(7065, 'JCSB 543A', 14, 1, 3, 1, '2019-11-04 12:36:41'),
(7066, 'PAD-JCOX', 14, 1, 3, 1, '2019-11-04 12:36:42'),
(7067, '372-831A', 14, 1, 3, 1, '2019-11-04 12:36:42'),
(7068, 'JCBC 949A', 14, 1, 3, 1, '2019-11-04 12:36:42'),
(7069, 'JCOX-580-950', 14, 1, 3, 1, '2019-11-04 12:36:42'),
(7070, 'JCOX-660-1150', 14, 1, 3, 1, '2019-11-04 12:36:42'),
(7071, 'SP1162015', 14, 1, 3, 1, '2019-11-04 12:36:42'),
(7072, 'JIN-607-457', 18, 1, 3, 1, '2019-11-04 12:36:42'),
(7073, 'JIN-533-632', 18, 1, 3, 1, '2019-11-04 12:36:42'),
(7074, 'JIN-530-400', 18, 1, 3, 1, '2019-11-04 12:36:43'),
(7075, 'JIN-BOX MEDIANA', 18, 1, 3, 1, '2019-11-04 12:36:43'),
(7076, 'KS10.5\" X 8.5\" X 6.5\"', 16, 1, 3, 1, '2019-11-04 12:36:43'),
(7077, 'KS RNG 61', 16, 1, 3, 1, '2019-11-04 12:36:43'),
(7078, 'KS BOX MED.', 16, 1, 3, 1, '2019-11-04 12:36:43'),
(7079, 'KS 16X12X8', 16, 1, 3, 1, '2019-11-04 12:36:43'),
(7080, 'PAD 325 X510', 16, 1, 3, 1, '2019-11-04 12:36:43'),
(7081, 'BOX6817', 16, 1, 3, 1, '2019-11-04 12:36:43'),
(7082, 'MAY67051001', 1, 1, 3, 1, '2019-11-04 12:36:44'),
(7083, 'MAY67613402', 1, 1, 3, 1, '2019-11-04 12:36:44'),
(7084, 'MAY65781601', 1, 1, 3, 1, '2019-11-04 12:36:44'),
(7085, 'MAY67695901', 1, 1, 3, 1, '2019-11-04 12:36:44'),
(7086, 'MAY67431603', 1, 1, 3, 1, '2019-11-04 12:36:44'),
(7087, 'MAY67034303', 1, 1, 3, 1, '2019-11-04 12:36:44'),
(7088, 'MAY66990603', 1, 1, 3, 1, '2019-11-04 12:36:44'),
(7089, 'MAY68728613', 1, 1, 3, 1, '2019-11-04 12:36:45'),
(7090, 'MAY66272901', 1, 1, 3, 1, '2019-11-04 12:36:45'),
(7091, 'MAY67714201', 1, 1, 3, 1, '2019-11-04 12:36:45'),
(7092, 'MAY67456002', 1, 1, 3, 1, '2019-11-04 12:36:45'),
(7093, 'MAY67453604', 1, 1, 3, 1, '2019-11-04 12:36:45'),
(7094, 'MAY67434301', 1, 1, 3, 1, '2019-11-04 12:36:45'),
(7095, 'MAY67248701', 1, 1, 3, 1, '2019-11-04 12:36:45'),
(7096, 'MAY67130602', 1, 1, 3, 1, '2019-11-04 12:36:45'),
(7097, 'MAY66148402', 1, 1, 3, 1, '2019-11-04 12:36:46'),
(7098, 'MAY68459202', 1, 1, 3, 1, '2019-11-04 12:36:46'),
(7099, 'MAY67450503', 1, 1, 3, 1, '2019-11-04 12:36:46'),
(7100, 'MAY68728609', 1, 3, 3, 1, '2019-11-04 12:36:46'),
(7101, 'MAY69320303', 1, 3, 3, 1, '2019-11-04 12:36:46'),
(7102, 'MAY67098301', 1, 3, 3, 1, '2019-11-04 12:36:46'),
(7103, 'MAY68496601', 1, 3, 3, 1, '2019-11-04 12:36:46'),
(7104, 'MAY67713001', 1, 3, 3, 1, '2019-11-04 12:36:46'),
(7105, 'MAY68351001', 1, 3, 3, 1, '2019-11-04 12:36:46'),
(7106, 'MAY66269802', 1, 3, 3, 1, '2019-11-04 12:36:47'),
(7107, 'MAY66270002', 1, 3, 3, 1, '2019-11-04 12:36:47'),
(7108, 'MAY67127901', 1, 3, 3, 1, '2019-11-04 12:36:47'),
(7109, 'MAY66389502', 1, 3, 3, 1, '2019-11-04 12:36:47'),
(7110, 'MAY69318901', 1, 3, 3, 1, '2019-11-04 12:36:47'),
(7111, 'MAY65776403', 1, 3, 3, 1, '2019-11-04 12:36:47'),
(7112, 'MAY69333701', 1, 3, 3, 1, '2019-12-02 13:07:47'),
(7113, 'MAY68496101', 1, 1, 3, 1, '2019-11-04 12:36:47'),
(7114, 'MAY68497101', 1, 1, 3, 1, '2019-11-04 12:36:48'),
(7115, 'MAY69353601', 1, 3, 3, 1, '2019-11-04 12:36:48'),
(7116, 'MAY68509301', 1, 1, 3, 1, '2019-11-04 12:36:48'),
(7117, 'MAY69351001', 1, 3, 3, 1, '2019-12-02 14:44:05'),
(7118, 'MAY69381001', 1, 3, 3, 1, '2019-11-04 12:36:48'),
(7119, 'MAY69321202', 1, 3, 3, 1, '2019-11-04 12:36:48'),
(7120, 'MAY65831601', 1, 3, 3, 1, '2019-11-04 12:36:48'),
(7121, 'MAY68459201', 1, 1, 3, 1, '2019-11-04 12:36:48'),
(7122, 'MAY68490004', 1, 1, 3, 1, '2019-11-04 12:36:49'),
(7123, 'MAY68493603', 1, 3, 3, 1, '2019-11-04 12:36:49'),
(7124, 'MAY68451702', 1, 3, 3, 1, '2019-11-04 12:36:49'),
(7125, 'MAY69353101', 1, 3, 3, 1, '2019-11-04 12:36:49'),
(7126, 'MAY67712403', 1, 3, 3, 1, '2019-11-04 12:36:49'),
(7127, 'MAY68635802', 1, 3, 3, 1, '2019-11-04 12:36:49'),
(7128, 'MAY68589801', 1, 11, 3, 1, '2019-11-04 12:36:49'),
(7129, 'MAY68608101', 1, 3, 3, 1, '2019-11-04 12:36:50'),
(7130, 'MAY67328803', 1, 3, 3, 1, '2019-11-04 12:36:50'),
(7131, 'MAY65725401', 1, 3, 3, 1, '2019-11-04 12:36:50'),
(7132, 'MAY68608102', 1, 3, 3, 1, '2019-11-04 12:36:50'),
(7133, 'MAY68467903', 1, 1, 3, 1, '2019-11-04 12:36:50'),
(7134, 'MAY68488703', 1, 1, 3, 1, '2019-11-04 12:36:50'),
(7135, 'MAY68273502', 1, 3, 3, 1, '2019-11-04 12:36:50'),
(7136, 'MAY68512701', 1, 1, 3, 1, '2019-11-04 12:36:50'),
(7137, 'MAY69351901', 1, 3, 3, 1, '2019-11-04 12:36:50'),
(7138, 'MAY68728608', 1, 3, 3, 1, '2019-11-04 12:36:51'),
(7139, 'MAY67711802', 1, 3, 3, 1, '2019-11-04 12:36:51'),
(7140, 'MAY69375504', 1, 1, 3, 1, '2019-11-04 12:36:51'),
(7141, 'MAY67712303', 1, 3, 3, 1, '2019-11-04 12:36:51'),
(7142, 'MAY69329101', 1, 3, 3, 1, '2019-11-04 12:36:51'),
(7143, 'MAY67459102', 1, 1, 3, 1, '2019-11-04 12:36:51'),
(7144, 'MAY69356101', 1, 3, 3, 1, '2019-12-02 14:44:28'),
(7145, 'MAY68589901', 1, 1, 3, 1, '2019-11-04 12:36:52'),
(7146, 'MAY69329102', 1, 3, 3, 1, '2019-11-04 12:36:52'),
(7147, 'MAY68631101', 1, 1, 3, 1, '2019-11-04 12:36:52'),
(7148, 'MAY68748501', 1, 1, 3, 1, '2019-11-04 12:36:52'),
(7149, 'MAY68273501', 1, 3, 3, 1, '2019-11-04 12:36:52'),
(7150, 'MAY68520601', 1, 1, 3, 1, '2019-11-04 12:36:52'),
(7151, 'MAY69374303', 1, 3, 3, 1, '2019-11-04 12:36:52'),
(7152, 'MAY68028001', 1, 3, 3, 1, '2019-11-04 12:36:52'),
(7153, 'MAY68522701', 1, 1, 3, 1, '2019-11-04 12:36:52'),
(7154, 'MAY68272606', 1, 3, 3, 1, '2019-11-04 12:36:53'),
(7155, 'MAY68808201', 1, 1, 3, 1, '2019-11-04 12:36:53'),
(7156, 'MAY69313101', 1, 3, 3, 1, '2019-11-04 12:36:53'),
(7157, 'MAY68468603', 1, 1, 3, 1, '2019-11-04 12:36:53'),
(7158, 'MAY68470105', 1, 1, 3, 1, '2019-11-04 12:36:53'),
(7159, 'MAY69328502', 1, 3, 3, 1, '2019-11-04 12:36:53'),
(7160, 'MAY68448404', 1, 1, 3, 1, '2019-11-04 12:36:53'),
(7161, 'MAY68649204', 1, 1, 3, 1, '2019-11-04 12:36:54'),
(7162, 'MAY67431201', 1, 1, 3, 1, '2019-11-04 12:36:54'),
(7163, 'MAY68520603', 1, 3, 3, 1, '2019-11-04 12:36:54'),
(7164, 'MAY68520602', 1, 1, 3, 1, '2019-11-04 12:36:54'),
(7165, 'MAY67431203', 1, 1, 3, 1, '2019-11-04 12:36:54'),
(7166, 'MAY67459103', 1, 1, 3, 1, '2019-11-04 12:36:54'),
(7167, 'MAY67582202', 1, 1, 3, 1, '2019-11-04 12:36:54'),
(7168, 'MAY68635601', 1, 1, 3, 1, '2019-11-04 12:36:54'),
(7169, 'MAY69374701', 1, 3, 3, 1, '2019-12-02 13:01:21'),
(7170, 'MAY68451703', 1, 1, 3, 1, '2019-11-04 12:36:55'),
(7171, 'MAY68503702', 1, 1, 3, 1, '2019-11-04 12:36:55'),
(7172, 'MAY69360001', 1, 3, 3, 1, '2019-12-02 14:45:49'),
(7173, 'MAY69360002', 1, 3, 3, 1, '2019-12-02 14:44:44'),
(7174, 'MAY68728604', 1, 3, 3, 1, '2019-11-04 12:36:55'),
(7175, 'MAY67695801', 1, 3, 3, 1, '2019-11-04 12:36:55'),
(7176, 'MAY67478804', 1, 3, 3, 1, '2019-11-04 12:36:55'),
(7177, 'MAY67089202', 1, 1, 3, 1, '2019-11-04 12:36:55'),
(7178, 'MAY67707801', 1, 1, 3, 1, '2019-11-04 12:36:56'),
(7179, 'MAY67089302', 1, 3, 3, 1, '2019-11-04 12:36:56'),
(7180, 'MAY68667601', 1, 3, 3, 1, '2019-11-04 12:36:56'),
(7181, 'MAY67713004', 1, 1, 3, 1, '2019-11-04 12:36:56'),
(7182, 'MAY67713007', 1, 1, 3, 1, '2019-11-04 12:36:56'),
(7183, 'MAY68728607', 1, 3, 3, 1, '2019-11-04 12:36:56'),
(7184, 'MAY67675301', 1, 1, 3, 1, '2019-11-04 12:36:56'),
(7185, 'MAY67713006', 1, 3, 3, 1, '2019-11-04 12:36:57'),
(7186, 'MAY67696101', 1, 1, 3, 1, '2019-11-04 12:36:57'),
(7187, 'MAY67895502', 1, 1, 3, 1, '2019-11-04 12:36:57'),
(7188, 'MAY69329003', 1, 3, 3, 1, '2019-11-04 12:36:57'),
(7189, 'MAY67839902', 1, 3, 3, 1, '2019-11-04 12:36:57'),
(7190, 'MAY69370001', 1, 1, 3, 1, '2019-11-04 12:36:57'),
(7191, 'MAY68728605', 1, 3, 3, 1, '2019-11-04 12:36:57'),
(7192, 'MAY68728612', 1, 3, 3, 1, '2019-11-04 12:36:57'),
(7193, 'MAY68728611', 1, 3, 3, 1, '2019-11-04 12:36:58'),
(7194, 'MAY69349001', 1, 3, 3, 1, '2019-12-02 14:38:39'),
(7195, 'MAY67654302', 1, 3, 3, 1, '2019-11-04 12:36:58'),
(7196, 'MAY69351301', 1, 3, 3, 1, '2019-11-04 12:36:58'),
(7197, 'MAY67414602', 1, 3, 3, 1, '2019-11-04 12:36:58'),
(7198, 'MAY69313201', 1, 3, 3, 1, '2019-11-04 12:36:58'),
(7199, 'MAY69329002', 1, 3, 3, 1, '2019-11-04 12:36:58'),
(7200, 'MAY67894402', 1, 3, 3, 1, '2019-11-04 12:36:59'),
(7201, 'MAY67855402', 1, 3, 3, 1, '2019-11-04 12:36:59'),
(7202, 'MAY67669604', 1, 1, 3, 1, '2019-11-04 12:36:59'),
(7203, 'MAY67675302', 1, 1, 3, 1, '2019-11-04 12:36:59'),
(7204, 'MAY67675303', 1, 1, 3, 1, '2019-11-04 12:36:59'),
(7205, 'MAY67868305', 1, 1, 3, 1, '2019-11-04 12:36:59'),
(7206, 'MAY68631301', 1, 1, 3, 1, '2019-11-04 12:36:59'),
(7207, 'MAY68488501', 1, 1, 3, 1, '2019-11-04 12:36:59'),
(7208, 'MAY67858401', 1, 3, 3, 1, '2019-11-04 12:36:59'),
(7209, 'MAY67414601', 1, 3, 3, 1, '2019-11-04 12:37:00'),
(7210, 'MAY68748701', 1, 11, 3, 1, '2019-11-04 12:37:00'),
(7211, 'MAY67858501', 1, 1, 3, 1, '2019-11-04 12:37:00'),
(7212, 'MAY67098302', 1, 3, 3, 1, '2019-11-04 12:37:00'),
(7213, 'MAY67969802', 1, 1, 3, 1, '2019-11-04 12:37:00'),
(7214, 'MAY67654301', 1, 3, 3, 1, '2019-11-04 12:37:00'),
(7215, 'MAY67713002', 1, 3, 3, 1, '2019-11-04 12:37:00'),
(7216, 'MAY68631501', 1, 1, 3, 1, '2019-11-04 12:37:00'),
(7217, 'MAY69373701', 1, 3, 3, 1, '2019-11-04 12:37:00'),
(7218, 'MAY68650502', 1, 3, 3, 1, '2019-11-04 12:37:01'),
(7219, 'MAY68530401', 1, 1, 3, 1, '2019-11-04 12:37:01'),
(7220, 'MFZ55267503', 1, 1, 3, 1, '2019-11-04 12:37:01'),
(7221, 'MAY66813105', 1, 1, 3, 1, '2019-11-04 12:37:01'),
(7222, 'MAY66548701', 1, 1, 3, 1, '2019-11-04 12:37:01'),
(7223, 'MFZ55267506', 1, 1, 3, 1, '2019-11-04 12:37:01'),
(7224, 'MFZ55267507', 1, 1, 3, 1, '2019-11-04 12:37:01'),
(7225, 'MFZ55267508', 1, 1, 3, 1, '2019-11-04 12:37:01'),
(7226, 'MFZ55267505', 1, 1, 3, 1, '2019-11-04 12:37:01'),
(7227, 'MFZ55267510', 1, 1, 3, 1, '2019-11-04 12:37:02'),
(7228, 'MAY66971601', 1, 1, 3, 1, '2019-11-04 12:37:02'),
(7229, 'AGF79482744', 1, 1, 3, 1, '2019-11-04 12:37:02'),
(7230, 'AGF79482745', 1, 1, 3, 1, '2019-11-04 12:37:02'),
(7231, 'AGF79482747', 1, 1, 3, 1, '2019-11-04 12:37:02'),
(7232, 'AGF79482743', 1, 1, 3, 1, '2019-11-04 12:37:02'),
(7233, 'MAY69332601', 1, 3, 3, 1, '2019-12-02 13:07:57'),
(7234, 'MAY69307901', 1, 3, 3, 1, '2019-11-04 12:37:02'),
(7235, 'MAY66990503', 1, 1, 3, 1, '2019-11-04 12:37:02'),
(7236, 'MAY66951701', 1, 1, 3, 1, '2019-11-04 12:37:02'),
(7237, 'MAY67130601', 1, 1, 3, 1, '2019-11-04 12:37:02'),
(7238, 'MAY69319802', 1, 3, 3, 1, '2019-11-04 12:37:03'),
(7239, 'MAY69380202', 1, 3, 3, 1, '2019-11-04 12:37:03'),
(7240, 'MAY69332302', 1, 3, 3, 1, '2019-11-04 12:37:03'),
(7241, 'MAY67093102', 1, 1, 3, 1, '2019-11-04 12:37:03'),
(7242, 'MAY67536201', 1, 1, 3, 1, '2019-11-04 12:37:03'),
(7243, 'MAY67272020', 1, 1, 3, 1, '2019-11-04 12:37:03'),
(7244, 'MAY67272003', 1, 1, 3, 1, '2019-11-04 12:37:03'),
(7245, 'MAY69380801', 1, 1, 3, 1, '2019-11-04 12:37:03'),
(7246, 'MAY68728614', 1, 1, 3, 1, '2019-11-04 12:37:03'),
(7247, 'MAY67549803', 1, 3, 3, 1, '2019-11-04 12:37:03'),
(7248, 'MAY69380802', 1, 3, 3, 1, '2019-12-02 13:07:25'),
(7249, 'MAY69388902', 1, 3, 3, 1, '2019-11-04 12:37:04'),
(7250, 'MAY69373302', 1, 3, 3, 1, '2019-11-04 12:37:04'),
(7251, 'MAY69333503', 1, 3, 3, 1, '2019-11-04 12:37:04'),
(7252, 'MAY69380803', 1, 3, 3, 1, '2019-12-02 13:07:05'),
(7253, 'MAY69330101', 1, 1, 3, 1, '2019-11-04 12:37:04'),
(7254, 'MAY69354201', 1, 3, 3, 1, '2019-11-04 12:37:04'),
(7255, 'MAY66269702', 1, 1, 3, 1, '2019-11-04 12:37:04'),
(7256, 'MAY67747701', 1, 1, 3, 1, '2019-11-04 12:37:04'),
(7257, 'MDQ65896501-#4', 17, 1, 3, 1, '2019-11-04 12:37:05'),
(7258, 'MDQ65896501-#2', 17, 1, 3, 1, '2019-11-04 12:37:05'),
(7259, 'MDQ66116301-#7', 17, 1, 3, 1, '2019-11-04 12:37:05'),
(7260, 'MDQ65896501-#3', 17, 1, 3, 1, '2019-11-04 12:37:05'),
(7261, 'MDQ66116301-#8', 17, 1, 3, 1, '2019-11-04 12:37:05'),
(7262, 'MDQ66116301-#6', 17, 1, 3, 1, '2019-11-04 12:37:05'),
(7263, 'MDQ66116301-#5', 17, 1, 3, 1, '2019-11-04 12:37:05'),
(7264, 'MDQ65896501-#1', 17, 1, 3, 1, '2019-11-04 12:37:05'),
(7265, 'MDQ66116301-#3', 17, 1, 3, 1, '2019-11-04 12:37:06'),
(7266, 'MDQ66116301-#2', 17, 1, 3, 1, '2019-11-04 12:37:06'),
(7267, 'MDQ66116301-#2-1', 17, 1, 3, 1, '2019-11-04 12:37:06'),
(7268, 'PTJOO-54020', 22, 1, 3, 1, '2019-11-04 12:37:06'),
(7269, 'OHD-49 CAJA', 24, 1, 3, 1, '2019-11-04 12:37:06'),
(7270, 'OHD-49 TAPPA', 24, 1, 3, 1, '2019-11-04 12:37:06'),
(7271, 'SEPARADOR -3', 24, 1, 3, 1, '2019-11-04 12:37:06'),
(7272, 'BC-BOX-2', 24, 1, 3, 1, '2019-11-04 12:37:07'),
(7273, 'SEPARADOR 2', 24, 1, 3, 1, '2019-11-04 12:37:07'),
(7274, 'SEPARADOR 1 (OH-DISPLAY)', 24, 1, 3, 1, '2019-11-04 12:37:07'),
(7275, 'OHD-0086Z', 25, 1, 3, 1, '2019-11-04 12:37:07'),
(7276, 'OHD-0227A', 25, 1, 3, 1, '2019-11-04 12:37:07'),
(7277, 'OHD-0163A', 25, 1, 3, 1, '2019-11-04 12:37:07'),
(7278, 'OFD-0104C(N)', 25, 1, 3, 1, '2019-11-04 12:37:07'),
(7279, 'OFD-105T', 25, 1, 3, 1, '2019-11-04 12:37:07'),
(7280, 'OFD-0567A', 25, 1, 3, 1, '2019-11-04 12:37:07'),
(7281, 'OHD-0086F(N)', 25, 1, 3, 1, '2019-11-04 12:37:08'),
(7282, 'OFD-0105B', 25, 1, 3, 1, '2019-11-04 12:37:08'),
(7283, 'OFD-0781A', 25, 1, 3, 1, '2019-11-04 12:37:08'),
(7284, 'OHD-0226A', 25, 1, 3, 1, '2019-11-04 12:37:08'),
(7285, 'OFD-0104Z', 25, 1, 3, 1, '2019-11-04 12:37:08'),
(7286, 'OFD-0424A', 25, 1, 3, 1, '2019-11-04 12:37:08'),
(7287, 'OFD-0570A', 25, 1, 3, 1, '2019-11-04 12:37:08'),
(7288, 'OFD-0383B', 25, 1, 3, 1, '2019-11-04 12:37:08'),
(7289, 'AP 16622-2', 26, 1, 3, 1, '2019-11-04 12:37:09'),
(7290, 'SAMPLE TOM 1', 28, 1, 3, 1, '2019-11-04 12:37:09'),
(7291, 'SAMPLE TOM 2', 28, 1, 3, 1, '2019-11-04 12:37:09'),
(7292, 'SAMPLE TOM 3', 28, 1, 3, 1, '2019-11-04 12:37:09'),
(7293, 'SAMPLE 32- 1', 28, 1, 3, 1, '2019-11-04 12:37:09'),
(7294, 'SAMPLE 38- 1', 28, 1, 3, 1, '2019-11-04 12:37:09'),
(7295, 'SAMPLE 32- 2', 28, 1, 3, 1, '2019-11-04 12:37:09'),
(7296, 'SAMPLE 38- 2', 28, 1, 3, 1, '2019-11-04 12:37:09'),
(7297, 'SAMPLE 32- 3', 28, 1, 3, 1, '2019-11-04 12:37:09'),
(7298, 'SAMPLE 38- 3', 28, 1, 3, 1, '2019-11-04 12:37:10'),
(7299, 'SAMPLE', 28, 1, 3, 1, '2019-11-04 12:37:10'),
(7300, '100025(ALP 1)', 29, 1, 3, 1, '2019-11-04 12:37:10'),
(7301, '100026 (ALP 1A)', 29, 1, 3, 1, '2019-11-04 12:37:10'),
(7302, 'ALP 1SM', 29, 1, 3, 1, '2019-11-04 12:37:10'),
(7303, '100018(ALP 1)', 29, 1, 3, 1, '2019-11-04 12:37:10'),
(7304, 'ALP 2XL', 29, 1, 3, 1, '2019-11-04 12:37:10'),
(7305, '100033(ALP 2)', 29, 1, 3, 1, '2019-11-04 12:37:10'),
(7306, '100093(ALP 3)', 29, 1, 3, 1, '2019-11-04 12:37:10'),
(7307, 'Z827151-1', 29, 1, 3, 1, '2019-11-04 12:37:11'),
(7308, '100-SI43-13282-JVC', 31, 1, 3, 1, '2019-11-04 12:37:11'),
(7309, 'JVC 43', 31, 1, 3, 1, '2019-11-04 12:37:11'),
(7310, 'AIWA -49', 31, 1, 3, 1, '2019-11-04 12:37:11'),
(7311, '200-SI49F-02G-JVC', 31, 1, 3, 1, '2019-11-04 12:37:11'),
(7312, 'JVC-49', 31, 1, 3, 1, '2019-11-04 12:37:11'),
(7313, 'SI51F-002G-JVC', 31, 1, 3, 1, '2019-11-04 12:37:11'),
(7314, 'SI50F-002G-JVC', 31, 1, 3, 1, '2019-11-04 12:37:12'),
(7315, '100-SI50-132AD-JVC', 31, 1, 3, 1, '2019-11-04 12:37:12'),
(7316, 'SI55F-002G-JVC', 31, 1, 3, 1, '2019-11-04 12:37:12'),
(7317, 'SI65F-002G-JVC', 31, 1, 3, 1, '2019-11-04 12:37:12'),
(7318, 'SP-LED24', 31, 1, 3, 1, '2019-11-04 12:37:12'),
(7319, '200-SI24J-02G-JVC', 31, 1, 3, 1, '2019-11-04 12:37:12'),
(7320, 'ATV24-HD', 31, 1, 3, 1, '2019-11-04 12:37:12'),
(7321, '201-SI24J-02G-JVC', 31, 1, 3, 1, '2019-11-04 12:37:12'),
(7322, '200-ATV24J-03G-ATV(BIG)', 31, 1, 3, 1, '2019-11-04 12:37:12'),
(7323, '200-24SP-03G-SP  SP-LED24', 31, 1, 3, 1, '2019-11-04 12:37:13'),
(7324, 'SP-32 SMART', 31, 1, 3, 1, '2019-11-04 12:37:13'),
(7325, 'GV-32 LED', 31, 1, 3, 1, '2019-11-04 12:37:13'),
(7326, '300-TLK32-002-TLK', 31, 1, 3, 1, '2019-11-04 12:37:13'),
(7327, '200-SI32J-02G-JVC', 31, 1, 3, 1, '2019-11-04 12:37:13'),
(7328, '200-32-HSDP-0104', 31, 1, 3, 1, '2019-11-04 12:37:13'),
(7329, '200-32CT-002G-ATV', 31, 1, 3, 1, '2019-11-04 12:37:13'),
(7330, '101-32SM-13262-ATV', 31, 1, 3, 1, '2019-11-04 12:37:13'),
(7331, '100-32SP-13282-SP', 31, 1, 3, 1, '2019-11-04 12:37:14'),
(7332, '100-32SM-13301-SP', 31, 1, 3, 1, '2019-11-04 12:37:14'),
(7333, '100-32SM-13282-ATV', 31, 1, 3, 1, '2019-11-04 12:37:14'),
(7334, 'JVC-39', 31, 1, 3, 1, '2019-11-04 12:37:14'),
(7335, 'ATV40GIFTBOX', 31, 1, 3, 1, '2019-11-04 12:37:14'),
(7336, '200-ATV24J-02G-ATV', 31, 1, 3, 1, '2019-11-04 12:37:14'),
(7337, '10A-5GTA-132082-002G-TMK', 31, 1, 3, 1, '2019-11-04 12:37:14'),
(7338, '200-SI40F-02G-JVC', 31, 1, 3, 1, '2019-11-04 12:37:14'),
(7339, 'SQY-SI40FS-02G-JVC', 31, 1, 3, 1, '2019-11-04 12:37:14'),
(7340, '200-SI49FC-JVC', 31, 1, 3, 1, '2019-11-04 12:37:14'),
(7341, 'SERVICIOS', 31, 1, 3, 1, '2019-11-04 12:37:15'),
(7342, 'INNER BOX', 32, 1, 3, 1, '2019-11-04 12:37:15'),
(7343, 'OUTBOX', 32, 1, 3, 1, '2019-11-04 12:37:15'),
(7344, 'SVS76-581050-0ATD5', 33, 1, 3, 1, '2019-11-04 12:37:15'),
(7345, 'TCL 32D1800KALLY', 33, 1, 3, 1, '2019-11-04 12:37:15'),
(7346, 'TCL32D1560 (OLIMPO)', 33, 1, 3, 1, '2019-11-04 12:37:15'),
(7347, 'ATV-32SM-76-581050-0ATT3', 33, 1, 3, 1, '2019-11-04 12:37:15'),
(7348, '76-581050-0ATWL', 33, 1, 3, 1, '2019-11-04 12:37:15'),
(7349, 'SVS76-581050-0ATWK', 33, 1, 3, 1, '2019-11-04 12:37:15'),
(7350, 'SVS765990400AT2KC', 33, 1, 3, 1, '2019-11-04 12:37:16'),
(7351, 'SVS76-54827B-2ATU1', 33, 1, 3, 1, '2019-11-04 12:37:16'),
(7352, 'SVS76-548270-0ATWP', 33, 1, 3, 1, '2019-11-04 12:37:16'),
(7353, 'SVS766068200AT2CC', 33, 1, 3, 1, '2019-11-04 12:37:16'),
(7354, 'SVS766117500AT1AC', 33, 1, 3, 1, '2019-11-04 12:37:16'),
(7355, 'SVS76-544220-0ATWP', 33, 1, 3, 1, '2019-11-04 12:37:16'),
(7356, 'SVS76-5880800AT1SC', 33, 1, 3, 1, '2019-11-04 12:37:16'),
(7357, 'SVS76-611750-0AD1A', 33, 1, 3, 1, '2019-11-04 12:37:16'),
(7358, 'SVS76-5880800AT1SC-B', 33, 1, 3, 1, '2019-11-04 12:37:16'),
(7359, '76-581050-OAT1B', 33, 1, 3, 1, '2019-11-04 12:37:16'),
(7360, 'SVS76-581050-0ATR6', 33, 1, 3, 1, '2019-11-04 12:37:17'),
(7361, 'FRAGILE BOX', 2, 1, 3, 1, '2019-11-04 12:37:17'),
(7362, 'GENERICA', 2, 1, 3, 1, '2019-11-04 12:37:17'),
(7363, 'NEW', 2, 1, 3, 1, '2019-11-04 12:37:17'),
(7364, 'SMALL LIGHT CAP', 2, 1, 3, 1, '2019-11-04 12:37:17'),
(7365, 'JAPONESA', 2, 1, 3, 1, '2019-11-04 12:37:17'),
(7366, 'F534-8090', 34, 1, 3, 1, '2019-11-04 12:37:17'),
(7367, 'F534-8089', 34, 1, 3, 1, '2019-11-04 12:37:17'),
(7368, '28\" X 39\" PAD', 35, 1, 3, 1, '2019-11-04 12:37:17'),
(7369, '36\" X 48\" PAD', 35, 1, 3, 1, '2019-11-04 12:37:18'),
(7370, 'HWMW-50050839-001', 36, 1, 3, 1, '2019-11-04 12:37:18'),
(7371, 'WOW MEATS', 37, 1, 3, 1, '2019-11-04 12:37:18'),
(7372, 'Pro Meat', 37, 1, 3, 1, '2019-11-04 12:37:18'),
(7373, 'GPS-0021-3', 38, 1, 3, 1, '2019-11-04 12:37:18'),
(7374, 'GPS-0070', 38, 1, 3, 1, '2019-11-04 12:37:18'),
(7375, 'GPS-0080-3', 38, 1, 3, 1, '2019-11-04 12:37:18'),
(7376, 'GPS-0058-4', 38, 1, 3, 1, '2019-11-04 12:37:18'),
(7377, 'GPS-0076', 38, 1, 3, 1, '2019-11-04 12:37:18'),
(7378, 'GPS-0073', 38, 1, 3, 1, '2019-11-04 12:37:19'),
(7379, 'GPS-0072', 38, 1, 3, 1, '2019-11-04 12:37:19'),
(7380, 'GPS-0067', 38, 1, 3, 1, '2019-11-04 12:37:19'),
(7381, 'GPS-0056', 38, 1, 3, 1, '2019-11-04 12:37:19'),
(7382, 'GPS-0049', 38, 1, 3, 1, '2019-11-04 12:37:19'),
(7383, 'GPS-0023', 38, 1, 3, 1, '2019-11-04 12:37:19'),
(7384, 'GPS-0022', 38, 1, 3, 1, '2019-11-04 12:37:19'),
(7385, 'GPS-0019', 38, 1, 3, 1, '2019-11-04 12:37:19'),
(7386, 'GPS-0016', 38, 1, 3, 1, '2019-11-04 12:37:19'),
(7387, 'GPS-0070 D', 38, 1, 3, 1, '2019-11-04 12:37:20'),
(7388, 'GPS-0077 D', 38, 1, 3, 1, '2019-11-04 12:37:20'),
(7389, 'GPS-0078 D', 38, 1, 3, 1, '2019-11-04 12:37:20'),
(7390, 'GPS-0073-3(D)', 38, 1, 3, 1, '2019-11-04 12:37:20'),
(7391, 'GPS-0082-3(D)', 38, 1, 3, 1, '2019-11-04 12:37:20'),
(7392, 'GPS-0081-3(D)', 38, 1, 3, 1, '2019-11-04 12:37:20'),
(7393, 'GPS-0025', 38, 1, 3, 1, '2019-11-04 12:37:20'),
(7394, 'GPS-0021', 38, 1, 3, 1, '2019-11-04 12:37:20'),
(7395, 'GPS-0069', 38, 1, 3, 1, '2019-11-04 12:37:20'),
(7396, 'GPS-0055', 38, 1, 3, 1, '2019-11-04 12:37:20'),
(7397, 'GPS-0081-3', 38, 1, 3, 1, '2019-11-04 12:37:20'),
(7398, 'GPS-0077', 38, 1, 3, 1, '2019-11-04 12:37:21'),
(7399, 'GPS-0018', 38, 1, 3, 1, '2019-11-04 12:37:21'),
(7400, 'GPS-0050', 38, 1, 3, 1, '2019-11-04 12:37:21'),
(7401, 'GPS-0079', 38, 1, 3, 1, '2019-11-04 12:37:21'),
(7402, 'PK517093ML', 10, 1, 3, 1, '2019-11-04 12:37:21'),
(7403, 'PK520058ML', 10, 1, 3, 1, '2019-11-04 12:37:21'),
(7404, 'PK520057ML', 10, 1, 3, 1, '2019-11-04 12:37:21'),
(7405, '6682CTN', 10, 1, 3, 1, '2019-11-04 12:37:21'),
(7406, 'MAY69007810', 1, 3, 3, 1, '2019-11-04 12:37:21'),
(7407, 'MAY69428201', 1, 3, 3, 1, '2019-11-04 12:37:21'),
(7408, 'MAY68514301', 1, 3, 3, 1, '2019-11-04 12:37:21'),
(7409, 'PRO MEAT SOLUTION #30', 37, 1, 3, 1, '2019-11-04 12:37:22'),
(7410, 'OFD-0104Y', 39, 1, 3, 1, '2019-11-04 12:37:22'),
(7411, 'OHD-0086Y', 39, 1, 3, 1, '2019-11-04 12:37:22'),
(7412, 'MAY68189102', 1, 3, 26, 1, '2019-12-02 13:54:35'),
(7413, 'MAY69320308', 1, 3, 3, 1, '2019-12-02 15:04:07'),
(7414, 'CLP-PR8-BULK-CTN', 10, 1, 3, 1, '2019-11-04 12:37:22'),
(7415, 'MAY66912603', 1, 3, 26, 1, '2019-12-02 14:03:41'),
(7416, 'MAY66251053', 1, 3, 3, 1, '2019-12-02 15:03:56'),
(7417, 'MAY65632418', 1, 3, 3, 1, '2019-12-02 15:04:45'),
(7418, 'MAY67055203', 1, 3, 3, 1, '2019-12-02 15:04:37'),
(7419, 'MAY67307703', 1, 3, 3, 1, '2019-12-02 15:04:27'),
(7420, 'MAY67328203', 1, 3, 3, 1, '2019-12-02 15:04:17'),
(7421, 'PK514084EN', 10, 1, 3, 1, '2019-11-04 12:37:23'),
(7422, 'MAY69363403', 1, 3, 3, 1, '2019-11-04 12:37:23'),
(7423, 'MAY68748902', 1, 3, 3, 1, '2019-12-02 14:45:39'),
(7424, 'MAY68748002', 1, 3, 3, 1, '2019-12-02 14:45:20'),
(7425, 'MAY68749001', 1, 3, 3, 1, '2019-11-04 12:37:23'),
(7426, 'MAY67613602', 1, 3, 3, 1, '2019-11-04 12:37:23'),
(7427, 'MAY69429502', 1, 1, 3, 1, '2019-11-04 12:37:24'),
(7428, 'MAY69431901', 1, 3, 3, 1, '2019-12-02 14:45:09'),
(7429, 'MAY69610903', 1, 3, 26, 1, '2019-12-02 12:42:08'),
(7430, 'N001001404', 40, 1, 3, 1, '2019-11-04 12:37:24'),
(7431, 'N001001405', 40, 1, 3, 1, '2019-11-04 12:37:24'),
(7432, 'MAY67649801', 1, 3, 3, 1, '2019-11-04 12:37:24'),
(7433, 'MAY68749101', 1, 1, 3, 1, '2019-11-04 12:37:24'),
(7434, 'CLP-78552', 10, 1, 3, 1, '2019-11-04 12:37:24'),
(7435, 'CLP0010915I', 10, 1, 3, 1, '2019-11-04 12:37:24'),
(7436, 'CMPM-TAIB', 8, 1, 3, 1, '2019-11-04 12:37:24'),
(7438, 'WOR-CK-445', 1, 7, 3, 1, NULL),
(7439, 'WOR-CK-350', 1, 7, 3, 1, NULL),
(7440, 'SW94-110-LG-C', 1, 7, 3, 1, NULL),
(7441, 'SW71-111-CS-C', 1, 7, 3, 1, NULL),
(7442, 'SW66-111-LG-C', 1, 7, 3, 1, NULL),
(7443, 'SW32-140-LG-C', 1, 7, 3, 1, NULL),
(7444, 'SW32-130-LG-C', 1, 7, 3, 1, NULL),
(7445, 'SW24-110-LG-C', 1, 7, 3, 1, NULL),
(7446, 'SW105-111-ET-C', 1, 7, 3, 1, NULL),
(7447, 'SEW47-110-ET-C', 1, 7, 3, 1, NULL),
(7448, 'SE57-110-ET-C', 1, 7, 3, 1, NULL),
(7449, 'SE47-110-ET-C', 1, 7, 3, 1, NULL),
(7450, 'SE45-110-ET-C', 1, 7, 3, 1, NULL),
(7451, 'SE42-110-ET-C', 1, 7, 3, 1, NULL),
(7452, 'SE40-110-ET-S', 1, 7, 3, 1, NULL),
(7453, 'SE38-110-ET-C', 1, 7, 3, 1, NULL),
(7454, 'SE27-110-LG-C', 1, 7, 3, 1, NULL),
(7455, 'SE24-110-ET-S', 1, 7, 3, 1, NULL),
(7456, 'SB89-110-TM-S', 1, 7, 3, 1, NULL),
(7457, 'SB83-110-TM-S', 1, 7, 3, 1, NULL),
(7458, 'SB79-120-SAMPLE', 1, 7, 3, 1, NULL),
(7459, 'SB73-120-ET-C', 1, 7, 3, 1, NULL),
(7460, 'SB67-110-ET-S', 1, 7, 3, 1, NULL),
(7461, 'SB51-120-ET-C', 1, 7, 3, 1, NULL),
(7462, 'SB49-110-ET-C', 1, 7, 3, 1, NULL),
(7463, 'SB47-110-ET-C', 1, 7, 3, 1, NULL),
(7464, 'SB46-120-ET-C', 1, 7, 3, 1, NULL),
(7465, 'SB45-110-ET-C', 1, 7, 3, 1, NULL),
(7466, 'SB44-120-ET-C', 1, 7, 3, 1, NULL),
(7467, 'SB42-110-CM-C', 1, 7, 3, 1, NULL),
(7468, 'SB41-110-ET-C', 1, 7, 3, 1, NULL),
(7469, 'SB39-110-ET-C', 1, 7, 3, 1, NULL),
(7470, 'SB34-110-TP-C', 1, 7, 3, 1, NULL),
(7471, 'SB33-110-ET-C', 1, 7, 3, 1, NULL),
(7472, 'SB29-110-ET-S', 1, 7, 3, 1, NULL),
(7473, 'SB27-210-LG-C', 1, 7, 3, 1, NULL),
(7474, 'SB27-120-LG-C', 1, 7, 3, 1, NULL),
(7475, 'SB25-110-ET-C', 1, 7, 3, 1, NULL),
(7476, 'SB24-130-ET-C', 1, 7, 3, 1, NULL),
(7477, 'SB24-120-ET-S', 1, 7, 3, 1, NULL),
(7478, 'SB24-110-LG-C', 1, 7, 3, 1, NULL),
(7479, 'SB23-130-ET-C', 1, 7, 3, 1, NULL),
(7480, 'SB23-110-ET-C', 1, 7, 3, 1, NULL),
(7481, 'SB20-120-ET-C', 1, 7, 3, 1, NULL),
(7482, 'SB20-110-ET-C', 1, 7, 3, 1, NULL),
(7483, 'sample (32\\\" kraft)\"', 1, 7, 3, 1, NULL),
(7484, 'S94-110-LG-C', 1, 7, 3, 1, NULL),
(7485, 'S91-111-ET-C', 1, 7, 3, 1, NULL),
(7486, 'S89-121-ET-C', 1, 7, 3, 1, NULL),
(7487, 'S89-111-ET-C', 1, 7, 3, 1, NULL),
(7488, 'S88-121-ET-C', 1, 7, 3, 1, NULL),
(7489, 'S88-110-QT-C', 1, 7, 3, 1, NULL),
(7490, 'S87-120-CM-C', 1, 7, 3, 1, NULL),
(7491, 'S87-111-SM-C', 1, 7, 3, 1, NULL),
(7492, 'S87-111-JM-C', 1, 7, 3, 1, NULL),
(7493, 'S87-111-CM-C', 1, 7, 3, 1, NULL),
(7494, 'S87-110-OD-S', 1, 7, 3, 1, NULL),
(7495, 'S86-111-ET-C', 1, 7, 3, 1, NULL),
(7496, 'S86-111-AC-C', 1, 7, 3, 1, NULL),
(7497, 'S86-110-OH-S', 1, 7, 3, 1, NULL),
(7498, 'S85-110-LG-C', 1, 7, 3, 1, NULL),
(7499, 'S84-121-ET-C', 1, 7, 3, 1, NULL),
(7500, 'S83-120-SP-C', 1, 7, 3, 1, NULL),
(7501, 'S83-110-WO-C', 1, 7, 3, 1, NULL),
(7502, 'S82-110-OH-S', 1, 7, 3, 1, NULL),
(7503, 'S81-110-QT-C', 1, 7, 3, 1, NULL),
(7504, 'S81-110-BG-C', 1, 7, 3, 1, NULL),
(7505, 'S80-110-JM-S', 1, 7, 3, 1, NULL),
(7506, 'S80-110-CM-S', 1, 7, 3, 1, NULL),
(7507, 'S78-131-ET-C', 1, 7, 3, 1, NULL),
(7508, 'S78-130-SP-C', 1, 7, 3, 1, NULL),
(7509, 'S75-121-ET-C', 1, 7, 3, 1, NULL),
(7510, 'S75-120-SP-C', 1, 7, 3, 1, NULL),
(7511, 'S75-110-OH-P', 1, 7, 3, 1, NULL),
(7512, 'S74-110-AC-S', 1, 7, 3, 1, NULL),
(7513, 'S73-121-ET-C', 1, 7, 3, 1, NULL),
(7514, 'S73-110-DW-S', 1, 7, 3, 1, NULL),
(7515, 'S72-111-LD-C', 1, 7, 3, 1, NULL),
(7516, 'S72-110-JM-S', 1, 7, 3, 1, NULL),
(7517, 'S71-130-SP-C', 1, 7, 3, 1, NULL),
(7518, 'S71-121-OH-C', 1, 7, 3, 1, NULL),
(7519, 'S71-111-WR-C', 1, 7, 3, 1, NULL),
(7520, 'S71-111-OH-C', 1, 7, 3, 1, NULL),
(7521, 'S70-111-WR-C', 1, 7, 3, 1, NULL),
(7522, 'S70-111-ET-C', 1, 7, 3, 1, NULL),
(7523, 'S69-211-AC-C', 1, 7, 3, 1, NULL),
(7524, 'S69-121-ET-C', 1, 7, 3, 1, NULL),
(7525, 'S69-111-ET-C', 1, 7, 3, 1, NULL),
(7526, 'S68-111-WR-C', 1, 7, 3, 1, NULL),
(7527, 'S68-111-ET-C', 1, 7, 3, 1, NULL),
(7528, 'S67-120-SP-C', 1, 7, 3, 1, NULL),
(7529, 'S66-131-ET-C', 1, 7, 3, 1, NULL),
(7530, 'S66-121-ET-C', 1, 7, 3, 1, NULL),
(7531, 'S66-111-ET-C', 1, 7, 3, 1, NULL),
(7532, 'S66-111-AC-C', 1, 7, 3, 1, NULL),
(7533, 'S65-111-ET-C', 1, 7, 3, 1, NULL),
(7534, 'S65-110-ET-C', 1, 7, 3, 1, NULL),
(7535, 'S64-111-ET-C', 1, 7, 3, 1, NULL),
(7536, 'S62-121-ET-C', 1, 7, 3, 1, NULL),
(7537, 'S62-111-WR-C', 1, 7, 3, 1, NULL),
(7538, 'S62-111-ET-C', 1, 7, 3, 1, NULL),
(7539, 'S62-111-BR-C', 1, 7, 3, 1, NULL),
(7540, 'S62-110-OH-S', 1, 7, 3, 1, NULL),
(7541, 'S62-110-ET-C', 1, 7, 3, 1, NULL),
(7542, 'S62-110-AC-S', 1, 7, 3, 1, NULL),
(7543, 'S61-120-ET-C', 1, 7, 3, 1, NULL),
(7544, 'S61-111-HN-C', 1, 7, 3, 1, NULL),
(7545, 'S61-111-ET-C', 1, 7, 3, 1, NULL),
(7546, 'S60-111-SM-C', 1, 7, 3, 1, NULL),
(7547, 'S60-111-AC-C', 1, 7, 3, 1, NULL),
(7548, 'S59-121-ET-C', 1, 7, 3, 1, NULL),
(7549, 'S59-111-ET-C', 1, 7, 3, 1, NULL),
(7550, 'S58-130-ET-C', 1, 7, 3, 1, NULL),
(7551, 'S58-111-ET-C', 1, 7, 3, 1, NULL),
(7552, 'S58-110-OH-S', 1, 7, 3, 1, NULL),
(7553, 'S57-110-ET-C', 1, 7, 3, 1, NULL),
(7554, 'S57-110-DW-S', 1, 7, 3, 1, NULL),
(7555, 'S56-120-LG-C', 1, 7, 3, 1, NULL),
(7556, 'S56-111-KS-C', 1, 7, 3, 1, NULL),
(7557, 'S56-111-ET-C', 1, 7, 3, 1, NULL),
(7558, 'S55-230-TC-B', 1, 7, 3, 1, NULL),
(7559, 'S55-131-ET-C', 1, 7, 3, 1, NULL),
(7560, 'S55-111-WR-C', 1, 7, 3, 1, NULL),
(7561, 'S55-111-ET-C', 1, 7, 3, 1, NULL),
(7562, 'S55-110-VP-C', 1, 7, 3, 1, NULL),
(7563, 'S54-111-ET-C', 1, 7, 3, 1, NULL),
(7564, 'S52-121-ET-C', 1, 7, 3, 1, NULL),
(7565, 'S52-120-ET-S', 1, 7, 3, 1, NULL),
(7566, 'S52-110-CM-S', 1, 7, 3, 1, NULL),
(7567, 'S51-121-ET-C', 1, 7, 3, 1, NULL),
(7568, 'S51-120-ET-C', 1, 7, 3, 1, NULL),
(7569, 'S51-111-ET-C', 1, 7, 3, 1, NULL),
(7570, 'S49-110-WO-C', 1, 7, 3, 1, NULL),
(7571, 'S48-121-OH-C', 1, 7, 3, 1, NULL),
(7572, 'S48-120-ET-C', 1, 7, 3, 1, NULL),
(7573, 'S48-111-OH-C', 1, 7, 3, 1, NULL),
(7574, 'S48-111-ET-C', 1, 7, 3, 1, NULL),
(7575, 'S47-120-OH-S', 1, 7, 3, 1, NULL),
(7576, 'S47-111-SM-C', 1, 7, 3, 1, NULL),
(7577, 'S47-110-QT-C', 1, 7, 3, 1, NULL),
(7578, 'S46-121-ET-C', 1, 7, 3, 1, NULL),
(7579, 'S46-120-ET-C', 1, 7, 3, 1, NULL),
(7580, 'S46-111-ET-C', 1, 7, 3, 1, NULL),
(7581, 'S46-110-ET-S', 1, 7, 3, 1, NULL),
(7582, 'S45-111-ET-C', 1, 7, 3, 1, NULL),
(7583, 'S45-110-OH-S', 1, 7, 3, 1, NULL),
(7584, 'S44-121-ET-C', 1, 7, 3, 1, NULL),
(7585, 'S44-110-ET-S', 1, 7, 3, 1, NULL),
(7586, 'S43-131-ET-C', 1, 7, 3, 1, NULL),
(7587, 'S43-121-ET-C', 1, 7, 3, 1, NULL),
(7588, 'S43-111-ET-C', 1, 7, 3, 1, NULL),
(7589, 'S42-131-ET-C', 1, 7, 3, 1, NULL),
(7590, 'S42-111-FR-C', 1, 7, 3, 1, NULL),
(7591, 'S42-110-CM-C', 1, 7, 3, 1, NULL),
(7592, 'S40-210-DT-C', 1, 7, 3, 1, NULL),
(7593, 'S40-120-LG-C', 1, 7, 3, 1, NULL),
(7594, 'S40-111-ET-C', 1, 7, 3, 1, NULL),
(7595, 'S40-110-ET-C', 1, 7, 3, 1, NULL),
(7596, 'S39-140-ET-C', 1, 7, 3, 1, NULL),
(7597, 'S39-131-ET-C', 1, 7, 3, 1, NULL),
(7598, 'S39-110-ET-C', 1, 7, 3, 1, NULL),
(7599, 'S38-111-HN-C', 1, 7, 3, 1, NULL),
(7600, 'S38-110-ET-C', 1, 7, 3, 1, NULL),
(7601, 'S37-120-ET-S', 1, 7, 3, 1, NULL),
(7602, 'S37-110-QT-C', 1, 7, 3, 1, NULL),
(7603, 's36-111-et-c', 1, 7, 3, 1, NULL),
(7604, 'S36-110-ET-C', 1, 7, 3, 1, NULL),
(7605, 'S35-120-ET-S', 1, 7, 3, 1, NULL),
(7606, 'S35-111-ET-C', 1, 7, 3, 1, NULL),
(7607, 'S35-110-ET-S', 1, 7, 3, 1, NULL),
(7608, 'S34-120-ET-S', 1, 7, 3, 1, NULL),
(7609, 'S34-111-ET-C', 1, 7, 3, 1, NULL),
(7610, 'S34-110-ET-C', 1, 7, 3, 1, NULL),
(7611, 'S33-120-ET-C', 1, 7, 3, 1, NULL),
(7612, 'S33-111-ET-C', 1, 7, 3, 1, NULL),
(7613, 'S32-210-DT-C', 1, 7, 3, 1, NULL),
(7614, 'S32-170-ET-C', 1, 7, 3, 1, NULL),
(7615, 'S32-160-LG-C', 1, 7, 3, 1, NULL),
(7616, 'S32-140-LG-C', 1, 7, 3, 1, NULL),
(7617, 'S32-130-LG-C', 1, 7, 3, 1, NULL),
(7618, 'S32-120-LG-C', 1, 7, 3, 1, NULL),
(7619, 'S32-120-ET-C', 1, 7, 3, 1, NULL),
(7620, 'S32-110-LG-C', 1, 7, 3, 1, NULL),
(7621, 'S32-110-CM-S', 1, 7, 3, 1, NULL),
(7622, 'S31-110-ET-C', 1, 7, 3, 1, NULL),
(7623, 'S29-220-LG-C', 1, 7, 3, 1, NULL),
(7624, 'S29-120-ET-S', 1, 7, 3, 1, NULL),
(7625, 'S28-150-LG-C', 1, 7, 3, 1, NULL),
(7626, 'S28-140-LG-C', 1, 7, 3, 1, NULL),
(7627, 'S28-130-LG-C', 1, 7, 3, 1, NULL),
(7628, 'S28-120-LG-C', 1, 7, 3, 1, NULL),
(7629, 'S28-110-LG-C', 1, 7, 3, 1, NULL),
(7630, 'S27-170-LG-C', 1, 7, 3, 1, NULL),
(7631, 'S27-160-LG-C', 1, 7, 3, 1, NULL),
(7632, 'S27-120-LG-C', 1, 7, 3, 1, NULL),
(7633, 'S24-230-DT-C', 1, 7, 3, 1, NULL),
(7634, 'S24-220-DT-C', 1, 7, 3, 1, NULL),
(7635, 'S24-210-DT-C', 1, 7, 3, 1, NULL),
(7636, 'S24-190-LG-C', 1, 7, 3, 1, NULL),
(7637, 'S24-170-LG-C', 1, 7, 3, 1, NULL),
(7638, 'S24-160-LG-C', 1, 7, 3, 1, NULL),
(7639, 'S24-150-LG-C', 1, 7, 3, 1, NULL),
(7640, 'S24-140-LG-C', 1, 7, 3, 1, NULL),
(7641, 'S24-130-LG-C', 1, 7, 3, 1, NULL),
(7642, 'S24-120-LG-C', 1, 7, 3, 1, NULL),
(7643, 'S24-111-CS-C', 1, 7, 3, 1, NULL),
(7644, 'S24-110-LG-C', 1, 7, 3, 1, NULL),
(7645, 'S23-120-LG-C', 1, 7, 3, 1, NULL),
(7646, 'S22-140-LG-C', 1, 7, 3, 1, '2019-12-01 00:00:00'),
(7647, 'S22-120-LG-C', 1, 7, 3, 1, NULL),
(7648, 'S22-110-LG-C', 1, 7, 3, 1, NULL),
(7649, 'S20-120-LG-C', 1, 7, 3, 1, NULL),
(7650, 'S20-111-ET-C', 1, 7, 3, 1, NULL),
(7651, 'S20-110-LG-C', 1, 7, 3, 1, NULL),
(7652, 'S18-110-ET-S', 1, 7, 3, 1, NULL),
(7653, 'S108-111-ET-C', 1, 7, 3, 1, NULL),
(7654, 'S100-CHICAGO', 1, 7, 3, 1, NULL),
(7655, 'S100-111-ET-C', 1, 7, 3, 1, NULL),
(7656, 'E-FLAUTA', 1, 7, 3, 1, NULL),
(7657, 'DW65-210-LG-C', 1, 7, 3, 1, NULL),
(7658, 'DW55-110-LG-C', 1, 7, 3, 1, NULL),
(7659, 'DW50-120-LG-C', 1, 7, 3, 1, NULL),
(7660, 'DW50-110-LG-C', 1, 7, 3, 1, NULL),
(7661, 'DW49-170-LG-C', 1, 7, 3, 1, NULL),
(7662, 'DW49-160-LG-C', 1, 7, 3, 1, NULL),
(7663, 'DW49-150-LG-C', 1, 7, 3, 1, NULL),
(7664, 'DW49-140-LG-C', 1, 7, 3, 1, NULL),
(7665, 'DW49-130-LG-C', 1, 7, 3, 1, NULL),
(7666, 'DW49-120-LG-C', 1, 7, 3, 1, NULL),
(7667, 'DW43-170-LG-C', 1, 7, 3, 1, NULL),
(7668, 'DW43-130-LG-C', 1, 7, 3, 1, NULL),
(7669, 'DW43-110-LG-C', 1, 7, 3, 1, NULL),
(7670, 'D94-111-DW-C', 1, 7, 3, 1, NULL),
(7671, 'D93-111-DW-C', 1, 7, 3, 1, NULL),
(7672, 'D89-111-OD-C', 1, 7, 3, 1, NULL),
(7673, 'D88-110-DW-C', 1, 7, 3, 1, NULL),
(7674, 'D85-111-OH-C', 1, 7, 3, 1, NULL),
(7675, 'D78-111-DW-C', 1, 7, 3, 1, NULL),
(7676, 'D77-111-DW-C', 1, 7, 3, 1, NULL),
(7677, 'D68-110-ET-S', 1, 7, 3, 1, NULL),
(7678, 'D65-220-TC-C', 1, 7, 3, 1, NULL),
(7679, 'D65-210-LG-C', 1, 7, 3, 1, NULL),
(7680, 'D55-240-TC-C', 1, 7, 3, 1, NULL),
(7681, 'D55-220-TC-C', 1, 7, 3, 1, NULL),
(7682, 'D55-120-LG-C', 1, 7, 3, 1, NULL),
(7683, 'D55-110-LG-C', 1, 7, 3, 1, NULL),
(7684, 'D50-220-TC-C', 1, 7, 3, 1, NULL),
(7685, 'D50-210-DT-C', 1, 7, 3, 1, NULL),
(7686, 'D49-210-DT-C', 1, 7, 3, 1, NULL),
(7687, 'D49-150-LG-C', 1, 7, 3, 1, NULL),
(7688, 'D49-140-LG-C', 1, 7, 3, 1, NULL),
(7689, 'D49-130-LG-C', 1, 7, 3, 1, NULL),
(7690, 'D49-110-LG-C', 1, 7, 3, 1, NULL),
(7691, 'D43-220-TC-C', 1, 7, 3, 1, NULL),
(7692, 'D43-170-LG-C', 1, 7, 3, 1, NULL),
(7693, 'D43-160-LG-C', 1, 7, 3, 1, NULL),
(7694, 'D43-150-LG-C', 1, 7, 3, 1, NULL),
(7695, 'D43-140-LG-C', 1, 7, 3, 1, NULL),
(7696, 'D43-120-LG-C', 1, 7, 3, 1, NULL),
(7697, 'D43-110-LG-C', 1, 7, 3, 1, NULL),
(7698, 'D32-220-TC-C', 1, 7, 3, 1, NULL),
(7699, 'D32-150-TC-C', 1, 7, 3, 1, NULL),
(7700, 'D32-110-LG-C', 1, 7, 3, 1, NULL),
(7701, 'D27-110-LG-C', 1, 7, 3, 1, NULL),
(7702, 'D118-111-ET-C', 1, 7, 3, 1, NULL),
(7703, 'D111-111-ET-C', 1, 7, 3, 1, NULL),
(7704, 'D102-111-ETC', 1, 7, 3, 1, NULL),
(7705, 'PK518814ML-B', 10, 11, 3, 1, '2019-12-01 17:51:05'),
(7706, 'MAY69320307', 1, 3, 3, 1, '2019-12-01 21:43:35');

-- --------------------------------------------------------

--
-- Estructura de tabla para la tabla `parteposicionbodega`
--

CREATE TABLE `parteposicionbodega` (
  `idparteposicionbodega` int(11) NOT NULL,
  `idpalletcajas` int(11) NOT NULL,
  `numero` int(11) NOT NULL,
  `idposicion` int(11) NOT NULL,
  `ordensalida` tinyint(1) NOT NULL,
  `salida` tinyint(1) NOT NULL,
  `idusuario` int(11) NOT NULL,
  `fecharegistro` datetime NOT NULL
) ENGINE=InnoDB DEFAULT CHARSET=latin1;

--
-- Volcado de datos para la tabla `parteposicionbodega`
--

INSERT INTO `parteposicionbodega` (`idparteposicionbodega`, `idpalletcajas`, `numero`, `idposicion`, `ordensalida`, `salida`, `idusuario`, `fecharegistro`) VALUES
(449, 453, 1, 11, 0, 0, 3, '2019-12-01 22:36:05'),
(450, 454, 1, 19, 0, 0, 3, '2019-12-01 22:36:05'),
(451, 455, 1, 18, 0, 0, 3, '2019-12-01 22:36:05'),
(452, 456, 1, 26, 0, 0, 3, '2019-12-01 22:36:05'),
(453, 457, 1, 25, 0, 0, 3, '2019-12-01 22:36:05'),
(454, 458, 1, 14, 0, 0, 3, '2019-12-01 22:36:05'),
(455, 459, 1, 31, 0, 0, 3, '2019-12-01 22:36:05'),
(456, 460, 1, 18, 0, 0, 3, '2019-12-01 22:36:05'),
(457, 461, 1, 91, 0, 0, 3, '2019-12-01 22:36:05'),
(458, 462, 1, 25, 0, 0, 3, '2019-12-01 22:36:05'),
(459, 463, 1, 18, 0, 0, 3, '2019-12-01 22:36:05'),
(460, 464, 1, 19, 0, 0, 3, '2019-12-01 22:36:05'),
(461, 465, 1, 23, 0, 0, 3, '2019-12-01 22:36:05'),
(462, 466, 1, 19, 0, 0, 3, '2019-12-01 22:36:05'),
(463, 467, 1, 32, 0, 0, 3, '2019-12-01 22:36:05'),
(464, 468, 1, 91, 0, 0, 3, '2019-12-01 22:36:05'),
(465, 469, 1, 91, 0, 0, 3, '2019-12-01 22:36:05'),
(466, 470, 1, 91, 0, 0, 3, '2019-12-01 22:36:05'),
(467, 471, 1, 32, 0, 0, 3, '2019-12-01 22:36:05'),
(468, 472, 1, 91, 0, 0, 3, '2019-12-01 22:36:05'),
(469, 473, 1, 19, 0, 0, 3, '2019-12-01 22:36:05'),
(470, 474, 1, 25, 0, 0, 3, '2019-12-01 22:36:05'),
(471, 475, 1, 25, 0, 0, 3, '2019-12-01 22:36:05'),
(472, 476, 1, 19, 0, 0, 3, '2019-12-01 22:36:05'),
(473, 477, 1, 24, 0, 0, 3, '2019-12-01 22:36:05'),
(474, 478, 1, 32, 0, 0, 3, '2019-12-01 22:36:06'),
(475, 479, 1, 23, 0, 0, 3, '2019-12-01 22:36:06'),
(476, 480, 1, 17, 0, 0, 3, '2019-12-01 22:36:06'),
(477, 481, 1, 19, 0, 0, 3, '2019-12-01 22:36:06'),
(478, 482, 1, 92, 0, 0, 3, '2019-12-01 22:36:06'),
(479, 483, 1, 18, 0, 0, 3, '2019-12-01 22:36:06'),
(480, 484, 1, 50, 0, 0, 3, '2019-12-01 22:36:06'),
(481, 485, 1, 18, 0, 0, 3, '2019-12-01 22:36:06'),
(482, 486, 1, 31, 0, 0, 3, '2019-12-01 22:36:06'),
(483, 487, 1, 23, 0, 0, 3, '2019-12-01 22:36:06'),
(484, 488, 1, 19, 0, 0, 3, '2019-12-01 22:36:06'),
(485, 489, 1, 18, 0, 0, 3, '2019-12-01 22:36:06'),
(486, 490, 1, 17, 0, 0, 3, '2019-12-01 22:36:06'),
(487, 491, 1, 32, 0, 0, 3, '2019-12-01 22:36:06'),
(488, 492, 1, 91, 0, 0, 3, '2019-12-01 22:36:06'),
(489, 493, 1, 28, 0, 0, 3, '2019-12-01 22:36:06'),
(490, 494, 1, 91, 0, 0, 3, '2019-12-01 22:36:06'),
(491, 495, 1, 21, 0, 0, 3, '2019-12-01 22:36:06'),
(492, 496, 1, 39, 0, 0, 3, '2019-12-01 22:36:06'),
(493, 497, 1, 25, 0, 0, 3, '2019-12-01 22:36:06'),
(494, 498, 1, 19, 0, 0, 3, '2019-12-01 22:36:06'),
(495, 499, 1, 19, 0, 0, 3, '2019-12-01 22:36:06'),
(496, 500, 1, 29, 0, 0, 3, '2019-12-01 22:36:06'),
(497, 501, 1, 17, 0, 0, 3, '2019-12-01 22:36:06'),
(498, 502, 1, 20, 0, 0, 3, '2019-12-01 22:36:06'),
(499, 503, 1, 14, 0, 0, 3, '2019-12-01 22:36:06'),
(500, 504, 1, 91, 0, 0, 3, '2019-12-01 22:36:07'),
(501, 505, 1, 19, 0, 0, 3, '2019-12-01 22:36:07'),
(502, 506, 1, 91, 0, 0, 3, '2019-12-01 22:36:07'),
(503, 507, 1, 47, 0, 0, 3, '2019-12-01 22:36:07'),
(504, 508, 1, 49, 0, 0, 3, '2019-12-01 22:36:07'),
(505, 509, 1, 9, 0, 0, 3, '2019-12-01 22:36:07'),
(506, 510, 1, 3, 0, 0, 3, '2019-12-01 22:36:07'),
(507, 511, 1, 4, 0, 0, 3, '2019-12-01 22:36:07'),
(508, 512, 1, 32, 0, 0, 3, '2019-12-01 22:36:07'),
(509, 513, 1, 36, 0, 0, 3, '2019-12-01 22:36:07'),
(510, 514, 1, 13, 0, 0, 3, '2019-12-01 22:36:07'),
(511, 515, 1, 27, 0, 0, 3, '2019-12-01 22:36:07'),
(512, 516, 1, 10, 0, 0, 3, '2019-12-01 22:36:07'),
(513, 517, 1, 12, 0, 0, 3, '2019-12-01 22:36:07'),
(514, 518, 1, 12, 0, 0, 3, '2019-12-01 22:36:07'),
(515, 519, 1, 52, 0, 0, 3, '2019-12-01 22:36:07'),
(516, 520, 1, 15, 0, 0, 3, '2019-12-01 22:36:07'),
(517, 521, 1, 49, 0, 0, 3, '2019-12-01 22:36:07'),
(518, 522, 1, 2, 0, 0, 3, '2019-12-01 22:36:07'),
(519, 523, 1, 9, 0, 0, 3, '2019-12-01 22:36:07'),
(520, 524, 1, 9, 0, 0, 3, '2019-12-01 22:36:07'),
(521, 525, 1, 1, 0, 0, 3, '2019-12-01 22:36:07'),
(522, 526, 1, 21, 0, 0, 3, '2019-12-01 22:36:07'),
(523, 527, 1, 42, 0, 0, 3, '2019-12-01 22:36:07'),
(524, 528, 1, 47, 0, 0, 3, '2019-12-01 22:36:07'),
(525, 529, 1, 50, 0, 0, 3, '2019-12-01 22:36:07'),
(526, 530, 1, 12, 0, 0, 3, '2019-12-01 22:36:07'),
(527, 531, 1, 7, 0, 0, 3, '2019-12-01 22:36:08'),
(528, 532, 1, 24, 0, 0, 3, '2019-12-01 22:36:08'),
(529, 533, 1, 29, 0, 0, 3, '2019-12-01 22:36:08'),
(530, 534, 1, 29, 0, 0, 3, '2019-12-01 22:36:08'),
(531, 535, 1, 5, 0, 0, 3, '2019-12-01 22:36:08'),
(532, 536, 1, 41, 0, 0, 3, '2019-12-01 22:36:08'),
(533, 537, 1, 91, 0, 0, 3, '2019-12-01 22:36:08'),
(534, 538, 1, 35, 0, 0, 3, '2019-12-01 22:36:08'),
(535, 539, 1, 51, 0, 0, 3, '2019-12-01 22:36:08'),
(536, 540, 1, 10, 0, 0, 3, '2019-12-01 22:36:08'),
(537, 541, 1, 6, 0, 0, 3, '2019-12-01 22:36:08'),
(538, 542, 1, 36, 0, 0, 3, '2019-12-01 22:36:08'),
(539, 543, 1, 49, 0, 0, 3, '2019-12-01 22:36:08'),
(540, 544, 1, 10, 0, 0, 3, '2019-12-01 22:36:08'),
(541, 545, 1, 10, 0, 0, 3, '2019-12-01 22:36:08'),
(542, 546, 1, 32, 0, 0, 3, '2019-12-01 22:36:08'),
(543, 547, 1, 12, 0, 0, 3, '2019-12-01 22:36:08'),
(544, 548, 1, 10, 0, 0, 3, '2019-12-01 22:36:08'),
(545, 549, 1, 26, 0, 0, 3, '2019-12-01 22:36:08'),
(546, 550, 1, 49, 0, 0, 3, '2019-12-01 22:36:08'),
(547, 551, 1, 27, 0, 0, 3, '2019-12-01 22:36:08'),
(548, 552, 1, 32, 0, 0, 3, '2019-12-01 22:36:08'),
(549, 553, 1, 93, 0, 0, 3, '2019-12-01 22:36:08'),
(550, 554, 1, 94, 0, 0, 3, '2019-12-01 22:36:08'),
(551, 555, 1, 24, 0, 0, 3, '2019-12-01 22:36:08'),
(552, 556, 1, 91, 0, 0, 3, '2019-12-01 22:36:08'),
(553, 557, 1, 49, 0, 0, 3, '2019-12-01 22:36:08'),
(554, 558, 1, 91, 0, 0, 3, '2019-12-01 22:36:08'),
(555, 559, 1, 8, 0, 0, 3, '2019-12-01 22:36:08'),
(556, 560, 1, 14, 0, 0, 3, '2019-12-01 22:36:08'),
(557, 561, 1, 11, 0, 0, 3, '2019-12-01 22:36:09'),
(558, 562, 1, 20, 0, 0, 3, '2019-12-01 22:36:09'),
(559, 563, 1, 19, 0, 0, 3, '2019-12-01 22:36:09'),
(560, 564, 1, 14, 0, 0, 3, '2019-12-01 22:36:09'),
(561, 604, 1, 91, 0, 0, 3, '2019-12-01 00:00:00'),
(562, 605, 1, 3, 0, 0, 3, '2019-12-01 00:00:00'),
(563, 606, 0, 4, 0, 0, 3, '2019-12-01 00:00:00'),
(564, 607, 1, 36, 0, 0, 3, '2019-12-01 00:00:00'),
(565, 608, 1, 32, 0, 0, 3, '2019-12-01 00:00:00'),
(566, 609, 1, 13, 0, 0, 3, '2019-12-01 00:00:00'),
(567, 610, 1, 50, 0, 0, 3, '2019-12-01 00:00:00'),
(568, 612, 1, 7, 0, 0, 3, '2019-12-01 00:00:00'),
(569, 585, 1, 93, 0, 0, 21, '2019-12-03 10:17:11'),
(570, 586, 1, 93, 0, 0, 21, '2019-12-03 10:17:11'),
(571, 587, 1, 93, 0, 0, 21, '2019-12-03 10:17:11'),
(572, 588, 1, 93, 0, 0, 21, '2019-12-03 10:17:11'),
(573, 589, 1, 93, 0, 0, 21, '2019-12-03 10:17:11'),
(575, 575, 1, 93, 0, 0, 3, '2019-12-03 10:20:25'),
(576, 576, 1, 93, 0, 0, 3, '2019-12-03 10:20:52'),
(577, 577, 1, 93, 0, 0, 3, '2019-12-03 10:20:52'),
(578, 578, 1, 93, 0, 0, 3, '2019-12-03 10:20:52'),
(579, 579, 1, 93, 0, 0, 3, '2019-12-03 10:20:52'),
(580, 580, 1, 93, 0, 0, 3, '2019-12-03 10:20:52'),
(581, 581, 1, 93, 0, 0, 3, '2019-12-03 10:20:52'),
(582, 582, 1, 93, 0, 0, 3, '2019-12-03 10:20:52'),
(583, 583, 1, 93, 0, 0, 3, '2019-12-03 10:20:52'),
(584, 584, 1, 93, 0, 0, 3, '2019-12-03 10:20:52'),
(585, 590, 1, 84, 0, 0, 21, '2019-12-03 10:25:44'),
(586, 594, 1, 95, 0, 0, 21, '2019-12-03 10:27:06'),
(587, 595, 1, 95, 0, 0, 21, '2019-12-03 10:27:06'),
(588, 596, 1, 95, 0, 0, 21, '2019-12-03 10:27:06'),
(589, 597, 1, 95, 0, 0, 21, '2019-12-03 10:27:06'),
(590, 598, 1, 95, 0, 0, 21, '2019-12-03 10:27:06'),
(591, 599, 1, 95, 0, 0, 21, '2019-12-03 10:27:06'),
(592, 600, 1, 95, 0, 0, 21, '2019-12-03 10:27:06'),
(593, 601, 1, 95, 0, 0, 21, '2019-12-03 10:27:06'),
(594, 602, 1, 95, 0, 0, 21, '2019-12-03 10:27:06'),
(595, 603, 1, 95, 0, 0, 21, '2019-12-03 10:27:06'),
(596, 611, 1, 88, 0, 0, 21, '2019-12-03 13:55:16'),
(597, 613, 1, 82, 0, 0, 21, '2019-12-03 13:56:35'),
(598, 614, 1, 82, 0, 0, 21, '2019-12-03 13:56:35'),
(599, 615, 1, 82, 0, 0, 21, '2019-12-03 13:56:35'),
(600, 625, 1, 84, 0, 0, 21, '2019-12-03 13:56:57'),
(601, 626, 1, 84, 0, 0, 21, '2019-12-03 13:56:57'),
(602, 627, 1, 84, 0, 0, 21, '2019-12-03 13:56:57'),
(603, 628, 1, 84, 0, 0, 21, '2019-12-03 13:56:57'),
(604, 616, 1, 84, 0, 0, 21, '2019-12-03 13:57:32'),
(605, 617, 1, 84, 0, 0, 21, '2019-12-03 13:57:32'),
(606, 618, 1, 84, 0, 0, 21, '2019-12-03 13:57:32'),
(607, 619, 1, 84, 0, 0, 21, '2019-12-03 13:57:32'),
(608, 620, 1, 84, 0, 0, 21, '2019-12-03 13:57:32'),
(609, 623, 1, 84, 0, 0, 21, '2019-12-03 13:57:32'),
(610, 624, 1, 84, 0, 0, 21, '2019-12-03 13:57:32'),
(611, 621, 1, 18, 0, 0, 21, '2019-12-03 13:58:06'),
(612, 622, 1, 18, 0, 0, 21, '2019-12-03 13:58:06'),
(613, 629, 1, 3, 0, 0, 21, '2019-12-03 13:58:36'),
(614, 630, 1, 3, 0, 0, 21, '2019-12-03 13:58:36'),
(615, 631, 1, 3, 0, 0, 21, '2019-12-03 13:58:36'),
(616, 632, 1, 3, 0, 0, 21, '2019-12-03 13:58:36'),
(617, 633, 1, 3, 0, 0, 21, '2019-12-03 13:58:36'),
(618, 634, 1, 3, 0, 0, 21, '2019-12-03 13:58:36'),
(619, 635, 1, 3, 0, 0, 21, '2019-12-03 13:58:36'),
(620, 636, 1, 3, 0, 0, 21, '2019-12-03 13:58:36'),
(621, 637, 1, 3, 0, 0, 21, '2019-12-03 13:58:36'),
(622, 638, 1, 3, 0, 0, 21, '2019-12-03 13:58:36'),
(623, 639, 1, 95, 0, 0, 21, '2019-12-03 13:59:05'),
(624, 646, 1, 95, 0, 0, 21, '2019-12-03 14:00:02'),
(625, 649, 1, 12, 0, 0, 21, '2019-12-03 14:00:37'),
(626, 650, 1, 12, 0, 0, 21, '2019-12-03 14:00:37'),
(627, 651, 1, 12, 0, 0, 21, '2019-12-03 14:00:37'),
(628, 652, 1, 12, 0, 0, 21, '2019-12-03 14:00:37'),
(629, 653, 1, 12, 0, 0, 21, '2019-12-03 14:00:37'),
(630, 654, 1, 25, 0, 0, 21, '2019-12-03 14:32:02'),
(631, 655, 1, 25, 0, 0, 21, '2019-12-03 14:32:02'),
(632, 656, 1, 12, 0, 0, 21, '2019-12-03 14:32:23'),
(633, 657, 1, 95, 0, 0, 21, '2019-12-03 14:32:34'),
(634, 659, 1, 26, 0, 0, 21, '2019-12-03 14:32:58'),
(635, 660, 1, 26, 0, 0, 21, '2019-12-03 14:32:58'),
(636, 661, 1, 21, 0, 0, 21, '2019-12-03 14:37:24'),
(645, 671, 1, 23, 0, 0, 21, '2019-12-03 14:38:57'),
(646, 672, 1, 23, 0, 0, 21, '2019-12-03 14:38:57'),
(647, 673, 1, 23, 0, 0, 21, '2019-12-03 14:38:57'),
(648, 674, 1, 23, 0, 0, 21, '2019-12-03 14:38:58'),
(649, 676, 1, 36, 0, 0, 21, '2019-12-03 14:39:29'),
(650, 677, 1, 36, 0, 0, 21, '2019-12-03 14:39:29'),
(651, 678, 1, 36, 0, 0, 21, '2019-12-03 14:39:29'),
(652, 679, 1, 36, 0, 0, 21, '2019-12-03 14:39:29'),
(653, 680, 1, 36, 0, 0, 21, '2019-12-03 14:39:29'),
(654, 681, 1, 36, 0, 0, 21, '2019-12-03 14:39:29'),
(655, 682, 1, 95, 0, 0, 21, '2019-12-03 14:40:02'),
(656, 683, 1, 95, 0, 0, 21, '2019-12-03 14:40:02'),
(657, 684, 1, 95, 0, 0, 21, '2019-12-03 14:40:02'),
(658, 685, 1, 95, 0, 0, 21, '2019-12-03 14:40:02'),
(659, 686, 1, 95, 0, 0, 21, '2019-12-03 14:40:02'),
(660, 687, 1, 95, 0, 0, 21, '2019-12-03 14:40:02'),
(661, 688, 1, 95, 0, 0, 21, '2019-12-03 14:40:02'),
(662, 689, 1, 95, 0, 0, 21, '2019-12-03 14:40:02'),
(663, 690, 1, 95, 0, 0, 21, '2019-12-03 14:40:02'),
(664, 691, 1, 95, 0, 0, 21, '2019-12-03 14:40:02'),
(665, 695, 1, 95, 0, 0, 21, '2019-12-03 14:40:24'),
(666, 698, 1, 7, 0, 0, 21, '2019-12-03 14:40:55'),
(667, 699, 1, 7, 0, 0, 21, '2019-12-03 14:40:55'),
(668, 692, 1, 23, 0, 0, 21, '2019-12-03 14:41:11'),
(669, 693, 1, 51, 0, 0, 21, '2019-12-03 14:41:32'),
(672, 710, 1, 93, 0, 0, 21, '2019-12-03 14:42:16'),
(673, 711, 1, 93, 0, 0, 21, '2019-12-03 14:42:16');

-- --------------------------------------------------------

--
-- Estructura de tabla para la tabla `permissions`
--

CREATE TABLE `permissions` (
  `id` int(10) NOT NULL,
  `uri` varchar(255) COLLATE utf8_unicode_ci NOT NULL,
  `description` varchar(120) COLLATE utf8_unicode_ci NOT NULL
) ENGINE=InnoDB DEFAULT CHARSET=utf8 COLLATE=utf8_unicode_ci;

--
-- Volcado de datos para la tabla `permissions`
--

INSERT INTO `permissions` (`id`, `uri`, `description`) VALUES
(14, 'permiso/*', 'Permisos'),
(21, 'client/*', 'Cliente'),
(22, 'transferencia/*', 'Modulo Packing'),
(24, 'rol/*', 'Roles'),
(25, 'user/*', 'Usuarios'),
(26, 'turno/*', 'Turnos'),
(27, 'reporte/*', 'Modulo Reportes'),
(28, 'calidadp/*', 'Modulo Calidad'),
(29, 'bodegap/*', 'Modulo Almacen'),
(30, 'salida/*', 'Modulo Salida'),
(31, 'inventario/*', 'Modulo Inventario'),
(32, 'orden/*', 'Ordenes de Salidas'),
(48, 'parte/*', 'Partes'),
(49, 'catalogo/*', 'Catalogo'),
(50, 'modelo/*', 'Modelo'),
(51, 'revision/*', 'Revision'),
(52, 'cantidad/*', 'Cantidad'),
(53, 'linea/*', 'Linea'),
(54, 'ubicacion/*', 'Ubicacion'),
(55, 'motivorechazo/*', 'Motivos de rechazo'),
(56, 'warehouse/*', 'Movimientos'),
(57, 'almacen/*', 'Locacion'),
(58, 'categoria/*', 'Modulo de categorias'),
(59, 'hold/*', 'Modulo Hold'),
(60, 'proceso/*', 'Modulo de Procesos');

-- --------------------------------------------------------

--
-- Estructura de tabla para la tabla `permission_rol`
--

CREATE TABLE `permission_rol` (
  `id` int(10) NOT NULL,
  `permission_id` int(10) NOT NULL,
  `rol_id` int(10) NOT NULL
) ENGINE=InnoDB DEFAULT CHARSET=latin1;

--
-- Volcado de datos para la tabla `permission_rol`
--

INSERT INTO `permission_rol` (`id`, `permission_id`, `rol_id`) VALUES
(40, 30, 5),
(58, 29, 4),
(62, 22, 3),
(65, 28, 2),
(93, 60, 6),
(94, 14, 1),
(95, 21, 1),
(96, 22, 1),
(97, 24, 1),
(98, 25, 1),
(99, 26, 1),
(100, 27, 1),
(101, 28, 1),
(102, 29, 1),
(103, 30, 1),
(104, 31, 1),
(105, 32, 1),
(106, 48, 1),
(107, 49, 1),
(108, 50, 1),
(109, 51, 1),
(110, 52, 1),
(111, 53, 1),
(112, 54, 1),
(113, 55, 1),
(114, 56, 1),
(115, 57, 1),
(116, 58, 1),
(117, 59, 1),
(118, 60, 1);

-- --------------------------------------------------------

--
-- Estructura de tabla para la tabla `posicionbodega`
--

CREATE TABLE `posicionbodega` (
  `idposicion` int(11) NOT NULL,
  `nombreposicion` varchar(150) NOT NULL,
  `activo` tinyint(1) NOT NULL
) ENGINE=InnoDB DEFAULT CHARSET=latin1;

--
-- Volcado de datos para la tabla `posicionbodega`
--

INSERT INTO `posicionbodega` (`idposicion`, `nombreposicion`, `activo`) VALUES
(1, 'A1', 1),
(2, 'A2', 1),
(3, 'A3', 1),
(4, 'A4', 1),
(5, 'A5', 1),
(6, 'A6', 1),
(7, 'A7', 1),
(8, 'A8', 1),
(9, 'A9', 1),
(10, 'A10', 1),
(11, 'A11', 1),
(12, 'A12', 1),
(13, 'A13', 1),
(14, 'A14', 1),
(15, 'A15', 1),
(16, 'A18', 1),
(17, 'B1', 1),
(18, 'B2', 1),
(19, 'B3', 1),
(20, 'B4', 1),
(21, 'B5', 1),
(22, 'B6', 1),
(23, 'B7', 1),
(24, 'B8', 1),
(25, 'B9', 1),
(26, 'B10', 1),
(27, 'B11', 1),
(28, 'B12', 1),
(29, 'B13', 1),
(30, 'B14', 1),
(31, 'B15', 1),
(32, 'B16', 1),
(33, 'B17', 1),
(34, 'B18', 1),
(35, 'C1', 1),
(36, 'C2', 1),
(37, 'C3', 1),
(38, 'C4', 1),
(39, 'C5', 1),
(40, 'C6', 1),
(41, 'C7', 1),
(42, 'C8', 1),
(43, 'C9', 1),
(44, 'C10', 1),
(45, 'C11', 1),
(46, 'C12', 1),
(47, 'C13', 1),
(48, 'C14', 1),
(49, 'C15', 1),
(50, 'C16', 1),
(51, 'C17', 1),
(52, 'C18', 1),
(53, 'C19', 1),
(54, 'C20', 1),
(55, 'C21', 1),
(56, 'C22', 1),
(57, 'C23', 1),
(58, 'C24', 1),
(59, 'C25', 1),
(60, 'C26', 1),
(61, 'C27', 1),
(62, 'C28', 1),
(63, 'C29', 1),
(64, 'C30', 1),
(65, 'C31', 1),
(66, 'C32', 1),
(67, 'C33', 1),
(68, 'C34', 1),
(69, 'C35', 1),
(70, 'C36', 1),
(71, 'D1', 1),
(72, 'D2', 1),
(73, 'D3', 1),
(74, 'D4', 1),
(75, 'D5', 1),
(76, 'D6', 1),
(77, 'D7', 1),
(78, 'D8', 1),
(79, 'D9', 1),
(80, 'D10', 1),
(81, 'D11', 1),
(82, 'D12', 1),
(83, 'D13', 1),
(84, 'D14', 1),
(85, 'D15', 1),
(86, 'D16', 1),
(87, 'D17', 1),
(88, 'D18', 1),
(89, 'AREA LAMINA', 1),
(91, 'RACA', 1),
(92, 'A16', 1),
(93, 'PARED 1', 1),
(94, 'PARED 7', 1),
(95, 'PASILLO', 1);

-- --------------------------------------------------------

--
-- Estructura de tabla para la tabla `proceso`
--

CREATE TABLE `proceso` (
  `idproceso` int(11) NOT NULL,
  `nombreproceso` varchar(200) NOT NULL
) ENGINE=InnoDB DEFAULT CHARSET=latin1;

--
-- Volcado de datos para la tabla `proceso`
--

INSERT INTO `proceso` (`idproceso`, `nombreproceso`) VALUES
(1, 'PACKING'),
(2, 'CALIDAD'),
(3, 'BODEGA'),
(4, 'SALIDA');

-- --------------------------------------------------------

--
-- Estructura de tabla para la tabla `rol`
--

CREATE TABLE `rol` (
  `id` int(10) NOT NULL,
  `rol` varchar(200) NOT NULL
) ENGINE=InnoDB DEFAULT CHARSET=latin1;

--
-- Volcado de datos para la tabla `rol`
--

INSERT INTO `rol` (`id`, `rol`) VALUES
(1, 'Administrador'),
(2, 'Calidad'),
(3, 'Packing'),
(4, 'Bodega'),
(5, 'Salida'),
(6, 'Procesos');

-- --------------------------------------------------------

--
-- Estructura de tabla para la tabla `salida`
--

CREATE TABLE `salida` (
  `idsalida` int(11) NOT NULL,
  `numerosalida` varchar(50) NOT NULL,
  `idcliente` int(11) NOT NULL,
  `po` varchar(150) NOT NULL,
  `notas` varchar(250) NOT NULL,
  `orden` tinyint(1) NOT NULL,
  `finalizado` tinyint(1) NOT NULL,
  `idusuario` int(11) NOT NULL,
  `fecharegistro` datetime NOT NULL
) ENGINE=InnoDB DEFAULT CHARSET=latin1;

--
-- Volcado de datos para la tabla `salida`
--

INSERT INTO `salida` (`idsalida`, `numerosalida`, `idcliente`, `po`, `notas`, `orden`, `finalizado`, `idusuario`, `fecharegistro`) VALUES
(5, 'LG-20191202-5', 1, '', '', 0, 0, 3, '2019-12-02 16:28:31');

-- --------------------------------------------------------

--
-- Estructura de tabla para la tabla `status`
--

CREATE TABLE `status` (
  `idestatus` int(11) NOT NULL,
  `nombrestatus` varchar(200) NOT NULL,
  `idproceso` int(11) NOT NULL
) ENGINE=InnoDB DEFAULT CHARSET=latin1;

--
-- Volcado de datos para la tabla `status`
--

INSERT INTO `status` (`idestatus`, `nombrestatus`, `idproceso`) VALUES
(1, 'ENVIADO A CALIDAD', 1),
(2, 'TERMINADO', 1),
(3, 'RECHAZADO A PACKING', 1),
(4, 'ENVIADO A ALMACEN', 2),
(5, 'TERMINADO', 2),
(6, 'RECHAZADO A CALIDAD', 2),
(7, 'ENVIADO', 3),
(8, 'EN BODEGA', 3),
(9, 'RECHAZADO', 3),
(12, 'EN HOLD', 2),
(13, 'SCRAP', 2),
(14, 'EN ESPERA', 1),
(15, 'EN ESPERA', 2),
(16, 'EN ESPERA', 3),
(17, 'ELIMINADO', 1);

-- --------------------------------------------------------

--
-- Estructura de tabla para la tabla `tblcantidad`
--

CREATE TABLE `tblcantidad` (
  `idcantidad` int(11) NOT NULL,
  `idrevision` int(11) NOT NULL,
  `cantidad` int(11) NOT NULL,
  `idusuario` int(11) NOT NULL,
  `fecharegistro` datetime NOT NULL
) ENGINE=InnoDB DEFAULT CHARSET=latin1;

--
-- Volcado de datos para la tabla `tblcantidad`
--

INSERT INTO `tblcantidad` (`idcantidad`, `idrevision`, `cantidad`, `idusuario`, `fecharegistro`) VALUES
(26, 416, 1050, 3, '2019-11-08 09:12:19'),
(27, 703, 307, 3, '2019-12-01 21:47:40'),
(28, 704, 428, 3, '2019-12-01 21:47:40'),
(29, 705, 371, 3, '2019-12-01 21:47:41'),
(30, 706, 420, 3, '2019-12-01 21:47:41'),
(31, 707, 252, 3, '2019-12-01 21:47:41'),
(32, 708, 683, 3, '2019-12-01 21:47:41'),
(33, 709, 226, 3, '2019-12-01 21:47:41'),
(34, 710, 762, 3, '2019-12-01 21:47:41'),
(35, 711, 60, 3, '2019-12-01 21:47:41'),
(36, 712, 546, 3, '2019-12-01 21:47:41'),
(37, 713, 901, 3, '2019-12-01 21:47:41'),
(38, 714, 887, 3, '2019-12-01 21:47:41'),
(39, 715, 237, 3, '2019-12-01 21:47:41'),
(40, 716, 170, 3, '2019-12-01 21:47:41'),
(41, 717, 40, 3, '2019-12-01 21:47:41'),
(42, 718, 308, 3, '2019-12-01 21:47:41'),
(43, 719, 31, 3, '2019-12-01 21:47:41'),
(44, 720, 49, 3, '2019-12-01 21:47:41'),
(45, 721, 128, 3, '2019-12-01 21:47:41'),
(46, 722, 4, 3, '2019-12-01 21:47:42'),
(47, 723, 437, 3, '2019-12-01 21:47:42'),
(48, 724, 223, 3, '2019-12-01 21:47:42'),
(49, 725, 169, 3, '2019-12-01 21:47:42'),
(50, 726, 690, 3, '2019-12-01 21:47:42'),
(51, 727, 1174, 3, '2019-12-01 21:47:42'),
(52, 728, 131, 3, '2019-12-01 21:47:42'),
(53, 729, 2603, 3, '2019-12-01 21:47:42'),
(54, 730, 831, 3, '2019-12-01 21:47:42'),
(55, 731, 326, 3, '2019-12-01 21:47:42'),
(56, 732, 1150, 3, '2019-12-01 21:47:42'),
(57, 733, 393, 3, '2019-12-01 21:47:42'),
(58, 734, 313, 3, '2019-12-01 21:47:42'),
(59, 735, 203, 3, '2019-12-01 21:47:42'),
(60, 736, 249, 3, '2019-12-01 21:47:42'),
(61, 737, 973, 3, '2019-12-01 21:47:42'),
(62, 738, 342, 3, '2019-12-01 21:47:42'),
(63, 739, 709, 3, '2019-12-01 21:47:42'),
(64, 740, 1007, 3, '2019-12-01 21:47:43'),
(65, 741, 283, 3, '2019-12-01 21:47:43'),
(66, 742, 168, 3, '2019-12-01 21:47:43'),
(67, 743, 1050, 3, '2019-12-01 21:47:43'),
(68, 744, 1071, 3, '2019-12-01 21:47:43'),
(69, 745, 2445, 3, '2019-12-01 21:47:43'),
(70, 746, 1433, 3, '2019-12-01 21:47:43'),
(71, 747, 1105, 3, '2019-12-01 21:47:43'),
(72, 748, 260, 3, '2019-12-01 21:47:43'),
(73, 749, 140, 3, '2019-12-01 21:47:43'),
(74, 750, 434, 3, '2019-12-01 21:47:43'),
(75, 751, 960, 3, '2019-12-01 21:47:43'),
(76, 752, 2791, 3, '2019-12-01 21:47:43'),
(77, 753, 358, 3, '2019-12-01 21:47:43'),
(78, 754, 481, 3, '2019-12-01 21:47:43'),
(79, 755, 559, 3, '2019-12-01 21:47:43'),
(80, 756, 1666, 3, '2019-12-01 21:47:43'),
(81, 757, 731, 3, '2019-12-01 21:47:43'),
(82, 758, 2742, 3, '2019-12-01 21:47:44'),
(83, 759, 1010, 3, '2019-12-01 21:47:44'),
(84, 760, 7194, 3, '2019-12-01 21:47:44'),
(85, 761, 6364, 3, '2019-12-01 21:47:44'),
(86, 762, 32, 3, '2019-12-01 21:47:44'),
(87, 763, 2157, 3, '2019-12-01 21:47:44'),
(88, 764, 6073, 3, '2019-12-01 21:47:44'),
(89, 765, 999, 3, '2019-12-01 21:47:44'),
(90, 766, 142, 3, '2019-12-01 21:47:44'),
(91, 767, 106, 3, '2019-12-01 21:47:44'),
(92, 768, 5224, 3, '2019-12-01 21:47:44'),
(93, 769, 1417, 3, '2019-12-01 21:47:44'),
(94, 770, 1850, 3, '2019-12-01 21:47:44'),
(95, 771, 600, 3, '2019-12-01 21:47:44'),
(96, 772, 1319, 3, '2019-12-01 21:47:44'),
(97, 773, 5, 3, '2019-12-01 21:47:44'),
(98, 774, 607, 3, '2019-12-01 21:47:44'),
(99, 775, 1346, 3, '2019-12-01 21:47:44'),
(100, 776, 4336, 3, '2019-12-01 21:47:44'),
(101, 777, 1997, 3, '2019-12-01 21:47:44'),
(102, 778, 494, 3, '2019-12-01 21:47:45'),
(103, 779, 2733, 3, '2019-12-01 21:47:45'),
(104, 780, 1173, 3, '2019-12-01 21:47:45'),
(105, 781, 3133, 3, '2019-12-01 21:47:45'),
(106, 782, 378, 3, '2019-12-01 21:47:45'),
(107, 783, 93, 3, '2019-12-01 21:47:45'),
(108, 784, 1602, 3, '2019-12-01 21:47:45'),
(109, 785, 5177, 3, '2019-12-01 21:47:45'),
(110, 786, 2686, 3, '2019-12-01 21:47:45'),
(111, 787, 36, 3, '2019-12-01 21:47:45'),
(112, 788, 2375, 3, '2019-12-01 21:47:45'),
(113, 789, 2720, 3, '2019-12-01 21:47:45'),
(114, 790, 68, 3, '2019-12-01 21:47:45'),
(115, 791, 985, 3, '2019-12-01 21:47:45'),
(116, 792, 2599, 3, '2019-12-01 21:47:45'),
(117, 793, 152, 3, '2019-12-01 21:47:45'),
(118, 794, 310, 3, '2019-12-01 21:47:45'),
(119, 795, 732, 3, '2019-12-01 21:47:45'),
(120, 796, 72, 3, '2019-12-01 21:47:45'),
(121, 797, 713, 3, '2019-12-01 21:47:45'),
(122, 798, 112, 3, '2019-12-01 21:47:46'),
(123, 799, 1141, 3, '2019-12-01 21:47:46'),
(124, 800, 313, 3, '2019-12-01 21:47:46'),
(125, 801, 422, 3, '2019-12-01 21:47:46'),
(126, 802, 294, 3, '2019-12-01 21:47:46'),
(127, 803, 5455, 3, '2019-12-01 21:47:46'),
(128, 804, 1001, 3, '2019-12-01 21:47:46'),
(129, 805, 1768, 3, '2019-12-01 21:47:46'),
(130, 806, 192, 3, '2019-12-01 21:47:46'),
(131, 807, 636, 3, '2019-12-01 21:47:46'),
(132, 808, 21, 3, '2019-12-01 21:47:46'),
(133, 809, 657, 3, '2019-12-01 21:47:46'),
(134, 810, 264, 3, '2019-12-01 21:47:46'),
(135, 811, 2860, 3, '2019-12-01 21:47:46'),
(136, 812, 646, 3, '2019-12-01 21:47:46'),
(137, 813, 589, 3, '2019-12-01 21:47:46'),
(138, 814, 707, 3, '2019-12-01 21:47:46'),
(139, 815, 80, 11, '2019-12-02 07:37:13'),
(140, 777, 80, 11, '2019-12-02 07:43:46'),
(141, 96, 111, 11, '2019-12-02 08:04:57'),
(142, 286, 80, 11, '2019-12-02 08:35:34'),
(143, 286, 17, 11, '2019-12-02 08:37:44'),
(144, 417, 55, 11, '2019-12-02 10:23:40'),
(145, 777, 24, 11, '2019-12-02 10:39:43'),
(146, 742, 350, 11, '2019-12-02 11:05:02'),
(147, 742, 207, 11, '2019-12-02 11:05:53'),
(148, 742, 27, 11, '2019-12-02 11:06:54'),
(149, 817, 1666, 3, '2019-12-02 12:47:51'),
(150, 421, 7194, 3, '2019-12-02 12:51:46'),
(151, 818, 6364, 3, '2019-12-02 12:52:05'),
(152, 417, 2157, 3, '2019-12-02 12:57:20'),
(153, 819, 32, 3, '2019-12-02 12:57:37'),
(154, 669, 6073, 3, '2019-12-02 13:01:52'),
(155, 820, 2733, 3, '2019-12-02 13:03:49'),
(156, 816, 3133, 3, '2019-12-02 13:05:13'),
(157, 451, 7100, 11, '2019-12-02 13:05:21'),
(158, 218, 2700, 11, '2019-12-02 13:36:46'),
(159, 218, 823, 11, '2019-12-02 13:36:57'),
(160, 49, 240, 11, '2019-12-02 14:06:08'),
(161, 720, 200, 11, '2019-12-02 15:33:05'),
(162, 720, 102, 11, '2019-12-02 15:33:23'),
(163, 417, 160, 11, '2019-12-02 16:06:53'),
(165, 417, 39, 11, '2019-12-02 18:02:38'),
(166, 417, 10, 22, '2019-12-02 21:55:53'),
(167, 780, 20, 22, '2019-12-02 22:33:39'),
(168, 799, 25, 22, '2019-12-02 22:34:26'),
(169, 812, 160, 22, '2019-12-03 01:30:04'),
(170, 724, 107, 22, '2019-12-03 02:09:37'),
(171, 724, 200, 22, '2019-12-03 02:10:34'),
(172, 812, 21, 22, '2019-12-03 02:11:39'),
(173, 725, 160, 22, '2019-12-03 02:20:00'),
(174, 725, 200, 22, '2019-12-03 04:43:03'),
(175, 725, 170, 11, '2019-12-03 07:23:59'),
(176, 768, 80, 11, '2019-12-03 07:24:45'),
(177, 717, 150, 11, '2019-12-03 08:04:21'),
(178, 768, 37, 11, '2019-12-03 08:33:18'),
(179, 170, 500, 11, '2019-12-03 08:48:31'),
(180, 170, 206, 11, '2019-12-03 09:15:03'),
(181, 717, 85, 11, '2019-12-03 09:52:45'),
(182, 789, 80, 11, '2019-12-03 09:53:15'),
(183, 818, 160, 11, '2019-12-03 09:58:31'),
(184, 49, 108, 11, '2019-12-03 09:58:50'),
(185, 776, 200, 11, '2019-12-03 10:28:14'),
(186, 33, 757, 11, '2019-12-03 10:36:38'),
(187, 33, 1130, 11, '2019-12-03 10:37:49'),
(188, 417, 46, 11, '2019-12-03 11:19:14'),
(189, 777, 59, 3, '2019-12-03 11:22:49'),
(190, 818, 70, 11, '2019-12-03 13:02:27'),
(191, 757, 80, 11, '2019-12-03 13:05:43'),
(192, 767, 80, 11, '2019-12-03 13:23:01'),
(193, 757, 70, 11, '2019-12-03 14:21:12'),
(194, 768, 23, 11, '2019-12-03 14:44:27'),
(195, 737, 200, 11, '2019-12-03 16:56:40');

-- --------------------------------------------------------

--
-- Estructura de tabla para la tabla `tblcategoria`
--

CREATE TABLE `tblcategoria` (
  `idcategoria` int(11) NOT NULL,
  `nombrecategoria` varchar(120) NOT NULL,
  `activo` tinyint(4) NOT NULL,
  `idusuario` int(11) NOT NULL,
  `fecha` datetime NOT NULL
) ENGINE=InnoDB DEFAULT CHARSET=latin1;

--
-- Volcado de datos para la tabla `tblcategoria`
--

INSERT INTO `tblcategoria` (`idcategoria`, `nombrecategoria`, `activo`, `idusuario`, `fecha`) VALUES
(1, 'CAJA OTROS', 1, 3, '2019-11-13 11:29:44'),
(2, 'SEPARADORES', 1, 3, '2019-11-13 11:29:57'),
(3, 'CAJA LG', 1, 3, '2019-12-02 16:21:36'),
(4, 'CAJA TV', 0, 3, '2019-12-02 16:21:11'),
(5, 'CAJA MONITOR', 0, 3, '2019-12-02 16:21:17'),
(6, 'MANUAL', 1, 3, '2019-11-13 11:30:34'),
(7, 'LAMINA', 1, 3, '2019-11-13 11:30:43'),
(8, 'BOLSAS', 1, 3, '2019-11-13 11:31:10'),
(9, 'SHEET SLIP', 1, 3, '2019-11-13 11:31:21'),
(10, 'TINTA', 1, 3, '2019-11-13 11:31:28'),
(11, 'LITHO', 1, 3, '2019-12-01 17:50:39'),
(12, 'N/A', 1, 3, '2019-12-01 20:59:03');

-- --------------------------------------------------------

--
-- Estructura de tabla para la tabla `tbldetalle_proceso`
--

CREATE TABLE `tbldetalle_proceso` (
  `iddetalle` int(11) NOT NULL,
  `idproceso` int(11) NOT NULL,
  `idmaquina` int(11) NOT NULL,
  `numero` int(11) NOT NULL,
  `activo` tinyint(4) NOT NULL,
  `idusuario` int(11) NOT NULL,
  `fecharegistro` datetime NOT NULL
) ENGINE=InnoDB DEFAULT CHARSET=latin1;

--
-- Volcado de datos para la tabla `tbldetalle_proceso`
--

INSERT INTO `tbldetalle_proceso` (`iddetalle`, `idproceso`, `idmaquina`, `numero`, `activo`, `idusuario`, `fecharegistro`) VALUES
(1, 1, 6, 1, 1, 3, '2019-11-22 00:00:00'),
(2, 1, 2, 2, 1, 3, '2019-11-22 00:00:00'),
(5, 2, 2, 1, 1, 3, '2019-11-22 21:14:52'),
(6, 2, 5, 2, 0, 3, '2019-11-22 21:14:55'),
(7, 1, 7, 3, 1, 3, '2019-11-23 15:25:46'),
(8, 2, 7, 2, 1, 3, '2019-11-23 15:26:29'),
(9, 3, 1, 1, 1, 3, '2019-11-23 15:27:31'),
(10, 3, 2, 2, 1, 3, '2019-11-23 15:27:35'),
(11, 3, 7, 3, 1, 3, '2019-11-23 15:27:39'),
(12, 4, 5, 1, 1, 3, '2019-11-23 15:28:16'),
(13, 4, 7, 2, 1, 3, '2019-11-23 15:28:19'),
(14, 5, 5, 1, 1, 3, '2019-11-23 15:28:43'),
(15, 5, 1, 2, 1, 3, '2019-11-23 15:28:58'),
(16, 5, 7, 3, 1, 3, '2019-11-23 15:29:01'),
(17, 6, 6, 1, 1, 3, '2019-11-23 15:29:18'),
(18, 6, 7, 2, 1, 3, '2019-11-23 15:29:20');

-- --------------------------------------------------------

--
-- Estructura de tabla para la tabla `tbldocumento`
--

CREATE TABLE `tbldocumento` (
  `iddocumento` int(11) NOT NULL,
  `identificador` varchar(50) NOT NULL,
  `numeroparte` varchar(200) NOT NULL,
  `modelo` varchar(200) NOT NULL,
  `revision` varchar(200) NOT NULL,
  `cantidadcajas` varchar(200) NOT NULL,
  `cantidadpallet` varchar(200) NOT NULL,
  `cliente` varchar(200) NOT NULL,
  `proveedor` varchar(200) DEFAULT NULL,
  `locacion` varchar(200) NOT NULL,
  `fechaentrada` varchar(200) NOT NULL,
  `categoria` varchar(200) NOT NULL,
  `subido` tinyint(4) NOT NULL,
  `idusuario` int(11) NOT NULL,
  `fecharegistro` datetime NOT NULL
) ENGINE=MyISAM DEFAULT CHARSET=latin1;

--
-- Volcado de datos para la tabla `tbldocumento`
--

INSERT INTO `tbldocumento` (`iddocumento`, `identificador`, `numeroparte`, `modelo`, `revision`, `cantidadcajas`, `cantidadpallet`, `cliente`, `proveedor`, `locacion`, `fechaentrada`, `categoria`, `subido`, `idusuario`, `fecharegistro`) VALUES
(6589, '1122019', 'MAY69610903', '55VH7E-AH/55VM5E-AJ', '  1.0 ', '307', '1', '1', '1', 'A11', '', '11', 0, 3, '2019-12-01 21:24:48'),
(6590, '1122019', 'MAY69428201', '28TL525S', '  1.0 ', '428', '1', '1', '1', 'B3', '', '3', 0, 3, '2019-12-01 21:24:48'),
(6591, '1122019', 'MAY69388902', '24BL650C', '  1.0 ', '371', '1', '1', '1', 'B2', '', '3', 0, 3, '2019-12-01 21:24:48'),
(6592, '1122019', 'MAY69380202', '24BL450', '  1.1 ', '420', '1', '1', '1', 'B10', '', '3', 0, 3, '2019-12-01 21:24:48'),
(6593, '1122019', 'MAY69373302', '27BL650C', '  1.1 ', '252', '1', '1', '1', 'B9', '', '3', 0, 3, '2019-12-01 21:24:48'),
(6594, '1122019', 'MAY69363403', 'N/A', '  1.1 ', '683', '1', '1', '1', 'A14', '', '3', 0, 3, '2019-12-01 21:24:48'),
(6595, '1122019', 'MAY69332302', '27BL450', '  1.1 ', '226', '1', '1', '1', 'B15', '', '3', 0, 3, '2019-12-01 21:24:48'),
(6596, '1122019', 'MAY69329102', '24LM520S-W', '  1.0 ', '762', '1', '1', '1', 'B2', '', '3', 0, 3, '2019-12-01 21:24:49'),
(6597, '1122019', 'MAY69329101', '24LM520D-WU', '  1.0 ', '61', '1', '1', '1', 'RACA', '', '3', 0, 3, '2019-12-01 21:24:49'),
(6598, '1122019', 'MAY69321202', '34BL85C', '  1.0 ', '546', '1', '1', '1', 'B9', '', '3', 0, 3, '2019-12-01 21:24:49'),
(6599, '1122019', 'MAY69320307', '28LM430B-PU', '  1.2 ', '901', '1', '1', '1', 'B2', '', '3', 0, 3, '2019-12-01 21:24:49'),
(6600, '1122019', 'MAY69320303', '28TL430D', '  1.3 ', '887', '1', '1', '1', 'B3', '', '3', 0, 3, '2019-12-01 21:24:49'),
(6601, '1122019', 'MAY69319802', '22BL450', '  1.1 ', '237', '1', '1', '1', 'B7', '', '3', 0, 3, '2019-12-01 21:24:49'),
(6602, '1122019', 'MAY69007810', '27BL55U', '  1.0 ', '170', '1', '1', '1', 'B3', '', '3', 0, 3, '2019-12-01 21:24:49'),
(6603, '1122019', 'MAY68749001', '24MD4KL', '  1.1 ', '40', '1', '1', '1', 'B16', '', '3', 0, 3, '2019-12-01 21:24:49'),
(6604, '1122019', 'MAY68748902', '24MD4KL', '  1.0 ', '308', '1', '1', '1', 'RACA', '', '3', 0, 3, '2019-12-01 21:24:49'),
(6605, '1122019', 'MAY68748002', '27MD5KL ', '  1.0 ', '31', '1', '1', '1', 'RACA', '', '3', 0, 3, '2019-12-01 21:24:49'),
(6606, '1122019', 'MAY68728612', '24TL520V', '  1.1 ', '49', '1', '1', '1', 'RACA', '', '3', 0, 3, '2019-12-01 21:24:49'),
(6607, '1122019', 'MAY68728611', '24TL520V-PD/', '  1.1 ', '128', '1', '1', '1', 'B16', '', '3', 0, 3, '2019-12-01 21:24:49'),
(6608, '1122019', 'MAY68728609', '24TL520D', '  1.1 ', '4', '1', '1', '1', 'RACA', '', '3', 0, 3, '2019-12-01 21:24:49'),
(6609, '1122019', 'MAY68728608', '24TL520D-WU/', '  1.2 ', '437', '1', '1', '1', 'B3', '', '3', 0, 3, '2019-12-01 21:24:49'),
(6610, '1122019', 'MAY68728607', '24TL520S-PU/', '  1.1 ', '223', '1', '1', '1', 'B9', '', '3', 0, 3, '2019-12-01 21:24:49'),
(6611, '1122019', 'MAY68728605', '24TL520A', '  1.2 ', '169', '1', '1', '1', 'B9', '', '3', 0, 3, '2019-12-01 21:24:49'),
(6612, '1122019', 'MAY68728604', '24TL520D-PU/', '  1.1 ', '690', '1', '1', '1', 'B3', '', '3', 0, 3, '2019-12-01 21:24:49'),
(6613, '1122019', 'MAY68650502', '24CK550', '  1.0 ', '1174', '1', '1', '1', 'B8', '', '3', 0, 3, '2019-12-01 21:24:49'),
(6614, '1122019', 'MAY68635802', '27BK430', '  1.0 ', '131', '1', '1', '1', 'B16', '', '3', 0, 3, '2019-12-01 21:24:49'),
(6615, '1122019', 'MAY68520603', '24TK410D', '  1.0 ', '2603', '1', '1', '1', 'B7', '', '3', 0, 3, '2019-12-01 21:24:49'),
(6616, '1122019', 'MAY68451702', '28LK430B', '  1.0 ', '831', '1', '1', '1', 'B1', '', '3', 0, 3, '2019-12-01 21:24:49'),
(6617, '1122019', 'MAY68351001', '22TK410A', '  1.0 ', '326', '1', '1', '1', 'B3', '', '3', 0, 3, '2019-12-01 21:24:49'),
(6618, '1122019', 'MAY68272606', '32MU59', '  1.0 ', '1150', '1', '1', '1', 'A16', '', '3', 0, 3, '2019-12-01 21:24:49'),
(6619, '1122019', 'MAY68189102', '24LT572MBUB', '  1.2 ', '393', '1', '1', '1', 'B2', '', '11', 0, 3, '2019-12-01 21:24:49'),
(6620, '1122019', 'MAY68028001', '43UM79', '  1.0 ', '313', '1', '1', '1', 'C16', '', '3', 0, 3, '2019-12-01 21:24:49'),
(6621, '1122019', 'MAY67858401', '28MT49S', '  1.2 ', '203', '1', '1', '1', 'B2', '', '3', 0, 3, '2019-12-01 21:24:49'),
(6622, '1122019', 'MAY67713006', '24LJ4540-W', '  1.2 ', '249', '1', '1', '1', 'B15', '', '3', 0, 3, '2019-12-01 21:24:49'),
(6623, '1122019', 'MAY67713002', '24LJ4540', '  1.1 ', '973', '1', '1', '1', 'B7', '', '3', 0, 3, '2019-12-01 21:24:49'),
(6624, '1122019', 'MAY67713001', '22LJ4540', '  1.1 ', '342', '1', '1', '1', 'B3', '', '3', 0, 3, '2019-12-01 21:24:49'),
(6625, '1122019', 'MAY67712403', '27BK55', '  1.3 ', '709', '1', '1', '1', 'B2', '', '3', 0, 3, '2019-12-01 21:24:49'),
(6626, '1122019', 'MAY67712303', '24BK55', '  1.3 ', '1007', '1', '1', '1', 'B1', '', '3', 0, 3, '2019-12-01 21:24:49'),
(6627, '1122019', 'MAY67695801', '20MT49', '  1.0 ', '283', '1', '1', '1', 'B16', '', '3', 0, 3, '2019-12-01 21:24:49'),
(6628, '1122019', 'MAY67649801', '27MD5KL (accessory)', '0', '168', '1', '1', '1', 'RACA', '', '3', 0, 3, '2019-12-01 21:24:49'),
(6629, '1122019', 'MAY67613602', '27MD5KL ', '  1.2 ', '1050', '1', '1', '1', 'B12', '', '3', 0, 3, '2019-12-01 21:24:49'),
(6630, '1122019', 'MAY67549803', 'PAD', '0', '1071', '1', '1', '1', 'RACA', '', '3', 0, 3, '2019-12-01 21:24:49'),
(6631, '1122019', 'MAY67478804', '24LH4830', '  1.1 ', '2445', '1', '1', '1', 'B5', '', '3', 0, 3, '2019-12-01 21:24:49'),
(6632, '1122019', 'MAY67328803', '49SE3B', '  1.1 ', '1433', '1', '1', '1', 'C5', '', '3', 0, 3, '2019-12-01 21:24:49'),
(6633, '1122019', 'MAY67127901', '24CAV37K-BL/', '  1.0 ', '1105', '1', '1', '1', 'B9', '', '3', 0, 3, '2019-12-01 21:24:49'),
(6634, '1122019', 'MAY67098302', '22MB35P-IE/22MB35PU-IH/', '  1.1 ', '260', '1', '1', '1', 'B3', '', '3', 0, 3, '2019-12-01 21:24:49'),
(6635, '1122019', 'MAY67098301', '22MB35', '  1.1 ', '140', '1', '1', '1', 'B3', '', '3', 0, 3, '2019-12-01 21:24:49'),
(6636, '1122019', 'MAY66912603', '32LS55B', '  1.3 ', '434', '1', '1', '1', 'B13', '', '11', 0, 3, '2019-12-01 21:24:49'),
(6637, '1122019', 'MAY66270002', '24MB35P', '  1.4 ', '960', '1', '1', '1', 'B1', '', '3', 0, 3, '2019-12-01 21:24:49'),
(6638, '1122019', 'MAY66269802', '24MB35D-BE/24MB35DM-BF/', '  1.5 ', '2791', '1', '1', '1', 'B4', '', '3', 0, 3, '2019-12-01 21:24:49'),
(6639, '1122019', 'MAY66251053', 'BOTTOM (55LV)', '0', '358', '1', '1', '1', 'A14', '', '11', 0, 3, '2019-12-01 21:24:49'),
(6640, '1122019', 'MAY65831601', 'CBV42-BL', '0', '481', '1', '1', '1', 'RACA', '', '3', 0, 3, '2019-12-01 21:24:49'),
(6641, '1122019', 'MAY65776403', '23CAV42', '  1.3 ', '559', '1', '1', '1', 'B3', '', '3', 0, 3, '2019-12-01 21:24:49'),
(6642, '1122019', 'MAY65725401', 'Caja/Accesorios', '  1.0 ', '1666', '1', '1', '1', 'RACA', '', '3', 0, 3, '2019-12-01 21:24:49'),
(6643, '1122019', 'MAY69431901', '49UM69', '  1.2 ', '731', '1', '1', '1', 'C13', '', '11', 0, 3, '2019-12-01 21:24:49'),
(6644, '1122019', 'MAY69381001', '49UM71', '  1.1 ', '2742', '1', '1', '1', 'C15', '', '3', 0, 3, '2019-12-01 21:24:49'),
(6645, '1122019', 'MAY69381001', '49UM71', '  1.2 ', '1010', '1', '1', '1', 'A9', '', '3', 0, 3, '2019-12-01 21:24:49'),
(6646, '1122019', 'MAY69380803', '43UM79', '  1.2 ', '7194', '1', '1', '1', 'A3', '', '3', 0, 3, '2019-12-01 21:24:49'),
(6647, '1122019', 'MAY69380803', '43UM79', '  1.3 ', '6364', '1', '1', '1', 'A4', '', '3', 0, 3, '2019-12-01 21:24:49'),
(6648, '1122019', 'MAY69380802', '43UM69', '  1.2 ', '32', '1', '1', '1', 'B16', '', '3', 0, 3, '2019-12-01 21:24:49'),
(6649, '1122019', 'MAY69380802', '43UM69', '  1.3 ', '2157', '1', '1', '1', 'C2', '', '3', 0, 3, '2019-12-01 21:24:49'),
(6650, '1122019', 'MAY69374701', '50UM73', '  1.1 ', '6073', '1', '1', '1', 'A13', '', '3', 0, 3, '2019-12-01 21:24:49'),
(6651, '1122019', 'MAY69374303', '43UT570HOUA', '  1.0 ', '999', '1', '1', '1', 'B11', '', '3', 0, 3, '2019-12-01 21:24:49'),
(6652, '1122019', 'MAY69373701', '49SM80', '  1.1 ', '142', '1', '1', '1', 'A10', '', '3', 0, 3, '2019-12-01 21:24:49'),
(6653, '1122019', 'MAY69360002', '49UM69', '  1.2 ', '106', '1', '1', '1', 'A12', '', '3', 0, 3, '2019-12-01 21:24:49'),
(6654, '1122019', 'MAY69360002', '49UM69', '  1.3 ', '5224', '1', '1', '1', 'A12', '', '3', 0, 3, '2019-12-01 21:24:49'),
(6655, '1122019', 'MAY69360001', '49UM69', '  1.2 ', '1417', '1', '1', '1', 'C18', '', '3', 0, 3, '2019-12-01 21:24:49'),
(6656, '1122019', 'MAY69356101', '43UM73', '  1.2 ', '1850', '1', '1', '1', 'A15', '', '3', 0, 3, '2019-12-01 21:24:49'),
(6657, '1122019', 'MAY69354201', '32LM50', '  1.0 ', '600', '1', '1', '1', 'C15', '', '3', 0, 3, '2019-12-01 21:24:49'),
(6658, '1122019', 'MAY69353601', '49UM73', '  1.2 ', '1319', '1', '1', '1', 'A2', '', '3', 0, 3, '2019-12-01 21:24:49'),
(6659, '1122019', 'MAY69353101', '50UM73', '  1.1 ', '5', '1', '1', '1', 'A9', '', '3', 0, 3, '2019-12-01 21:24:49'),
(6660, '1122019', 'MAY69353101', '50UM73', '  1.2 ', '607', '1', '1', '1', 'A9', '', '3', 0, 3, '2019-12-01 21:24:49'),
(6661, '1122019', 'MAY69351901', '49UM73', '  1.2 ', '1346', '1', '1', '1', 'A1', '', '3', 0, 3, '2019-12-01 21:24:49'),
(6662, '1122019', 'MAY69351301', '32LM630', '  1.1 ', '4336', '1', '1', '1', 'B5', '', '3', 0, 3, '2019-12-01 21:24:49'),
(6663, '1122019', 'MAY69351001', '49SM86 ', '  1.1 ', '1997', '1', '1', '1', 'C8', '', '3', 0, 3, '2019-12-01 21:24:49'),
(6664, '1122019', 'MAY69349001', '49UM73', '  1.1 ', '494', '1', '1', '1', 'C13', '', '3', 0, 3, '2019-12-01 21:24:49'),
(6665, '1122019', 'MAY69333701', '50UM74', '  1.1 ', '2733', '1', '1', '1', 'C16', '', '3', 0, 3, '2019-12-01 21:24:49'),
(6666, '1122019', 'MAY69333503', '49UT761UH', '  1.0 ', '1173', '1', '1', '1', 'A12', '', '3', 0, 3, '2019-12-01 21:24:49'),
(6667, '1122019', 'MAY69332601', '50UM73', '  1.1 ', '3133', '1', '1', '1', 'A7', '', '3', 0, 3, '2019-12-01 21:24:49'),
(6668, '1122019', 'MAY69329003', '32LM62', '  1.1 ', '378', '1', '1', '1', 'B8', '', '3', 0, 3, '2019-12-01 21:24:49'),
(6669, '1122019', 'MAY69329002', '32LM570BPUA', '  1.1 ', '93', '1', '1', '1', 'B13', '', '3', 0, 3, '2019-12-01 21:24:49'),
(6670, '1122019', 'MAY69329002', '32LM570BPUA', '  1.2 ', '1602', '1', '1', '1', 'B13', '', '3', 0, 3, '2019-12-01 21:24:49'),
(6671, '1122019', 'MAY69328502', '43LM63', '  1.1 ', '5177', '1', '1', '1', 'A5', '', '3', 0, 3, '2019-12-01 21:24:49'),
(6672, '1122019', 'MAY69328502', '43LM63', '  1.0 ', '2686', '1', '1', '1', 'C7', '', '3', 0, 3, '2019-12-01 21:24:49'),
(6673, '1122019', 'MAY69320308', '28LM400B-PU', '  1.2 ', '36', '1', '1', '1', 'RACA', '', '11', 0, 3, '2019-12-01 21:24:49'),
(6674, '1122019', 'MAY69318901', '43UM71', '  1.1 ', '2375', '1', '1', '1', 'C1', '', '3', 0, 3, '2019-12-01 21:24:49'),
(6675, '1122019', 'MAY69318901', '43UM71', '  1.2 ', '2720', '1', '1', '1', 'C17', '', '3', 0, 3, '2019-12-01 21:24:49'),
(6676, '1122019', 'MAY69313201', '43UM73', '  1.2 ', '68', '1', '1', '1', 'A10', '', '3', 0, 3, '2019-12-01 21:24:49'),
(6677, '1122019', 'MAY69313101', '43ML57', '  1.2 ', '985', '1', '1', '1', 'A6', '', '3', 0, 3, '2019-12-01 21:24:49'),
(6678, '1122019', 'MAY69307901', '50UM73', '  1.2 ', '2599', '1', '1', '1', 'C2', '', '3', 0, 3, '2019-12-01 21:24:49'),
(6679, '1122019', 'MAY68667601', '43UK62', '  1.0 ', '152', '1', '1', '1', 'C15', '', '3', 0, 3, '2019-12-01 21:24:49'),
(6680, '1122019', 'MAY68608102', '50 LCD SVC', '  1.0 ', '310', '1', '1', '1', 'A10', '', '3', 0, 3, '2019-12-01 21:24:49'),
(6681, '1122019', 'MAY68608101', '42 LCD SVC', '  1.0 ', '732', '1', '1', '1', 'A10', '', '3', 0, 3, '2019-12-01 21:24:49'),
(6682, '1122019', 'MAY68514301', '34BL650-BK', '  1.1 ', '72', '1', '1', '1', 'B16', '', '3', 0, 3, '2019-12-01 21:24:49'),
(6683, '1122019', 'MAY68496601', '49LK57', '  1.1 ', '713', '1', '1', '1', 'A12', '', '3', 0, 3, '2019-12-01 21:24:49'),
(6684, '1122019', 'MAY68493603', '43LK57', '  1.1 ', '112', '1', '1', '1', 'A10', '', '3', 0, 3, '2019-12-01 21:24:49'),
(6685, '1122019', 'MAY68273502', '43LU340C', '  1.1 ', '1141', '1', '1', '1', 'B10', '', '3', 0, 3, '2019-12-01 21:24:49'),
(6686, '1122019', 'MAY68273501', '43LK61', '  1.0 ', '313', '1', '1', '1', 'C15', '', '3', 0, 3, '2019-12-01 21:24:49'),
(6687, '1122019', 'MAY67894402', '43LV761H', '  1.1 ', '422', '1', '1', '1', 'B11', '', '3', 0, 3, '2019-12-01 21:24:49'),
(6688, '1122019', 'MAY67855402', '32LV34', '  1.1 ', '294', '1', '1', '1', 'B16', '', '3', 0, 3, '2019-12-01 21:24:49'),
(6689, '1122019', 'MAY67839902', '49LT340H0UA', '  1.2 ', '5455', '1', '1', '1', 'PARED 1', '', '3', 0, 3, '2019-12-01 21:24:49'),
(6690, '1122019', 'MAY67711802', '49LT340C0UB', '  1.0 ', '1001', '1', '1', '1', 'PARED 7', '', '3', 0, 3, '2019-12-01 21:24:49'),
(6691, '1122019', 'MAY67654302', '32LJ51', '  1.1 ', '1768', '1', '1', '1', 'B8', '', '3', 0, 3, '2019-12-01 21:24:49'),
(6692, '1122019', 'MAY67654301', '32LJ61', '  1.0 ', '192', '1', '1', '1', 'RACA', '', '3', 0, 3, '2019-12-01 21:24:49'),
(6693, '1122019', 'MAY67414602', '43LH65', '  1.0 ', '636', '1', '1', '1', 'C15', '', '3', 0, 3, '2019-12-01 21:24:49'),
(6694, '1122019', 'MAY67414601', '43LH65', '  1.3 ', '21', '1', '1', '1', 'RACA', '', '3', 0, 3, '2019-12-01 21:24:49'),
(6695, '1122019', 'MAY67328203', '55SE3B', '  1.1 ', '657', '1', '1', '1', 'A8', '', '11', 0, 3, '2019-12-01 21:24:49'),
(6696, '1122019', 'MAY67307703', '55LV / 55VH', '  1.3 ', '264', '1', '1', '1', 'A14', '', '11', 0, 3, '2019-12-01 21:24:49'),
(6697, '1122019', 'MAY67089302', '40LX570H-UA', '  1.1 ', '2860', '1', '1', '1', 'A11', '', '3', 0, 3, '2019-12-01 21:24:49'),
(6698, '1122019', 'MAY67055203', '43SE3B', '  1.4 ', '646', '1', '1', '1', 'B4', '', '11', 0, 3, '2019-12-01 21:24:49'),
(6699, '1122019', 'MAY66389502', '28LY560M-UA', '  1.2 ', '589', '1', '1', '1', 'B3', '', '3', 0, 3, '2019-12-01 21:24:49'),
(6700, '1122019', 'MAY65632418', 'BOTTOM (65UHSE)', '0', '707', '1', '1', '1', 'A14', '', '11', 1, 3, '2019-12-01 21:24:49');

-- --------------------------------------------------------

--
-- Estructura de tabla para la tabla `tblentradadetalleproceso`
--

CREATE TABLE `tblentradadetalleproceso` (
  `identradadetalleproceso` int(11) NOT NULL,
  `identradaproceso` int(11) NOT NULL,
  `iddetalleproceso` int(11) NOT NULL,
  `idmaquina` int(11) NOT NULL,
  `numerodetalleproceso` int(11) NOT NULL,
  `cantidadentrada` int(11) NOT NULL,
  `cantidadsalida` int(11) NOT NULL,
  `cantidaderronea` int(11) NOT NULL,
  `descrap` tinyint(4) NOT NULL,
  `todoascreap` tinyint(4) NOT NULL,
  `finalizado` tinyint(4) NOT NULL,
  `idusuario` int(11) NOT NULL,
  `fecharegistro` datetime NOT NULL,
  `fechaliberado` datetime NOT NULL
) ENGINE=InnoDB DEFAULT CHARSET=latin1;

--
-- Volcado de datos para la tabla `tblentradadetalleproceso`
--

INSERT INTO `tblentradadetalleproceso` (`identradadetalleproceso`, `identradaproceso`, `iddetalleproceso`, `idmaquina`, `numerodetalleproceso`, `cantidadentrada`, `cantidadsalida`, `cantidaderronea`, `descrap`, `todoascreap`, `finalizado`, `idusuario`, `fecharegistro`, `fechaliberado`) VALUES
(1, 1, 5, 2, 1, 2000, 1000, 1000, 0, 0, 1, 3, '2019-12-03 09:40:30', '2019-12-03 09:40:59'),
(2, 1, 8, 7, 2, 1000, 1000, 0, 0, 0, 1, 3, '2019-12-03 09:40:59', '2019-12-03 09:41:24'),
(3, 2, 1, 6, 1, 20000, 19000, 1000, 0, 0, 1, 3, '2019-12-03 09:45:04', '2019-12-03 09:45:30'),
(4, 2, 2, 2, 2, 19000, 18000, 1000, 0, 0, 1, 3, '2019-12-03 09:45:30', '2019-12-03 12:20:10'),
(5, 2, 7, 7, 3, 18000, 17000, 1000, 0, 0, 1, 3, '2019-12-03 12:20:10', '2019-12-03 12:20:27'),
(6, 2, 0, 3, 0, 1000, 0, 1000, 0, 1, 1, 3, '2019-12-03 12:20:27', '2019-12-03 12:20:27'),
(7, 3, 17, 6, 1, 10000, 8000, 2000, 0, 0, 1, 3, '2019-12-03 15:45:28', '2019-12-03 15:46:42'),
(8, 3, 18, 7, 2, 8000, 6000, 2000, 0, 0, 1, 3, '2019-12-03 15:46:42', '2019-12-03 15:48:22'),
(9, 3, 0, 3, 0, 2000, 1000, 1000, 0, 0, 1, 3, '2019-12-03 15:48:22', '2019-12-03 15:52:36'),
(10, 3, 0, 7, 0, 1000, 0, 0, 1, 0, 0, 3, '2019-12-03 15:52:36', '2019-12-03 15:52:36');

-- --------------------------------------------------------

--
-- Estructura de tabla para la tabla `tblentrada_proceso`
--

CREATE TABLE `tblentrada_proceso` (
  `identradaproceso` int(11) NOT NULL,
  `idparte` int(11) NOT NULL,
  `idlamina` int(11) NOT NULL,
  `idproceso` int(11) NOT NULL,
  `metaproduccion` int(11) NOT NULL,
  `cantidad` int(11) NOT NULL,
  `finalizado` tinyint(4) NOT NULL,
  `eliminado` tinyint(4) NOT NULL,
  `idusuario` int(11) NOT NULL,
  `fecharegistro` datetime NOT NULL
) ENGINE=InnoDB DEFAULT CHARSET=latin1;

--
-- Volcado de datos para la tabla `tblentrada_proceso`
--

INSERT INTO `tblentrada_proceso` (`identradaproceso`, `idparte`, `idlamina`, `idproceso`, `metaproduccion`, `cantidad`, `finalizado`, `eliminado`, `idusuario`, `fecharegistro`) VALUES
(1, 7084, 7083, 2, 12000, 2000, 1, 0, 3, '2019-12-03 09:40:30'),
(2, 7086, 7085, 1, 20000, 20000, 1, 0, 3, '2019-12-03 09:45:04'),
(3, 7084, 7083, 6, 15000, 10000, 1, 0, 3, '2019-12-03 15:45:27');

-- --------------------------------------------------------

--
-- Estructura de tabla para la tabla `tbllamina`
--

CREATE TABLE `tbllamina` (
  `idlamina` int(11) NOT NULL,
  `idparte` int(11) NOT NULL,
  `cantidad` int(11) NOT NULL,
  `comentarios` varchar(250) NOT NULL,
  `activo` tinyint(4) NOT NULL,
  `idusuario` int(11) NOT NULL,
  `fecharegistro` datetime NOT NULL
) ENGINE=InnoDB DEFAULT CHARSET=latin1;

--
-- Volcado de datos para la tabla `tbllamina`
--

INSERT INTO `tbllamina` (`idlamina`, `idparte`, `cantidad`, `comentarios`, `activo`, `idusuario`, `fecharegistro`) VALUES
(115, 7444, 9300, '', 1, 3, '2019-12-02 14:59:37'),
(116, 7447, 700, '', 1, 3, '2019-12-02 15:00:18'),
(117, 7452, 12000, '', 1, 3, '2019-12-02 15:01:01'),
(118, 7454, 3934, '', 1, 3, '2019-12-02 15:01:30'),
(119, 7465, 100, '', 1, 3, '2019-12-02 15:01:58'),
(120, 7471, 280, '', 1, 3, '2019-12-02 15:02:39'),
(121, 7473, 6050, '', 1, 3, '2019-12-02 15:03:27'),
(122, 7474, 4650, '', 1, 3, '2019-12-02 15:03:47'),
(123, 7475, 500, '', 1, 3, '2019-12-02 15:04:36'),
(124, 7478, 3200, '', 1, 3, '2019-12-02 15:06:00'),
(125, 7480, 3350, '', 1, 3, '2019-12-02 15:06:22'),
(126, 7490, 1950, '', 1, 3, '2019-12-02 15:06:46'),
(127, 7496, 1100, '', 1, 3, '2019-12-02 15:07:53'),
(128, 7499, 2700, '', 1, 3, '2019-12-02 15:08:29'),
(129, 7637, 7453, '', 1, 3, '2019-12-02 15:09:30'),
(130, 7533, 3600, '', 1, 3, '2019-12-02 15:09:38'),
(131, 7639, 2750, '', 1, 3, '2019-12-02 15:09:47'),
(132, 7642, 6850, '', 1, 3, '2019-12-02 15:10:16'),
(133, 7644, 7070, '', 1, 3, '2019-12-02 15:10:34'),
(134, 7541, 3960, '', 1, 3, '2019-12-02 15:10:46'),
(135, 7646, 2156, '', 1, 3, '2019-12-02 15:10:56'),
(136, 7647, 1444, '', 1, 3, '2019-12-02 15:11:30'),
(137, 7648, 876, '', 1, 3, '2019-12-02 15:11:51'),
(138, 7548, 3000, '', 1, 3, '2019-12-02 15:11:57'),
(139, 7659, 1260, '', 1, 3, '2019-12-02 15:12:10'),
(140, 7578, 1950, '', 1, 3, '2019-12-02 15:12:32'),
(141, 7660, 5740, '', 1, 3, '2019-12-02 15:12:40'),
(142, 7661, 3060, '', 1, 3, '2019-12-02 15:12:58'),
(143, 7583, 2150, '', 1, 3, '2019-12-02 15:12:59'),
(144, 7663, 9310, '', 1, 3, '2019-12-02 15:13:17'),
(145, 7593, 1925, '', 1, 3, '2019-12-02 15:13:30'),
(146, 7666, 1000, '', 1, 3, '2019-12-02 15:13:33'),
(147, 7610, 500, '', 1, 3, '2019-12-02 15:14:12'),
(148, 7669, 14096, '', 1, 3, '2019-12-02 15:14:18'),
(149, 7683, 1700, '', 1, 3, '2019-12-02 15:14:35'),
(150, 7611, 2880, '', 1, 3, '2019-12-02 15:14:42'),
(151, 7687, 1980, '', 1, 3, '2019-12-02 15:14:50'),
(152, 7688, 3815, '', 1, 3, '2019-12-02 15:15:13'),
(153, 7617, 3775, '', 1, 3, '2019-12-02 15:15:16'),
(154, 7689, 2580, '', 1, 3, '2019-12-02 15:15:30'),
(155, 7693, 3960, '', 1, 3, '2019-12-02 15:15:50'),
(156, 7624, 29880, '', 1, 3, '2019-12-02 15:16:07'),
(157, 7694, 1620, '', 1, 3, '2019-12-02 15:16:12'),
(158, 7697, 6690, '', 1, 3, '2019-12-02 15:16:35'),
(159, 7626, 3600, '', 1, 3, '2019-12-02 15:16:36'),
(160, 7698, 4120, '', 1, 3, '2019-12-02 15:17:02'),
(161, 7629, 8250, '', 1, 3, '2019-12-02 15:17:06'),
(162, 7630, 175, '', 1, 3, '2019-12-02 15:17:32');

-- --------------------------------------------------------

--
-- Estructura de tabla para la tabla `tbllaminadevolucion`
--

CREATE TABLE `tbllaminadevolucion` (
  `idlaminadevolucion` int(11) NOT NULL,
  `idparte` int(11) NOT NULL,
  `idcliente` int(11) NOT NULL,
  `cantidad` int(11) NOT NULL,
  `comentarios` varchar(250) NOT NULL,
  `activo` tinyint(4) NOT NULL,
  `idusuario` int(11) NOT NULL,
  `fecharegistro` datetime NOT NULL
) ENGINE=InnoDB DEFAULT CHARSET=latin1;

-- --------------------------------------------------------

--
-- Estructura de tabla para la tabla `tbllaminasalida`
--

CREATE TABLE `tbllaminasalida` (
  `idlaminasalida` int(11) NOT NULL,
  `idparte` int(11) NOT NULL,
  `idmaquina` int(11) NOT NULL,
  `cantidad` int(11) NOT NULL,
  `comentarios` varchar(250) NOT NULL,
  `activo` tinyint(4) NOT NULL,
  `idusuario` int(11) NOT NULL,
  `fecharegistro` datetime NOT NULL
) ENGINE=InnoDB DEFAULT CHARSET=latin1;

-- --------------------------------------------------------

--
-- Estructura de tabla para la tabla `tbllitho`
--

CREATE TABLE `tbllitho` (
  `idlitho` int(11) NOT NULL,
  `idrevision` int(11) NOT NULL,
  `cantidad` int(11) NOT NULL,
  `comentarios` varchar(250) NOT NULL,
  `transferencia` varchar(250) NOT NULL,
  `activo` tinyint(4) NOT NULL,
  `idusuario` int(11) NOT NULL,
  `fecharegistro` datetime NOT NULL
) ENGINE=InnoDB DEFAULT CHARSET=utf8mb4;

--
-- Volcado de datos para la tabla `tbllitho`
--

INSERT INTO `tbllitho` (`idlitho`, `idrevision`, `cantidad`, `comentarios`, `transferencia`, `activo`, `idusuario`, `fecharegistro`) VALUES
(56, 164, 1750, '', '', 1, 3, '2019-12-02 13:29:16'),
(57, 173, 900, '', '', 1, 3, '2019-12-02 13:29:48'),
(58, 155, 450, '', '', 1, 3, '2019-12-02 13:30:08'),
(59, 148, 3400, '', '', 1, 3, '2019-12-02 13:30:41'),
(60, 147, 1200, '', '', 1, 3, '2019-12-02 13:31:10'),
(61, 146, 900, '', '', 1, 3, '2019-12-02 13:31:29'),
(62, 145, 900, '', '', 1, 3, '2019-12-02 13:31:44'),
(63, 143, 850, '', '', 1, 3, '2019-12-02 13:31:58'),
(64, 141, 300, '', '', 1, 3, '2019-12-02 13:32:24'),
(65, 154, 7100, '', '', 1, 3, '2019-12-02 13:32:40'),
(66, 152, 2400, '', '', 1, 3, '2019-12-02 13:32:55'),
(67, 151, 1750, '', '', 1, 3, '2019-12-02 13:33:07'),
(68, 150, 400, '', '', 1, 3, '2019-12-02 13:33:20'),
(69, 163, 400, '', '', 1, 3, '2019-12-02 13:33:37'),
(70, 158, 1650, '', '', 1, 3, '2019-12-02 13:33:51'),
(71, 156, 1650, '', '', 1, 3, '2019-12-02 13:34:21'),
(72, 193, 1900, '', '', 1, 3, '2019-12-02 13:34:45'),
(73, 192, 3000, '', '', 1, 3, '2019-12-02 13:35:00'),
(74, 597, 7610, '', '', 1, 3, '2019-12-02 13:35:24'),
(75, 421, 17800, '', '', 1, 3, '2019-12-02 13:37:14'),
(76, 417, 6600, '', '', 1, 3, '2019-12-02 13:37:48'),
(77, 338, 8300, '', '', 1, 3, '2019-12-02 13:38:22'),
(78, 669, 7350, '', '', 1, 3, '2019-12-02 13:39:24'),
(79, 768, 4300, '', '', 1, 3, '2019-12-02 13:39:50'),
(80, 769, 4780, '', '', 1, 3, '2019-12-02 13:40:19'),
(81, 770, 2500, '', '', 1, 3, '2019-12-02 13:40:35'),
(82, 815, 3300, '', '', 1, 3, '2019-12-02 13:40:59'),
(83, 778, 2700, '', '', 1, 3, '2019-12-02 13:41:24'),
(84, 821, 4300, '', '', 1, 3, '2019-12-02 13:42:31'),
(85, 402, 3400, '', '', 1, 3, '2019-12-02 13:43:00'),
(86, 816, 1700, '', '', 1, 3, '2019-12-02 13:43:29'),
(87, 718, 1300, '', '', 1, 3, '2019-12-02 13:43:56'),
(88, 592, 1670, '', '', 1, 3, '2019-12-02 13:44:21'),
(89, 379, 1100, '', '', 1, 3, '2019-12-02 13:44:45'),
(90, 719, 4060, '', '', 1, 3, '2019-12-02 13:45:09'),
(91, 593, 3800, '', '', 1, 3, '2019-12-02 13:45:23'),
(92, 297, 910, '', '', 1, 3, '2019-12-02 13:46:36');

-- --------------------------------------------------------

--
-- Estructura de tabla para la tabla `tbllithodevolucion`
--

CREATE TABLE `tbllithodevolucion` (
  `idlithodevolucion` int(11) NOT NULL,
  `idrevision` int(11) NOT NULL,
  `cantidad` int(11) NOT NULL,
  `comentarios` varchar(250) NOT NULL,
  `transferencia` varchar(250) NOT NULL,
  `activo` tinyint(4) NOT NULL,
  `idusuario` int(11) NOT NULL,
  `fecharegistro` datetime NOT NULL
) ENGINE=InnoDB DEFAULT CHARSET=utf8mb4;

-- --------------------------------------------------------

--
-- Estructura de tabla para la tabla `tbllithosalida`
--

CREATE TABLE `tbllithosalida` (
  `idlithosalida` int(11) NOT NULL,
  `idrevision` int(11) NOT NULL,
  `cantidad` int(11) NOT NULL,
  `comentarios` varchar(250) NOT NULL,
  `transferencia` varchar(250) NOT NULL,
  `activo` tinyint(4) NOT NULL,
  `idusuario` int(11) NOT NULL,
  `fecharegistro` datetime NOT NULL
) ENGINE=InnoDB DEFAULT CHARSET=utf8mb4;

-- --------------------------------------------------------

--
-- Estructura de tabla para la tabla `tblmaquina`
--

CREATE TABLE `tblmaquina` (
  `idmaquina` int(11) NOT NULL,
  `nombremaquina` varchar(250) NOT NULL,
  `activo` tinyint(4) NOT NULL,
  `idusuario` int(11) NOT NULL,
  `fecharegisto` datetime NOT NULL
) ENGINE=InnoDB DEFAULT CHARSET=latin1;

--
-- Volcado de datos para la tabla `tblmaquina`
--

INSERT INTO `tblmaquina` (`idmaquina`, `nombremaquina`, `activo`, `idusuario`, `fecharegisto`) VALUES
(1, 'LITHO', 1, 3, '2019-11-21 00:00:00'),
(2, 'FLEXO 2400', 1, 3, '2019-11-21 00:00:00'),
(3, 'SCRAP', 1, 3, '2019-11-21 00:00:00'),
(4, 'HOLD', 1, 3, '2019-11-21 00:00:00'),
(5, 'FLEXO 3200', 1, 3, '2019-11-22 00:00:00'),
(6, 'THOMPSON', 1, 3, '2019-11-22 00:00:00'),
(7, 'INSPECCIÓN', 1, 3, '2019-11-23 00:00:00');

-- --------------------------------------------------------

--
-- Estructura de tabla para la tabla `tblmodelo`
--

CREATE TABLE `tblmodelo` (
  `idmodelo` int(11) NOT NULL,
  `idparte` int(11) NOT NULL,
  `descripcion` varchar(255) DEFAULT NULL,
  `nombrehoja` varchar(200) DEFAULT NULL,
  `customer` varchar(200) DEFAULT NULL,
  `fulloneimpresion` varchar(200) DEFAULT NULL,
  `colorlinea` varchar(200) DEFAULT NULL,
  `diucutno` varchar(200) DEFAULT NULL,
  `platonumero` varchar(200) DEFAULT NULL,
  `color` varchar(200) DEFAULT NULL,
  `blanksize` varchar(200) DEFAULT NULL,
  `sheetsize` varchar(200) DEFAULT NULL,
  `score` varchar(200) DEFAULT NULL,
  `normascompartidas` varchar(200) DEFAULT NULL,
  `salida` varchar(200) DEFAULT NULL,
  `combinacion` varchar(200) DEFAULT NULL,
  `lithoname` varchar(200) DEFAULT NULL,
  `comment` varchar(200) DEFAULT NULL,
  `idusuario` int(11) NOT NULL,
  `fecharegistro` datetime DEFAULT NULL
) ENGINE=InnoDB DEFAULT CHARSET=latin1;

--
-- Volcado de datos para la tabla `tblmodelo`
--

INSERT INTO `tblmodelo` (`idmodelo`, `idparte`, `descripcion`, `nombrehoja`, `customer`, `fulloneimpresion`, `colorlinea`, `diucutno`, `platonumero`, `color`, `blanksize`, `sheetsize`, `score`, `normascompartidas`, `salida`, `combinacion`, `lithoname`, `comment`, `idusuario`, `fecharegistro`) VALUES
(1224, 6841, '24 PZS - 24 OZ', 'S24-111-CS-C', '', 'FLEXO', 'KRAFT', '', '', 'AZU-31-ACE-K', '', '638*1270', '', '', '', '33*26*26', '', '', 3, '2019-11-04 12:36:18'),
(1225, 6842, 'BOX 16\"', 'S60-111-AC-C', '', 'FLEXO', '', '', '', 'AZU-31-ACE-K', '', '549*1531', '', '', '', '33*26*26', '', '', 3, '2019-11-04 12:36:18'),
(1226, 6843, 'PAD 406 * 311', 'S62-110-AC-S', '', 'PAD', '', '', '', '', '', '403*1575', '', '', '', '26*26*26', '', '', 3, '2019-11-04 12:36:19'),
(1227, 6844, 'SB-01', 'S66-111-AC-C', '', 'FLEXO', '', '', '', '-', '', '750*1665', '', '', '', '42*33*33', '', '', 3, '2019-11-04 12:36:19'),
(1228, 6845, 'PAD 625 *428', 'S74-110-AC-S', '', 'PAD', '', '', '', '', '', '625*2160', '', '', '', '26*26*26', '', '', 3, '2019-11-04 12:36:19'),
(1229, 6846, 'BOX 24\"', 'S86-111-AC-C', '', 'FLEXO', '', '', '', 'AZU-31-ACE-K', '', '765*2185', '', '', '', '42*26*33', '', '', 3, '2019-11-04 12:36:19'),
(1230, 6847, 'N/A', 'S69-211-AC-C', '', '', 'WHITE', '', '', '', '', '726*1768', '', '1', '', '', '', '', 3, '2019-11-04 12:36:19'),
(1231, 6848, 'TAPA T3 /C091173000', '563*818', '', 'PAD', '', '', '', '', '', '563*818', '', '', '', '0', '', '', 3, '2019-11-04 12:36:19'),
(1232, 6849, 'SEPARADOR PINALEN 28 OZ', '999*287', '', 'PAD', '', '', '', '', '', '999*287', '', '', '', '0', '', '', 3, '2019-11-04 12:36:19'),
(1233, 6850, 'TALLA-5', 'BIO-0495', '', '', '', '', '', '', '', '', '', '', '', '0', '', '', 3, '2019-11-04 12:36:19'),
(1234, 6851, 'TALLA-3', 'BIO-0499', '', 'FLEXO', '', '', '', '', '', '', '', '', '', '0', '', '', 3, '2019-11-04 12:36:20'),
(1235, 6852, 'TALLA-4', 'BIO-0501', '', 'FLEXO', '', '', '', '', '', '', '', '', '', '0', '', '', 3, '2019-11-04 12:36:20'),
(1236, 6853, 'ALEN', 'BIO-ALEN-SHEET', '', 'PAD', '', '', '', '', '', '', '', '', '', '0', '', '', 3, '2019-11-04 12:36:20'),
(1237, 6854, 'S32-68-BG', 'S32-110-BG-C', '', '', '', '', '', 'BLK-000-LGE-K', '', '', '', '', '', '35*26*35', '', '', 3, '2019-11-04 12:36:20'),
(1238, 6855, '650X340X559', 'S81-110-BG-C', '', 'FLEXO', 'KRAFT', '14', '', 'BLK-000-LGE-K', '', '925*2055', '', '', '', '42*40*42', '', '', 3, '2019-11-04 12:36:20'),
(1239, 6856, 'BOX B-ROLLER', 'S48-110-BR-C', '', 'FLEXO', 'KRAFT', '', '', 'BLK-000-LGE-K', '', '594*1219', '', '', '', '33*26*33', '', '', 3, '2019-11-04 12:36:20'),
(1240, 6857, 'BOX 267780', 'S62-111-BR-C', '', 'FLEXO', 'KRAFT', '', '', 'BLK-000-LGE-K', '', '647*1581', '', '', '', '33*26*26', '', '', 3, '2019-11-04 12:36:20'),
(1241, 6858, 'N/A', 'SBW56-110-CS-C', '', 'NO', 'WHITE', '115 / 116', 'n/a', 'N/A', '', '692*1420', '', '', '', '33*26*26', '', '', 3, '2019-11-04 12:36:20'),
(1242, 6859, 'CAJA DE CARTON', 'S87-111-CM-C', '', 'FLEXO', 'KRAFT', 'Navaja', '144', 'BLK-000-LGE-K', '', '766*2206', '', '', '', '42*40*42', '', '', 3, '2019-11-04 12:36:20'),
(1243, 6860, 'MASTERBOX', 'S72-111-CM-C', '', 'FLEXO', 'KRAFT', 'Navaja', '145', 'BLK-000-LGE-K', '', '770*1827', '', '', '', '42*40*42', '', '', 3, '2019-11-04 12:36:20'),
(1244, 6861, 'DIVIDER SMALL', 'S32-110-CM-S', '', 'FLEXO', 'KRAFT', '122', 'n/a', '-', '', '320*825', '', '', '', '26*26*26', '', '', 3, '2019-11-04 12:36:20'),
(1245, 6862, 'COMPACT DIVIDER', 'S52-110-CM-S', '', '-', 'KRAFT', '120', 'n/a', 'N/A', '', '320*1310', '', '', '', '26*26*26', '', '', 3, '2019-11-04 12:36:20'),
(1246, 6863, 'DIVIDER BIG', 'S52-110-CM-S', '', '-', 'KRAFT', '121', 'n/a', '-', '', '320*1310', '', '', '', '26*26*26', '', '', 3, '2019-11-04 12:36:21'),
(1247, 6864, 'PAD SEPARADOR', 'S80-110-CM-S', '', '-', 'KRAFT', 'Navaja', 'n/a', 'N/A', '', '640*2020', '', '', '', '26*26*26', '', '', 3, '2019-11-04 12:36:21'),
(1248, 6865, 'INDIVIDUAL BOX', 'SB42-110-CM-C', '', '-', 'KRAFT', '40', 'n/a', 'N/A', '', '655*1065', '', '', '', '33*26*26', '', '', 3, '2019-11-04 12:36:21'),
(1249, 6866, 'RASTAFRI-50', 'D78-111-DW-C', '', 'FLEXO', 'KRAFT', '', '', 'ROJ-207C-LGE-K, BLK-000-LGE-K', '', '547*1990', '', '', '', '34*23*26*23*26', '', '', 3, '2019-11-04 12:36:21'),
(1250, 6867, 'PRE-STRECHED BRAID', 'D78-111-DW-C', '', 'FLEXO', 'KRAFT', '', '', 'VER-347C-DW-K, BLK-000-LGE-K', '', '547*1990', '', '', '', '34*23*26*23*26', '', '', 3, '2019-11-04 12:36:21'),
(1251, 6868, 'PRE-STRECHED BRAID', 'D86-111-DW-C', '', 'FLEXO', 'KRAFT', '', '', 'MOR-267C-DW-K, BLK-000-LGE-K', '', '608*2206', '', '', '', '34*23*26*23*26', '', '', 3, '2019-11-04 12:36:21'),
(1252, 6869, 'RASTAFRI-JUMBO 50 PCS', 'D88-110-DW-C', '', 'FLEXO', 'KRAFT', '171', '', 'ROJ-207C-LGE-K, BLK-000-LGE-K', '', '655*2240', '', '', '', '34*23*26*23*26', '', '', 3, '2019-11-04 12:36:21'),
(1253, 6870, 'RASTAFRI-RAPUNSEL 50PCS', 'D93-111-DW-C', '', 'FLEXO', 'KRAFT', '', '', 'ROJ-207C-LGE-K, BLK-000-LGE-K', '', '725*2355', '', '', '', '34*23*26*23*26', '', '', 3, '2019-11-04 12:36:21'),
(1254, 6871, 'RASTAFRI-TRIPLE 50 PCS', 'D94-111-DW-C', '', 'FLEXO', 'KRAFT', '', '', 'ROJ-207C-LGE-K, BLK-000-LGE-K', '', '742*2375', '', '', '', '34*23*26*23*26', '', '', 3, '2019-11-04 12:36:21'),
(1255, 6872, 'ESP-00( RASTAFRI-50 SEPAR 635X285 )', 'S57-110-DW-S', '', 'PAD', 'KRAFT', '', '', '-', '', '635*1445', '', '', '', '26*26*26', '', '', 3, '2019-11-04 12:36:21'),
(1256, 6873, 'SEPARADOR-JUMBO( 660X368)', 'S73-110-DW-S', '', 'PAD', 'KRAFT', '', '', '-', '', '660*1860', '', '', '', '26*26*26', '', '', 3, '2019-11-04 12:36:21'),
(1257, 6874, 'MASTER 3-IN', 'S35-111-ET-C', '', 'FLEXO', 'KRAFT', 'NAVAJA', '0', 'BLK-000-LGE-K', '', '536*910', '', '', '', '33*26*33', '', '', 3, '2019-11-04 12:36:22'),
(1258, 6875, 'N/A', 'S46-120-ET-C', '', 'FLEXO', 'KRAFT', '137', '7', 'AZU-300-ETN-K', '', '810*1085', '', '', '', '33*26*26', '', '', 3, '2019-11-04 12:36:22'),
(1259, 6876, 'N/A', 'S48-111-ET-C', '', 'FLEXO', 'KRAFT', 'No Loc', '30', 'AZU-300-ETN-K', '', '581*1235', '', '', '', '34*26*26', '', '', 3, '2019-11-04 12:36:22'),
(1260, 6877, '2\"', 'SB45-111-ET-C', '', 'FLEXO', 'KRAFT', 'Navaja', '44', 'AZU-300-ETN-K', '', '367*1145', '', '', '', '33*26*33', '', '', 3, '2019-11-04 12:36:22'),
(1261, 6878, 'HALO COMMERCIAL 6\"', 'S68-111-ET-C', '', 'FLEXO', 'KRAFT', 'Navaja', '59', 'BLK-000-LGE-K', '', '545*1737', '', '', '', '33*26*33', '', '', 3, '2019-11-04 12:36:22'),
(1262, 6879, 'N/A', 'S64-111-ET-C', '', 'FLEXO', 'KRAFT', 'Navaja', '65', 'AZU-300-ETN-K', '', '470*1636', '', '', '', '42*33*33', '', '', 3, '2019-11-04 12:36:22'),
(1263, 6880, 'HALO 4 \"', 'S65-111-ET-C', '', 'FLEXO', 'KRAFT', 'Navaja', '354', 'AZU-2935U-ETN-K, BLK-000-LGE-K', '', '625*1645', '', '', '', '35*26*35', '', '', 3, '2019-11-04 12:36:22'),
(1264, 6881, 'HALO COMMERCIAL 4\"', 'D111-111-ET-C', '', 'FLEXO', 'KRAFT', 'Navaja', '69', 'BLK-000-LGE-K', '', '1077*2852', '', '', '', '35*26*26*26*33', '', '', 3, '2019-11-04 12:36:22'),
(1265, 6882, 'HALO COMMERCIAL 4\"', 'SB20-110-ET-C', '', 'FLEXO', 'KRAFT', '29', '78', 'BLK-000-LGE-K', '', '480*515', '', '', '', '33*26*33', '', '', 3, '2019-11-04 12:36:22'),
(1266, 6883, 'HALO COMMERCIAL 6\"', 'SB23-130-ET-C', '', 'FLEXO', 'KRAFT', '187', '82', 'BLK-000-LGE-K', '', '550*590', '', '', '', '33*26*33', '', '', 3, '2019-11-04 12:36:22'),
(1267, 6884, 'HALO 4 \"', 'S84-121-ET-C', '', 'FLEXO', 'KRAFT', 'Navaja', '87', 'AZU-2935U-ETN-K, BLK-000-LGE-K', '', '614*2131', '', '', '', '35*26*35', '', '', 3, '2019-11-04 12:36:22'),
(1268, 6885, 'HALO COMMERCIAL 4\"', 'S25-111-ET-C', '', 'FLEXO', 'KRAFT', 'Navaja', '95', 'BLK-000-LGE-K', '', '283*1130', '', '', '', '33*26*33', '', '', 3, '2019-11-04 12:36:22'),
(1269, 6886, 'HALO COMMERCIAL 4\"', 'S59-121-ET-C', '', 'FLEXO', 'KRAFT', 'Navaja', '101', 'BLK-000-LGE-K', '', '480*1510', '', '', '', '33*26*33', '', '', 3, '2019-11-04 12:36:23'),
(1270, 6887, 'N/A', 'S66-121-ET-C', '', 'FLEXO', 'KRAFT', 'Navaja', '102', 'BLK-000-LGE-K', '', '372*1687', '', '', '', '33*26*33', '', '', 3, '2019-11-04 12:36:23'),
(1271, 6888, 'RSC BOX', 'S20-111-ET-C', '', '', 'KRAFT', 'Navaja', '112', 'AZU-300-ETN-K', '', '528*1353', '', '', '', '#N/A', '', '', 3, '2019-11-04 12:36:23'),
(1272, 6889, 'HALO COMMERCIAL 6\"', 'S89-121-ET-C', '', 'FLEXO', 'KRAFT', 'Navaja', '114', 'BLK-000-LGE-K', '', '580*2244', '', '', '', '33*26*26', '', '', 3, '2019-11-04 12:36:23'),
(1273, 6890, 'HALO COMMERCIAL 4\"', 'SB20-120-ET-C', '', 'FLEXO', 'KRAFT', '36', '118', 'BLK-000-LGE-K', '', '635*505', '', '', '', '33*26*33', '', '', 3, '2019-11-04 12:36:23'),
(1274, 6891, 'HALO COMMERCIAL 6\"', 'S39-110-ET-C', '', 'FLEXO', 'KRAFT', '62', '126', 'BLK-000-LGE-K', '', '380*1000', '', '', '', '33*26*26', '', '', 3, '2019-11-04 12:36:23'),
(1275, 6892, 'HALO COMMERCIAL 6\"', 'S108-111-ET-C', '', '', '', 'Navaja', '129', 'BLK-000-LGE-K', '', '1028*2755', '', '', '', '42*33*42', '', '', 3, '2019-11-04 12:36:23'),
(1276, 6893, 'N/A', 'S51-120-ET-C', '', '', '', 'No Loc', '133', '', '', '', '', '', '', '#N/A', '', '', 3, '2019-11-04 12:36:23'),
(1277, 6894, 'HALO COMMERCIAL 6\"', 'SE42-110-ET-C', '', 'FLEXO', 'KRAFT', '72', '134', 'BLK-000-LGE-K', '', '528*1035', '', '4', '', '33*26*26', '', '', 3, '2019-11-04 12:36:23'),
(1278, 6895, 'HALO COMMERCIAL 6\"', 'SE57-110-ET-C', '', 'FLEXO', 'KRAFT', '11', '135', 'BLK-000-LGE-K', '', '685*1462', '', '4', '', '33*26*26', '', '', 3, '2019-11-04 12:36:23'),
(1279, 6896, 'N/A', 'S46-121-ET-C', '', 'FLEXO', 'KRAFT', '138', '142', 'AZU-300-ETN-K', '', '762*1170', '', '', '', '33*26*26', '', '', 3, '2019-11-04 12:36:24'),
(1280, 6897, 'HALO COMMERCIAL 6\"', 'S40-111-ET-C', '', 'FLEXO', 'KRAFT', 'Navaja', '151', 'BLK-000-LGE-K', '', '391*1005', '', '', '', '33*26*33', '', '', 3, '2019-11-04 12:36:24'),
(1281, 6898, 'N/A', 'SB23-130-ET-C', '', 'FLEXO', 'KRAFT', '28', '162', 'BLK-000-LGE-K', '', '550*590', '', '', '', '33*26*33', '', '', 3, '2019-11-04 12:36:24'),
(1282, 6899, 'N/A', 'SW29-110-ET-S', '', 'PAD', 'WHITE', '245', '163', 'NAR-172U-ETN-K, NEG-000-LGE-K', '', '650*744', '', '', '', '33*26*33', '', '', 3, '2019-11-04 12:36:24'),
(1283, 6900, 'N/A', 'S86-111-ET-C', '', 'FLEXO', 'KRAFT', 'Navaja', '166', 'AZU-2935U-ETN-K, BLK-000-LGE-K', '', '616*2180', '', '', '', '33*26*33', '', '', 3, '2019-11-04 12:36:24'),
(1284, 6901, '2\"', 'SE38-110-ET-C', '', 'FLEXO', 'KRAFT', '177', '300', 'AZU-300-ETN-K', '', '545*1262', '', '4', '', '33*26*33', '', '', 3, '2019-11-04 12:36:24'),
(1285, 6902, 'HALO COMMERCIAL 6\"', 'SB24-130-ET-C', '', 'FLEXO', 'KRAFT', '246', '187', 'BLK-000-LGE-K', '', '757*620', '', '', '', '33*26*33', '', '', 3, '2019-11-04 12:36:24'),
(1286, 6903, '8\" LED-OUT BOX', 'S75-121-ET-C', '', 'FLEXO', 'KRAFT', 'Navaja', '193', 'AZU-300-ETN-K', '', '626*1392', '', '', '', '33*26*33', '', '', 3, '2019-11-04 12:36:24'),
(1287, 6904, 'HALO COMMERCIAL 4\"', 'S60-110-ET-C', '', 'FLEXO', 'KRAFT', 'Navaja', '194', 'BLK-000-LGE-K', '', '778*1529', '', '', '', '33*26*33', '', '', 3, '2019-11-04 12:36:24'),
(1288, 6905, 'HALO COMMERCIAL 6\"', 'D118-111-ET-C', '', 'FLEXO', 'KRAFT', 'Navaja', '195', 'BLK-000-LGE-K', '', '1223*3030', '', '', '', '34*23*26*23*26', '', '', 3, '2019-11-04 12:36:24'),
(1289, 6906, '8\" LED-PORTFOLIO', 'SB73-120-ET-C', '', 'FLEXO', 'KRAFT', '45', '196', 'AZU-300-ETN-K', '', '861*922', '', '', '', '33*26*33', '', '', 3, '2019-11-04 12:36:24'),
(1290, 6907, 'EATON', 'S35-121-ET-C', '', 'FLEXO', 'KRAFT', '179', '224', 'BLK-000-LGE-K', '', '467*896', '', '', '', '33*26*33', '', '', 3, '2019-11-04 12:36:24'),
(1291, 6908, 'PORTFOLIO', 'S88-121-ET-C', '', 'FLEXO', 'KRAFT', 'Navaja', '224', 'AZU-300-ETN-K, BLK-000-LGE-K', '', '778*2240', '', '', '', '33*26*33', '', '', 3, '2019-11-04 12:36:24'),
(1292, 6909, 'N/A', 'S73-121-ET-C', '', 'FLEXO', 'KRAFT', 'Navaja', '225', 'BLK-000-LGE-K', '', '542*1865', '', '', '', '33*26*33', '', '', 3, '2019-11-04 12:36:25'),
(1293, 6910, 'N/A', 'SB78-121-ET-C', '', 'FLEXO', 'KRAFT', 'Navaja', '225', 'BLK-000-LGE-K', '', '740*1982', '', '', '', '33*26*33', '', '', 3, '2019-11-04 12:36:25'),
(1294, 6911, 'N/A', 'SW105-111-ET-C', '', 'FLEXO', 'WHITE', 'Navaja', '4', 'NAR-172U-ETN-K, NEG-000-LGE-K', '', '765*2690', '', '', '', '42*26*33', '', '', 3, '2019-11-04 12:36:25'),
(1295, 6912, 'HALO COMERCIAL 4\"', 'S51-121-ET-C', '', 'FLEXO', 'KRAFT', 'Navaja', '227', 'BLK-000-LGE-K', '', '397*1286', '', '', '', '33*26*33', '', '', 3, '2019-11-04 12:36:25'),
(1296, 6913, 'N/A', 'S56-111-ET-C', '', 'FLEXO', 'KRAFT', 'Navaja', '229', 'ROJ-186U-ETN-K, BLK-000-LGE-K', '', '467*1415', '', '', '', '42*33*33', '', '', 3, '2019-11-04 12:36:25'),
(1297, 6914, 'N/A', 'S73-121-ET-C', '', 'FLEXO', 'KRAFT', 'Navaja', '230', 'BLK-000-LGE-K', '', '542*1865', '', '', '', '33*26*33', '', '', 3, '2019-11-04 12:36:25'),
(1298, 6915, 'N/A', 'SB49-110-ET-C', '', 'FLEXO', 'KRAFT', '162', '231', 'BLK-000-LGE-K', '', '768*1256', '', '', '', '33*26*33', '', '', 3, '2019-11-04 12:36:25'),
(1299, 6916, 'HALO COMMERCIAL 4\"', 'SE45-110-ET-C', '', 'FLEXO', 'KRAFT', '161', '231', 'BLK-000-LGE-K', '', '740*1340', '', '', '', '33*26*33', '', '', 3, '2019-11-04 12:36:25'),
(1300, 6917, 'N/A', 'D111-111-ET-C', '', 'FLEXO', 'KRAFT', 'Navaja', '232', 'BLK-000-LGE-K', '', '1077*2852', '', '', '', '35*26*26*26*33', '', '', 3, '2019-11-04 12:36:25'),
(1301, 6918, 'N/A', 'S43-121-ET-C', '', 'FLEXO', 'KRAFT', 'Navaja', '237', 'AZU-300-ETN-K', '', '765*1286', '', '', '', '42*33*33', '', '', 3, '2019-11-04 12:36:25'),
(1302, 6919, 'N/A', 'S59-131-ET-C', '', 'FLEXO', 'KRAFT', 'Navaja', '237', 'BLK-000-LGE-K', '', '416*1500', '', '', '', '42*33*33', '', '', 3, '2019-11-04 12:36:25'),
(1303, 6920, 'HALO COMMERCIAL 6\"', 'SB44-120-ET-C', '', 'FLEXO', 'KRAFT', '160', '238', 'BLK-000-LGE-K', '', '676*1118', '', '', '', '33*26*33', '', '', 3, '2019-11-04 12:36:26'),
(1304, 6921, 'N/A', 'D118-111-ET-C', '', 'FLEXO', 'KRAFT', 'Navaja', '240', 'BLK-000-LGE-K', '', '1223*3030', '', '', '', '34*23*26*23*26', '', '', 3, '2019-11-04 12:36:26'),
(1305, 6922, 'N/A', 'S91-111-ET-C', '', 'FLEXO', 'KRAFT', 'Navaja', '240', 'AZU-300-ETN-K', '', '718*2310', '', '', '', '42*33*33', '', '', 3, '2019-11-04 12:36:26'),
(1306, 6923, 'HALO COMERCIAL 4\"', 'S39-131-ET-C', '', 'FLEXO', 'KRAFT', 'Navaja', '243', 'BLK-000-LGE-K', '', '360*1000', '', '', '', '33*26*33', '', '', 3, '2019-11-04 12:36:26'),
(1307, 6924, 'N/A', 'S55-121-ET-C', '', 'FLEXO', 'KRAFT', 'Navaja', '196', 'BLK-000-LGE-K', '', '460*1400', '', '', '', '33*26*33', '', '', 3, '2019-11-04 12:36:26'),
(1308, 6925, 'HALO 6', 'S55-131-ET-C', '', 'FLEXO', 'KRAFT', 'Navaja', '244', 'BLK-000-LGE-K', '', '505*1420', '', '', '', '33*26*33', '', '', 3, '2019-11-04 12:36:26'),
(1309, 6926, 'HALO COMMERCIAL 4\"', 'S69-121-ET-C', '', 'FLEXO', 'KRAFT', 'Navaja', '244', '', '', '429*1748', '', '', '', '33*26*33', '', '', 3, '2019-11-04 12:36:26'),
(1310, 6927, 'HALO 6 \"', 'S70-111-ET-C', '', 'FLEXO', 'KRAFT', 'Navaja', '245', 'NAR-172U-ETN-K, NEG-000-LGE-K', '', '685*1795', '', '', '', '35*26*26', '', '', 3, '2019-11-04 12:36:26'),
(1311, 6928, 'N/A', 'S45-111-ET-C', '', 'FLEXO', 'KRAFT', 'Navaja', '247', 'BLK-000-LGE-K', '', '394*1138', '', '', '', '33*26*33', '', '', 3, '2019-11-04 12:36:26'),
(1312, 6929, 'HALO COMMERCIAL 4\"', 'S100-111-ET-C', '', 'FLEXO', 'KRAFT', 'Navaja', '155', 'BLK-000-LGE-K', '', '968*2568', '', '', '', '42*26*33', '', '', 3, '2019-11-04 12:36:26'),
(1313, 6930, '8\" PORTFOLIO', 'S69-111-ET-C', '', 'FLEXO', 'KRAFT', 'Navaja', '251', 'AZU-300-ETN-K', '', '702*1750', '', '', '', '33*26*26', '', '', 3, '2019-11-04 12:36:26'),
(1314, 6931, 'N/A', 'S89-111-ET-C', '', 'FLEXO', 'KRAFT', 'Navaja', '252', 'BLK-000-LGE-K', '', '540*2262', '', '', '', '42*33*33', '', '', 3, '2019-11-04 12:36:26'),
(1315, 6932, 'HALO COMMERCIAL 4\"', 'SE42-110-ET-C', '', 'FLEXO', 'KRAFT', '159', '151', 'BLK-000-LGE-K', '', '528*1035', '', '', '', '#N/A', '', '', 3, '2019-11-04 12:36:27'),
(1316, 6933, 'N/A', 'S56-111-ET-C', '', 'FLEXO', 'KRAFT', 'Navaja', '254', 'ROJ-186U-ETN-K, BLK-000-LGE-K', '', '467*1415', '', '', '', '42*33*33', '', '', 3, '2019-11-04 12:36:27'),
(1317, 6934, 'HALO COMMERCIAL 4\"', 'S89-111-ET-C', '', 'FLEXO', 'KRAFT', 'Navaja', '255', 'BLK-000-LGE-K', '', '540*2262', '', '', '', '42*33*33', '', '', 3, '2019-11-04 12:36:27'),
(1318, 6935, 'HALO COMMERCIAL 4\"', 'S89-111-ET-C', '', 'FLEXO', 'KRAFT', 'Navaja', '255', 'BLK-000-LGE-K', '', '540*2262', '', '', '', '42*33*33', '', '', 3, '2019-11-04 12:36:27'),
(1319, 6936, 'N/A', 'S52-121-ET-C', '', 'FLEXO', 'KRAFT', 'Navaja', '256', 'BLK-000-LGE-K', '', '445*1330', '', '', '', '33*26*33', '', '', 3, '2019-11-04 12:36:27'),
(1320, 6937, '8\" PORTFOLIO', 'S62-121-ET-C', '', 'FLEXO', 'KRAFT', 'Navaja', '256', 'AZU-300-ETN-K', '', '648*1585', '', '', '', '33*26*33', '', '', 3, '2019-11-04 12:36:27'),
(1321, 6938, 'PORTFOLIO', 'S78-131-ET-C', '', 'FLEXO', 'KRAFT', 'Navaja', '261', '', '', '740*1980', '', '', '', '33*26*33', '', '', 3, '2019-11-04 12:36:27'),
(1322, 6939, 'N/A', '', '', '', '', '', '', '', '', '', '', '', '', '#N/A', '', '', 3, '2019-11-04 12:36:27'),
(1323, 6940, 'N/A', '', '', '', '', '', '', '', '', '', '', '', '', '#N/A', '', '', 3, '2019-11-04 12:36:27'),
(1324, 6941, 'N/A', '', '', '', '', '', '', '', '', '', '', '', '', '0', '', '', 3, '2019-11-04 12:36:28'),
(1325, 6942, 'N/A', '', '', '', '', '', '', '', '', '', '', '', '', '0', '', '', 3, '2019-11-04 12:36:28'),
(1326, 6943, 'N/A', 'S30-110-ET-C', '', 'INSERT', 'KRAFT', '127', '', '', '', '770*1040', '', '6', '', '0', '', '', 3, '2019-11-04 12:36:28'),
(1327, 6944, 'N/A', '', '', '', '', '', '', '', '', '', '', '', '', '0', '', '', 3, '2019-11-04 12:36:28'),
(1328, 6945, 'HALO LED 4\"', '', '', 'FULL 1', 'KRAFT', '', '', '', '', '', '', '', '', '33*26*33', 'PK526219ML', '', 3, '2019-11-04 12:36:28'),
(1329, 6946, 'N/A', 'D64-110-ET-S', '', 'EMBOSS', 'KRAFT', '', '', '-', '', '604*1620', '', '', '', '34*23*26*23*26', '', '', 3, '2019-11-04 12:36:28'),
(1330, 6947, 'QTY\nMONTHLY', 'DELIVERY DATE', '', 'OUT', '', '', '', '', '', '', '', '', '', '0', '', '', 3, '2019-11-04 12:36:28'),
(1331, 6948, 'N/A', 'S25-110-ET-C', '', '', 'KRAFT', '183', '', '', '', '1051*1240', '', '', '', '#N/A', '', '', 3, '2019-11-04 12:36:28'),
(1332, 6949, '8\" PORTFOLIO', 'S25-110-ET-C', '', 'FLEXO', 'KRAFT', '', '', 'AZU-300-ETN-K', '', '536*630', '', '', '', '33*26*33', '', '', 3, '2019-11-04 12:36:28'),
(1333, 6950, '33\"1/8 X 17\" 3/4', 'S32-110-ET-C', '', 'FLEXO', 'KRAFT', '', '', 'AZU-300-ETN-K', '', '860*902', '', '', '', '34*26*34', '', '', 3, '2019-11-04 12:36:28'),
(1334, 6951, 'RSC BOX', 'S33-111-ET-C', '', 'FLEXO', 'KRAFT', '15', '', 'BLK-000-LGE-K', '', '722*855', '', '', '', '35*26*26', '', '', 3, '2019-11-04 12:36:29'),
(1335, 6952, '37\" 1/2 X 13\" 7/8', 'S35-110-ET-S', '', 'PAD', 'KRAFT', '', '', '', '', '420*878', '', '', '', '33*26*33', '', '', 3, '2019-11-04 12:36:29'),
(1336, 6953, 'INSERT', 'S35-120-ET-S', '', 'FLEXO', 'KRAFT', '60', '', 'BLK-000-LGE-K', '', '1400*850', '', '', '', '#N/A', '', '', 3, '2019-11-04 12:36:29'),
(1337, 6954, '8\" PORTFOLIO', 'S42-121-ET-C', '', 'FLEXO', 'KRAFT', '', '', 'AZU-300-ETN-K', '', '598*1058', '', '', '', '33*26*33', '', '', 3, '2019-11-04 12:36:29'),
(1338, 6955, 'N/A', 'S42-130-ET-C', '', 'PAD', 'KRAFT', '', '', 'BLK-000-LGE-K', '', '618*1070', '', '', '', '33*26*33', '', '', 3, '2019-11-04 12:36:29'),
(1339, 6956, 'N/A', 'S43-111-ET-C', '', 'FLEXO', 'KRAFT', '', '', 'BLK-000-LGE-K', '', '608*1085', '', '', '', '33*26*33', '', '', 3, '2019-11-04 12:36:29'),
(1340, 6957, 'N/A', 'S43-131-ET-C', '', 'FLEXO', 'KRAFT', '', '', 'BLK-000-LGE-K', '', '543*1100', '', '', '', '33*26*33', '', '', 3, '2019-11-04 12:36:29'),
(1341, 6958, '44\" X 44\"', 'S44-110-ET-S', '', '-', 'KRAFT', '', '', '', '', '1118*1118', '', '', '', '26*26*26', '', '', 3, '2019-11-04 12:36:29'),
(1342, 6959, 'DC INSERT', 'S51-110-ET-S', '', 'PAD', 'KRAFT', '18', '', '', '', '592*1155', '', '', '', '33*26*33', '', '', 3, '2019-11-04 12:36:29'),
(1343, 6960, 'HALO COMMERCIAL 6\"', 'S51-120-ET-C', '', 'FLEXO', 'KRAFT', '', '', 'BLK-000-LGE-K', '', '420*1296', '', '', '', '33*26*26', '', '', 3, '2019-11-04 12:36:29'),
(1344, 6961, '13\"X13\"X13\"', 'S55-111-ET-C', '', 'FLEXO', 'KRAFT', '', '', 'BLK-000-LGE-K', '', '672*1400', '', '', '', '33*26*33', '', '', 3, '2019-11-04 12:36:30'),
(1345, 6962, '16\"X16\"X16\"', 'S66-131-ET-C', '', 'FLEXO', 'KRAFT', '', '', 'BLK-000-LGE-K', '', '824*1685', '', '', '', '42*33*33', '', '', 3, '2019-11-04 12:36:30'),
(1346, 6963, '18\"X18\"X18\"', 'S73-111-ET-C', '', 'FLEXO', 'KRAFT', '', '', 'BLK-000-LGE-K', '', '925*1890', '', '', '', '42*33*33', '', '', 3, '2019-11-04 12:36:30'),
(1347, 6964, 'HALO 4\"', 'S84-111-ET-C', '', 'FLEXO', 'KRAFT', '', '', 'AZU-300-ETN-K, BLK-000-LGE-K', '', '616*2121', '', '', '', '33*26*33', '', '', 3, '2019-11-04 12:36:30'),
(1348, 6965, 'N/A', 'S94-111-ET-C', '', 'FLEXO', 'KRAFT', '', '', '-', '', '956*2391', '', '', '', '#N/A', '', '', 3, '2019-11-04 12:36:30'),
(1349, 6966, 'HALO COMERCIAL 6\"', 'SB24-120-ET-S', '', 'FLEXO', 'KRAFT', '247', '', 'BLK-000-LGE-K', '', '668*621', '', '', '', '33*26*33', '', '', 3, '2019-11-04 12:36:30'),
(1350, 6967, '16\" 1/8 X 16\" 7/8', 'SB29-110-ET-S', '', 'PAD', 'KRAFT', '110', '', '', '', '325*726', '', '', '', '26*23*26', '', '', 3, '2019-11-04 12:36:30'),
(1351, 6968, 'N/A', 'SB42-110-ET-S', '', '', 'KRAFT', '', '', '-', '', '625*1076', '', '', '', '26*26*26', '', '', 3, '2019-11-04 12:36:30'),
(1352, 6969, 'E- FLUTE', 'SE41-110-ET-S', '', 'PAD', 'KRAFT', '', '', '', '', '1500*1050', '', '', '', '33*26*26', '', '', 3, '2019-11-04 12:36:31'),
(1353, 6970, 'AXCENT SMALL', 'S34-110-ET-C', '', 'FULL 1', 'KRAFT', '22', 'Litho', '', '', '670*878', '', '', '', '#N/A', 'PK514067EN', '', 3, '2019-11-04 12:36:31'),
(1354, 6971, 'AXCENT SMALL', 'S34-110-ET-C', '', 'FULL 1', 'KRAFT', '22', 'Litho', '', '', '670*878', '', '', '', '#N/A', 'PK514068EN', '', 3, '2019-11-04 12:36:31'),
(1355, 6972, 'AXCENT SMALL', 'S34-110-ET-C', '', 'FULL 1', 'KRAFT', '22', 'Litho', '', '', '670*878', '', '', '', '#N/A', 'PK514069EN', '', 3, '2019-11-04 12:36:31'),
(1356, 6973, 'AXCENT SMALL', 'S34-110-ET-C', '', 'FULL 1', 'KRAFT', '22', 'Litho', '', '', '670*878', '', '', '', '#N/A', 'PK514070EN', '', 3, '2019-11-04 12:36:31'),
(1357, 6974, 'AXCENT SMALL', 'S34-110-ET-C', '', 'FULL 1', 'KRAFT', '22', 'Litho', '', '', '670*878', '', '', '', '#N/A', 'PK514071EN', '', 3, '2019-11-04 12:36:31'),
(1358, 6975, 'AXCENT SMALL', 'S34-110-ET-C', '', 'FULL 1', 'KRAFT', '22', 'Litho', '', '', '670*878', '', '', '', '#N/A', 'PK514072EN', '', 3, '2019-11-04 12:36:31'),
(1359, 6976, 'AXCENT SMALL', 'S34-110-ET-C', '', 'FULL 1', 'KRAFT', '22', 'Litho', '', '', '670*878', '', '', '', '#N/A', 'PK514073EN', '', 3, '2019-11-04 12:36:31'),
(1360, 6977, 'AXCENT SMALL', 'S34-110-ET-C', '', 'FULL 1', 'KRAFT', '22', 'Litho', '', '', '670*878', '', '', '', '#N/A', 'PK514074EN', '', 3, '2019-11-04 12:36:31'),
(1361, 6978, 'AXCENT SMALL', 'S34-110-ET-C', '', 'FULL 1', 'KRAFT', '22', 'Litho', '', '', '670*878', '', '', '', '#N/A', 'PK514075EN', '', 3, '2019-11-04 12:36:31'),
(1362, 6979, 'AXCENT SMALL', 'S34-110-ET-C', '', 'FULL 1', 'KRAFT', '22', 'Litho', '', '', '670*878', '', '', '', '#N/A', 'PK514076EN', '', 3, '2019-11-04 12:36:31'),
(1363, 6980, 'CROSS TOUR MAXX 58W REFRACTIVE', 'S34-110-ET-C', '', 'FULL 1', 'KRAFT', '92', 'Litho', '-', '', '775*872', '', '', '', '34*26*34', 'PK514023EN', '', 3, '2019-11-04 12:36:31'),
(1364, 6981, 'CROSS TOUR MAXX 58W FULL', 'S34-110-ET-C', '', 'FULL 1', 'KRAFT', '92', 'Litho', '-', '', '775*872', '', '', '', '34*26*34', 'PK514024EN', '', 3, '2019-11-04 12:36:32'),
(1365, 6982, 'CROSS TOUR MAXX 81W REFRACTIVE', 'S34-110-ET-C', '', 'FULL 1', 'KRAFT', '92', 'Litho', '-', '', '775*872', '', '', '', '34*26*34', 'PK514025EN', '', 3, '2019-11-04 12:36:32'),
(1366, 6983, 'CROSS TOUR MAXX 81W FULL', 'S34-110-ET-C', '', 'FULL 1', 'KRAFT', '92', 'Litho', '-', '', '775*872', '', '', '', '34*26*34', 'PK514026EN', '', 3, '2019-11-04 12:36:32'),
(1367, 6984, 'CROSS TOUR MAXX 102W REFRACTIVE', 'S34-110-ET-C', '', 'FULL 1', 'KRAFT', '92', 'Litho', '-', '', '775*872', '', '', '', '34*26*34', 'PK514027EN', '', 3, '2019-11-04 12:36:32'),
(1368, 6985, 'CROSS TOUR MAXX 102W FULL', 'S34-110-ET-C', '', 'FULL 1', 'KRAFT', '116', 'Litho', '-', '', '775*872', '', '2', '', '34*26*34', 'PK514028EN', '', 3, '2019-11-04 12:36:32'),
(1369, 6986, 'HALO LED KIT', 'S40-110-ET-C', '', 'FULL 1', 'KRAFT', '96', 'Litho', '', '', '635*1005', '', '2', '', '33*26*33', 'PK518795ML', '', 3, '2019-11-04 12:36:32'),
(1370, 6987, 'CROSS TOUR 12W CARBON', 'SB23-110-ET-C', '', 'FULL 1', 'KRAFT', '111', 'Litho', '-', '', '1040*576', '', '', '', '34*26*26', 'PK514015EN', '', 3, '2019-11-04 12:36:32'),
(1371, 6988, 'CROSS TOUR 18W SUMMIT WHITE', 'SB23-110-ET-C', '', 'FULL 1', 'KRAFT', '111', 'Litho', '-', '', '1040*576', '', '', '', '34*26*26', 'PK514016EN', '', 3, '2019-11-04 12:36:32'),
(1372, 6989, 'CROSS TOUR 18W CARBON', 'SB23-110-ET-C', '', 'FULL 1', 'KRAFT', '111', 'Litho', '-', '', '1040*576', '', '', '', '34*26*26', 'PK514017EN', '', 3, '2019-11-04 12:36:32'),
(1373, 6990, 'CROSS TOUR 18W SUMMIT WHITE', 'SB23-110-ET-C', '', 'FULL 1', 'KRAFT', '111', 'Litho', '-', '', '1040*576', '', '', '', '34*26*26', 'PK514018EN', '', 3, '2019-11-04 12:36:32'),
(1374, 6991, 'CROSS TOUR 26W CARBON', 'SB23-110-ET-C', '', 'FULL 1', 'KRAFT', '111', 'Litho', '-', '', '1040*576', '', '', '', '34*26*26', 'PK514019EN', '', 3, '2019-11-04 12:36:33'),
(1375, 6992, 'CROSS TOUR 26W SUMMIT WHITE', 'SB23-110-ET-C', '', 'FULL 1', 'KRAFT', '111', 'Litho', '-', '', '1040*576', '', '2', '', '34*26*26', 'PK514020EN', '', 3, '2019-11-04 12:36:33'),
(1376, 6993, 'CROSS TOUR 38W CARBON', 'SB25-110-ET-C', '', 'FULL 1', 'KRAFT', '175', 'Litho', '-', '', '1110*640', '', '', '', '34*26*26', 'PK514021EN', '', 3, '2019-11-04 12:36:33'),
(1377, 6994, 'CROSS TOUR 38W SUMMIT WHITE', 'SB25-110-ET-C', '', 'FULL 1', 'KRAFT', '175', 'Litho', '-', '', '1110*640', '', '', '', '34*26*26', 'PK514022EN', '', 3, '2019-11-04 12:36:33'),
(1378, 6995, 'N/A', 'SB51-120-ET-C', '', 'FULL 1', 'KRAFT', '153', 'Litho', '-', '', '803*1300', '', '', '', '33*26*33', 'PK526762ML', '', 3, '2019-11-04 12:36:33'),
(1379, 6996, 'N/A', 'SB51-120-ET-C', '', 'FULL 1', 'KRAFT', '153', 'Litho', '-', '', '803*1300', '', '', '', '33*26*33', 'PK526767ML', '', 3, '2019-11-04 12:36:33'),
(1380, 6997, 'N/A', 'D55-120-ET-C', '', 'EMBOSS', 'KRAFT', '105', 'n/a', '-', '', '340*1400', '', '', '', '34*23*26*23*26', '', '', 3, '2019-11-04 12:36:33'),
(1381, 6998, 'N/A', 'D58-140-ET-S', '', 'FLEXO', 'KRAFT', '157', 'n/a', '', '', '1120*1480', '', '', '', '34*23*26*23*26', '', '', 3, '2019-11-04 12:36:33'),
(1382, 6999, 'N/A', 'D68-110-ET-S', '', 'EMBOSS', 'KRAFT', '98', 'n/a', 'EMBOSS', '', '785*1730', '', '', '', '34*23*26*23*26', '', '', 3, '2019-11-04 12:36:33'),
(1383, 7000, 'N/A', 'S25-120-ET-C', '', 'PAD', 'KRAFT', '186', 'n/a', '-', '', '836*630', '', '', '', '33*26*33', '', '', 3, '2019-11-04 12:36:34'),
(1384, 7001, 'N/A', 'S29-120-ET-S', '', 'PAD', 'KRAFT', '16', 'n/a', '-', '', '945*754', '', '', '', '42*26*33', '', '', 3, '2019-11-04 12:36:34'),
(1385, 7002, 'N/A', 'S32-120-ET-S', '', 'PAD', 'KRAFT', 'Columna \"F\"', 'n/a', '-', '', '430*806', '', '', '', '33*26*33', '', '', 3, '2019-11-04 12:36:34'),
(1386, 7003, 'N/A', 'S34-120-ET-S', '', 'PAD', 'KRAFT', '33', 'n/a', '-', '', '470*870', '', '', '', '33*26*33', '', '', 3, '2019-11-04 12:36:34'),
(1387, 7004, 'HALO 4 PACK', 'S38-110-ET-C', '', 'FULL-2', 'KRAFT', '75', 'n/a', '', '', '615*985', '', '', '', '42*33*33', 'PK518814ML', '', 3, '2019-11-04 12:36:34'),
(1388, 7005, 'N/A', 'S42-120-ET-S', '', 'FLEXO', 'KRAFT', '158', 'n/a', 'BLK-000-LGE-K', '', '496*1060', '', '10', '', '33*26*33', '', '', 3, '2019-11-04 12:36:34'),
(1389, 7006, '22\" 5/8 X 22\" 5/8', 'S46-110-ET-S', '', 'PAD', 'KRAFT', '10', 'n/a', '', '', '585*1170', '', '3', '', '#N/A', '', '', 3, '2019-11-04 12:36:34'),
(1390, 7007, 'N/A', 'S52-120-ET-S', '', 'PAD', 'KRAFT', '185', 'n/a', '-', '', '471*1330', '', '', '', '33*26*33', '', '', 3, '2019-11-04 12:36:34'),
(1391, 7008, 'N/A', 'S58-130-ET-C', '', 'PAD', 'KRAFT', '103', 'n/a', '-', '', '1190*1480', '', '', '', '42*33*33', '', '', 3, '2019-11-04 12:36:34'),
(1392, 7009, 'N/A', 'S59-110-ET-C', '', 'EMBOSS', 'KRAFT', '134', 'n/a', '-', '', '761*1490', '', '', '', '42*33*42', '', '', 3, '2019-11-04 12:36:35'),
(1393, 7010, '273 X 340', 'S67-120-ET-S', '', 'PAD', 'KRAFT', '109', 'n/a', '', '', '283*1720', '', '', '', '33*26*33', '', '', 3, '2019-11-04 12:36:35'),
(1394, 7011, 'HALO LED', 'SB45-110-ET-C', '', 'FULL 1', 'KRAFT', '117', 'n/a', '', '', '702*1160', '', '2', '', '33*26*33', 'PK526434ML', '', 3, '2019-11-04 12:36:35'),
(1395, 7012, '318 X 340', 'SB67-110-ET-S', '', 'PAD', 'KRAFT', '85', 'n/a', '', '', '328*1720', '', '', '', '33*26*33', '', '', 3, '2019-11-04 12:36:35'),
(1396, 7013, '1325', 'SE24-110-ET-S', '', 'FLEXO', 'KRAFT', '166', 'n/a', '', '', '1330*622', '', '', '', '33*26*26', '', '', 3, '2019-11-04 12:36:35'),
(1397, 7014, '140', 'SE24-110-ET-S', '', 'FLEXO', 'KRAFT', '170', 'n/a', '', '', '1330*622', '', '', '', '33*26*26', '', '', 3, '2019-11-04 12:36:35'),
(1398, 7015, '942', 'SE24-110-ET-S', '', 'FLEXO', 'KRAFT', '172', 'n/a', '', '', '1330*622', '', '', '', '33*26*26', '', '', 3, '2019-11-04 12:36:35'),
(1399, 7016, 'N/A', 'SE40-110-ET-S', '', 'FLEXO', 'KRAFT', '155', 'n/a', '-', '', '425*1010', '', '', '', '33*26*26', '', '', 3, '2019-11-04 12:36:35'),
(1400, 7017, 'N/A', 'SE40-110-ET-S', '', 'EMBOSS', 'KRAFT', '82', 'n/a', '-', '', '425*1020', '', '', '', '33*26*26', '', '', 3, '2019-11-04 12:36:35'),
(1401, 7018, 'INSERT', 'SE40-110-ET-S', '', 'EMBOSS', 'KRAFT', '17', 'n/a', '-', '', '425*1020', '', '', '', '33*26*26', '', '', 3, '2019-11-04 12:36:36'),
(1402, 7019, 'INSERT', 'SE40-110-ET-S', '', 'EMBOSS', 'KRAFT', '61', 'n/a', '-', '', '430*1040', '', '', '', '33*26*26', '', '', 3, '2019-11-04 12:36:36'),
(1403, 7020, 'N/A', 'SEW47-110-ET-C', '', 'EMBOSS', 'WHITE', '79', 'n/a', '-', '', '580*1190', '', '', '', '33*26*26', '', '', 3, '2019-11-04 12:36:36'),
(1404, 7021, 'DIE CUT RSC', 'S40-121-ET-C', '', 'FLEXO', 'KRAFT', '137', 'No Loc', 'BLK-000-LGE-K', '', '713*1029', '', '', '', '42*33*42', '', '', 3, '2019-11-04 12:36:36'),
(1405, 7022, 'INSERT', 'S18-110-ET-S', '', 'FLEXO', 'KRAFT', '122', '', 'BLK-000-LGE-K', '', '1571*445', '', '', '', '33*26*26', '', '', 3, '2019-11-04 12:36:36'),
(1406, 7023, 'N/A', 'S32-120-ET-C', '', 'FULL 1', 'KRAFT', '101', '', '', '', '', '', '', '', '#N/A', 'PK506038EN', '', 3, '2019-11-04 12:36:36'),
(1407, 7024, 'N/A', 'S32-120-ET-C', '', 'FULL 1', 'KRAFT', '', '', '', '', '', '', '', '', '#N/A', 'PK506039EN', '', 3, '2019-11-04 12:36:36'),
(1408, 7025, 'N/A', 'S32-170-ET-C', '', 'FLEXO', 'KRAFT', '44', '', 'BLK-000-LGE-K', '', '525*808', '', '1', '', '34*26*26', '', '', 3, '2019-11-04 12:36:36'),
(1409, 7026, 'N/A', 'S36-110-ET-C', '', 'FLEXO', 'KRAFT', '', '', '', '', '969*919', '', '', '', '#N/A', '', '', 3, '2019-11-04 12:36:36'),
(1410, 7027, 'N/A', 'S39-140-ET-C', '', 'EMBOSS', 'KRAFT', '139', '', '', '', '902*970', '', '1', '', '34*26*26', '', '', 3, '2019-11-04 12:36:37'),
(1411, 7028, 'N/A', 'S57-110-ET-C', '', 'FLEXO', 'KRAFT', '87', '', '', '', '1471*944', '', '', '', '#N/A', '', '', 3, '2019-11-04 12:36:37'),
(1412, 7029, 'N/A', 'SE40-110-ET-S', '', '', '', '', '', '', '', '', '', '', '', '#N/A', '', '', 3, '2019-11-04 12:36:37'),
(1413, 7030, 'HSC Box', 'SB64-110-ET-C', '', '', 'KRAFT', '88', '', 'Printing (PMS 300 Blue)', '', '367*1646', '', '1', '', '34*26*26', '', '', 3, '2019-11-04 12:36:37'),
(1414, 7031, 'N/A', 'S108-111-ET-C', '', '', 'KRAFT', '', '', 'Printing (Black)', '', '1028*2763', '', 'N/A', '', '33*26*33', '', '', 3, '2019-11-04 12:36:37'),
(1415, 7032, 'N/A', 'S89-131-ET-C', '', '', 'KRAFT', '', '', 'Printing (Black)', '', '582*2264', '', 'N/A', '', '42*33*33', '', '', 3, '2019-11-04 12:36:37'),
(1416, 7033, 'N/A', 'S68-121-ET-C', '', '', 'KRAFT', '', '', 'Printing (Black)', '', '795*1734', '', 'N/A', '', '33*26*33', '', '', 3, '2019-11-04 12:36:37'),
(1417, 7034, 'N/A', 'SB47-110-ET-C', '', '', 'KRAFT', '136', '338', 'Printing (Intense Black)', '', '1088*1195', '', '2', '', '33*26*33', '', '', 3, '2019-11-04 12:36:37'),
(1418, 7035, 'N/A', 'S68-131-ET-C', '', '', 'KRAFT', '', '', 'Printing (Black)', '', '603*1731', '', 'N/A', '', '33*26*33', '', '', 3, '2019-11-04 12:36:38'),
(1419, 7036, 'N/A', 'SB54-110-ET-C', '', '', 'KRAFT', '89', '', 'Printing (Intense Black)', '', '900*1396', '', '3', '', '33*26*33', '', '', 3, '2019-11-04 12:36:38'),
(1420, 7037, 'N/A', 'S61-111-ET-C', '', '', 'KRAFT', '', '', 'Printing (Black)', '', '711*1569', '', 'N/A', '', '33*26*33', '', '', 3, '2019-11-04 12:36:38'),
(1421, 7038, 'N/A', 'SB41-110-ET-C', '', '', 'KRAFT', '184', '', 'Printing (Black)', '', '979*1065', '', '2', '', '33*26*33', '', '', 3, '2019-11-04 12:36:38'),
(1422, 7039, 'N/A', 'S61-121-ET-C', '', '', 'KRAFT', '', '', 'Printing (Black)', '', '554*1569', '', 'N/A', '', '33*26*33', '', '', 3, '2019-11-04 12:36:38'),
(1423, 7040, 'N/A', 'SB33-110-ET-C', '', '', 'KRAFT', '178', '325', 'Printing (Intense Black)', '', '822*855', '', '2', '', '33*26*33', '', '', 3, '2019-11-04 12:36:38'),
(1424, 7041, 'N/A', 'S40-130-ET-C', '', '', 'KRAFT', '', '', '', '', '700*1039', '', '6', '', '33*26*33', '', '', 3, '2019-11-04 12:36:38'),
(1425, 7042, 'N/A', 'SB46-110-ET-C', '', '', 'KRAFT', '181', '', '', '', '509*1173', '', '5', '', '33*26*33', '', '', 3, '2019-11-04 12:36:38'),
(1426, 7043, 'N/A', 'SB46-120-ET-C', '', '', 'KRAFT', '133', '', '', '', '779*1173', '', '10', '', '33*26*33', '', '', 3, '2019-11-04 12:36:39'),
(1427, 7044, 'PK514077EN', 'S21-111-ET-C', '', 'FLEXO', 'KRAFT', '', '', 'Printing (PMS 300 Blue)', '', '540*1182', '', '1', '', '', '', '', 3, '2019-11-04 12:36:39'),
(1428, 7045, '11619291', 'D48-110-ET-C', '', 'PAD', 'KRAFT', '126', '', '', '', '1239*538', '', '1', '', '', '', '', 3, '2019-11-04 12:36:39'),
(1429, 7046, 'CLP-78061-DCT', '', '', 'EMBOSS', 'KRAFT', '43', '', '', '', '', '', '', '', '', '', '', 3, '2019-11-04 12:36:39'),
(1430, 7047, '78747CTN', 'S34-111-ET-C', '', 'FLEXO', 'KRAFT', '', '', 'Printing (PMS 300 Blue)', '', '880*1580', '', '1', '', '34*26*26', '', '', 3, '2019-11-04 12:36:39'),
(1431, 7048, 'N/A', '', '', 'FLEXO', 'KRAFT', '123', '', '', '', '', '', '', '', '', '', '', 3, '2019-11-04 12:36:39'),
(1432, 7049, 'PAD', 'S62-110-ET-C', '', 'EMBOSS', 'KRAFT', '', '', '', '', '671*1590', '', '8', '', '33*26*26', '', '', 3, '2019-11-04 12:36:39'),
(1433, 7050, 'INSERT', 'S61-120-ET-C', '', 'EMBOSS', 'KRAFT', '94', '', '', '', '753*1554', '', '6', '', '33*26*33', '', '', 3, '2019-11-04 12:36:39'),
(1434, 7051, 'N/A', '', '', 'FLEXO', 'KRAFT', '', '', 'PMS BLUE 300', '', '572*1698', '', '1', '', '33*26*33', '', '', 3, '2019-11-04 12:36:40'),
(1435, 7052, 'N/A', 'S33-120-ET-C', '', 'FLEXO', 'KRAFT', '70', '', 'Printing (Blue 300)', '', '660*858', '', '1', '', '33*26*33', '', '', 3, '2019-11-04 12:36:40'),
(1436, 7053, 'N/A', 'S81-110-ET-C', '', 'FLEXO', 'KRAFT', '', '', 'Printing (Blue 300)', '', '758*2060', '', '1', '', '42*26*33', '', '', 3, '2019-11-04 12:36:40'),
(1437, 7054, 'N/A', 'SB43-110-ET-C', '', 'FLEXO', 'KRAFT', '163', '', '', '', '793*1097', '', '3', '', '33*26*33', '', '', 3, '2019-11-04 12:36:40'),
(1438, 7055, 'N/A', 'S48-110-ET-C', '', 'FLEXO', 'KRAFT', '173', '', 'Printing (Blue 300)', '', '872*1230', '', '2', '', '33*26*33', '', '', 3, '2019-11-04 12:36:40'),
(1439, 7056, '238X177X316 BOX', 'S71-110-CS-C', '', 'NO', 'KRAFT', '113', 'Litho', 'N/A', '', '435*911', '', '', '', '33*26*26', '', '', 3, '2019-11-04 12:36:40'),
(1440, 7057, '635045 BOX', 'S72-110-CS-C', '', 'NO', 'KRAFT', '106', 'n/a', 'BLK-000-LGE-K', '', '747*1854', '', '', '', '33*26*26', '', '', 3, '2019-11-04 12:36:41'),
(1441, 7058, 'RSC JNT L/W', 'S42-111-FR-C', '', 'NO', 'KRAFT', '', '', 'N/A', '', '747*1080', '', '', '', '33*26*33', '', '', 3, '2019-11-04 12:36:41'),
(1442, 7059, 'RSC JNT L/W', 'S42-111-FR-C', '', 'NO', 'KRAFT', '', '', 'N/A', '', '747*1080', '', '', '', '33*26*33', '', '', 3, '2019-11-04 12:36:41'),
(1443, 7060, '510*510*450', 'S84-111-HN-C', '', 'FLEXO', 'KRAFT', '0', '0', 'BLK-000-LGE-K', '', '978*2120', '', '', '', '42*26*33', '', '', 3, '2019-11-04 12:36:41'),
(1444, 7061, 'BOX 257X208X149', 'S38-111-HN-C', '', 'FLEXO', 'KRAFT', '', '', 'BLK-000-LGE-K', '', '357*967', '', '', '', '26*26*26', '', '', 3, '2019-11-04 12:36:41'),
(1445, 7062, 'BOX 310*190*160', 'S43-111-HN-C', '', 'FLEXO', 'KRAFT', 'Navaja', '', '-', '', '350*1100', '', '1', '', '26*26*26', '', '', 3, '2019-11-04 12:36:41'),
(1446, 7063, 'BOX 446X304X223', 'S61-111-HN-C', '', 'FLEXO', 'KRAFT', '', '', 'ROJ-207C-LGE-K, BLK-000-LGE-K', '', '527*1542', '', '', '', '33*26*33', '', '', 3, '2019-11-04 12:36:41'),
(1447, 7064, '290 x 195 x 160', '', '', 'FLEXO', 'KRAFT', 'Navaja', '', '', '', '354*1007', '', '1', '', '', '', '', 3, '2019-11-04 12:36:41'),
(1448, 7065, 'J.COX BOX', 'D37-210-JC-C', '', 'FLEXO', 'KRAFT', '0', '181', 'BLK-000-LGE-K', '', '715*940', '', '', '', '42*26*26*26*33', '', '', 3, '2019-11-04 12:36:41'),
(1449, 7066, '660*1150', 'ANY-SHEET-D', '', 'PAD', 'KRAFT', '', '', '', '', '660*1150', '', '', '', '42*26*26*26*33', '', '', 3, '2019-11-04 12:36:42'),
(1450, 7067, 'J.COX BOX', 'D112-111-JC-C', '', 'FLEXO', 'KRAFT', '', '', 'BLK-000-LGE-K', '', '1068*2845', '', '', '', '42*26*26*26*33', '', '', 3, '2019-11-04 12:36:42'),
(1451, 7068, 'J.COX BOX', 'D135-111-JC-C', '', 'FLEXO', 'KRAFT', '', '', 'BLK-000-LGE-K', '', '1360*3747', '', '', '', '42*26*35*26*42', '', '', 3, '2019-11-04 12:36:42'),
(1452, 7069, 'J.COX', 'D37-110-JC-S', '', 'PAD', 'KRAFT', '', '', '', '', '600*1920', '', '', '', '42*26*26*26*33', '', '', 3, '2019-11-04 12:36:42'),
(1453, 7070, 'J.COX', 'D45-110-JC-S', '', 'PAD', 'KRAFT', '', '', '', '', '680*1170', '', '', '', '42*26*26*26*33', '', '', 3, '2019-11-04 12:36:42'),
(1454, 7071, 'SB BOX', 'D91-111-JC-C', '', 'FLEXO', 'KRAFT', '', '', 'BLK-000-LGE-K', '', '868*2325', '', '', '', '42*26*35*26*30', '', '', 3, '2019-11-04 12:36:42'),
(1455, 7072, 'JM-PAD-MEDIANA', 'S72-110-JM-S', '', 'PAD', 'KRAFT', '8', '', '', '', '607*2305', '', '', '', '26*26*26', '', '', 3, '2019-11-04 12:36:42'),
(1456, 7073, 'JM-PAD-GRANDE', 'S75-110-JM-S', '', 'PAD', 'KRAFT', '', '', '', '', '533*1916', '', '', '', '26*26*26', '', '', 3, '2019-11-04 12:36:42'),
(1457, 7074, 'JM-PAD-CHICA', 'S80-110-JM-S', '', 'PAD', 'KRAFT', '', '', '', '', '530*2020', '', '', '', '26*26*26', '', '', 3, '2019-11-04 12:36:43'),
(1458, 7075, 'JM-782-2207', 'S87-111-JM-C', '', 'FLEXO', 'KRAFT', '', '', 'BLK-000-LGE-K', '', '781*2207', '', '', '', '33*26*33', '', '', 3, '2019-11-04 12:36:43'),
(1459, 7076, '325 X 510 PAD', '', '', 'FLEXO', 'WHITE', '', '', '', '', '381*1020', '', '', '', '33*26*26*26*33', '', '', 3, '2019-11-04 12:36:43'),
(1460, 7077, '584X114X76', 'D58-110-KS-C', '', 'N', 'KRAFT', '91', '', '', '', '236*1482', '', '', '', '33*26*26*26*33', '', '', 3, '2019-11-04 12:36:43'),
(1461, 7078, 'KS BOX MED.', 'S56-111-KS-C', '', 'N', 'KRAFT', '', '', '', '', '522*1410', '', '', '', '33*26*33', '', '', 3, '2019-11-04 12:36:43'),
(1462, 7079, 'BOX 16\"', 'S60-111-KS-C', '', 'FLEXO', 'KRAFT', '', '', '', '', '546*1521', '', '', '', '33*26*26', '', '', 3, '2019-11-04 12:36:43'),
(1463, 7080, '325 X 510 PAD', 'S61-110-KS-S', '', 'PAD', 'KRAFT', '', '', '', '', '670*1550', '', '', '', '26*26*26', '', '', 3, '2019-11-04 12:36:43'),
(1464, 7081, '(267 X 216 X 165)', '', '', 'FLEXO', 'KRAFT', '', '', '', '', '', '', '', '', '#N/A', '', '', 3, '2019-11-04 12:36:44'),
(1465, 7082, '43LF6350-SB/', 'D43-250-LG-C', '', 'FULL-2', 'KRAFT', '0', '0', 'ROJ-207C-LGE-K, BLK-000-LGE-K', '', '821*1280', '', '', '', '42*26*26*26*33', 'MAY67051001', '', 3, '2019-11-04 12:36:44'),
(1466, 7083, '43LF5100-UA', 'DW43-110-LG-C', '', 'TIP ON', 'WHITE', '44', '0', 'ROJ-207C-LGE-B, BLK-000-LGE-K', '', '836*2475', '', '', '', '42*26*26*26*33', 'MAY67613402', '', 3, '2019-11-04 12:36:44'),
(1467, 7084, '19CNV42K-BL/', 'S19-110-LG-A', '', 'FLEXO', 'KRAFT', '103', '0', 'ROJ-207C-LGE-K, BLK-000-LGE-K', '', '584*1786', '', '', '', '42*40*42', '', '', 3, '2019-11-04 12:36:44'),
(1468, 7085, '22MT49', 'S22-110-LG-C', '', 'FLEXO', 'KRAFT', '260', '0', 'BLK-000-LGE-K', '', '515*2108', '', '', '', '42*40*42', '', '', 3, '2019-11-04 12:36:44'),
(1469, 7086, '22MT48AF-PM/', 'S22-110-LG-C', '', 'FLEXO', 'KRAFT', '260', '0', 'BLK-000-LGE-K', '', '515*2108', '', '', '', '42*40*42', '', '', 3, '2019-11-04 12:36:44'),
(1470, 7087, '22MT47A-PMP', 'S22-110-LG-C', '', 'FLEXO', 'KRAFT', '260', '0', 'ROJ-207C-LGE-K, BLK-000-LGE-K', '', '515*2108', '', '', '', '42*40*42', '', '', 3, '2019-11-04 12:36:44'),
(1471, 7088, '23MT77D-PUS/', 'S23-110-LG-C', '', 'FLEXO', 'KRAFT', '109', '0', 'ROJ-207C-LGE-K, BLK-000-LGE-K', '', '535*2025', '', '', '', '42*40*42', '', '', 3, '2019-11-04 12:36:45'),
(1472, 7089, '24TL520A', 'S24-120-LG-C', '', '', '', '227', '76', '', '', '535*2235', '', '', '', '#N/A', '', '', 3, '2019-11-04 12:36:45'),
(1473, 7090, '24MT45A-PMP/', 'S24-141-LG-C', '', 'FLEXO', 'KRAFT', '0', '0', 'ROJ-207C-LGE-K, BLK-000-LGE-K', '', '514*2222', '', '', '', '42*40*42', '', '', 3, '2019-11-04 12:36:45'),
(1474, 7091, '28MT49DF-PU', 'S28-110-LG-C', '', 'FLEXO', 'KRAFT', '51', '0', 'BLK-000-LGE-K', '', '583*1866', '', '', '', '42*40*42', '', '', 3, '2019-11-04 12:36:45'),
(1475, 7092, '28MT48AC-PM', 'S28-110-LG-C', '', 'FLEXO', 'KRAFT', '51', '0', 'BLK-000-LGE-K', '', '583*1866', '', '', '', '42*40*42', '', '', 3, '2019-11-04 12:36:45'),
(1476, 7093, '28MT48DF-PU/', 'S28-110-LG-C', '', 'FLEXO', 'KRAFT', '51', '0', 'BLK-000-LGE-K', '', '583*1866', '', '', '', '42*40*42', '', '', 3, '2019-11-04 12:36:45'),
(1477, 7094, '28MT48VF-PD/', 'S28-110-LG-C', '', 'FLEXO', 'KRAFT', '51', '0', 'BLK-000-LGE-K', '', '583*1866', '', '', '', '42*40*42', '', '', 3, '2019-11-04 12:36:45'),
(1478, 7095, '28LF4520-PU/', 'S28-110-LG-C', '', 'FLEXO', 'KRAFT', '51', '0', 'ROJ-207C-LGE-K, BLK-000-LGE-K', '', '583*1866', '', '', '', '42*40*42', '', '', 3, '2019-11-04 12:36:45'),
(1479, 7096, '28MT47B-PMP/', 'S28-120-LG-C', '', 'FLEXO', 'KRAFT', '80', '0', 'ROJ-207C-LGE-K, BLK-000-LGE-K', '', '610*1738', '', '', '', '42*40*42', '', '', 3, '2019-11-04 12:36:45'),
(1480, 7097, '32LY340C-UA/', 'S32-130-LG-C', '', 'FLEXO', 'KRAFT', '0', '0', 'BLK-000-LGE-K', '', '668*1936', '', '', '', '42*40*42', '', '', 3, '2019-11-04 12:36:46'),
(1481, 7098, '49UK7500PUA/', 'DW49-140-LG-C', '', 'TIP ON', 'WHITE', '47', '1', 'MOR-216C-LGE-B, BLK-000-LGE-K', '', '998*2760', '', '', '', '42*26*26*26*34', 'MAY68459202', '', 3, '2019-11-04 12:36:46'),
(1482, 7099, '24MT48DF-PS', 'S24-110-LG-C', '', 'FLEXO', 'KRAFT', '37', '58', 'BLK-000-LGE-K', '', '535*2235', '', '', '', '#N/A', '', '', 3, '2019-11-04 12:36:46'),
(1488, 7105, '22TK410A', 'S22-110-LG-C', '', 'FLEXO', 'KRAFT', '260', '89', 'BLK-000-LGE-K', '', '515*2108', '', '', '', '42*40*42', '', '', 3, '2019-11-04 12:36:46'),
(1489, 7106, '24MB35D-BE/24MB35DM-BF/', 'S24-120-LG-C', '', 'FLEXO', 'KRAFT', '257', '125', 'BLK-000-LGE-K', '', '560*2135', '', '', '', '42*40*42', '', '', 3, '2019-11-04 12:36:47'),
(1491, 7108, '24CAV37K-BL/', 'S24-150-LG-C', '', 'FLEXO', 'KRAFT', '86', '123', 'BLK-000-LGE-K', '', '610*2135', '', '', '', '42*40*42', '', '', 3, '2019-11-04 12:36:47'),
(1492, 7109, '28LY560M-UA', 'S28-130-LG-C', '', 'FLEXO', 'KRAFT', '73', '94', 'BLK-000-LGE-K', '', '628*1780', '', '', '', '42*40*42', '', '', 3, '2019-11-04 12:36:47'),
(1495, 7112, '50UM7400PUA/', 'DW50-120-LG-C', '', 'TIP ON', 'WHITE', '202', '25', 'MOR-216C-LGE-B', '', '1051*2849', '', '', '', '42*26*26*26*34', 'MAY69333701', '', 3, '2019-11-04 12:36:47'),
(1496, 7113, '49UK63', 'DW49-150-LG-C', '', 'FLEXO', 'WHITE', '209', '47', 'MOR-216C-LGE-B, BLK-000-LGE-K', '', '960*2780', '', '', '', '42*26*26*26*33', '', '', 3, '2019-11-04 12:36:48'),
(1497, 7114, '43UK6300', 'DW43-110-LG-C', '', 'FLEXO', 'WHITE', '180', '28', 'MOR-216C-LGE-B, BLK-000-LGE-K', '', '836*2475', '', '', '', '42*26*26*26*33', '', '', 3, '2019-11-04 12:36:48'),
(1499, 7116, '43UK6500', 'DW43-110-LG-C', '', 'TIP ON', 'WHITE', '31', '32', 'MOR-216C-LGE-B, BLK-000-LGE-K', '', '836*2475', '', '', '', '42*26*26*26*33', 'MAY68509301', '', 3, '2019-11-04 12:36:48'),
(1502, 7119, '34BL85C', 'D34-110-LG-C', '', 'FLEXO', 'KRAFT', '131', '121', 'Printing (Intense Black)', '', '752*2453', '', '1', '', '42*26*26*26*33', '', '', 3, '2019-11-04 12:36:48'),
(1503, 7120, 'CBV42-BL', 'S76-111-LG-C', '', 'FLEXO', 'KRAFT', '0', '36', 'BLK-000-LGE-K', '', '728*1926', '', '', '', '33*26*33', '', '', 3, '2019-11-04 12:36:48'),
(1504, 7121, '49UK7500', 'DW49-140-LG-C', '', 'TIP ON', 'WHITE', '27', '38', 'MOR-216C-LGE-B, BLK-000-LGE-K', '', '998*2760', '', '', '', '42*26*26*26*34', 'MAY68459201', '', 3, '2019-11-04 12:36:48'),
(1505, 7122, '43UK6300', 'DW43-110-LG-C', '', 'FLEXO', 'WHITE', '180', '24', 'MOR-216C-LGE-B, BLK-000-LGE-K', '', '836*2475', '', '', '', '42*26*26*26*33', '', '', 3, '2019-11-04 12:36:49'),
(1506, 7123, '43LK57', 'DW43-110-LG-C', '', 'FLEXO', 'WHITE', '180', '40', 'ROJ-207C-LGE-B, BLK-000-LGE-K', '', '836*2475', '', '', '', '42*26*26*26*33', '', '', 3, '2019-11-04 12:36:49'),
(1508, 7125, '50UM73', 'DW50-110-LG-C', '', 'FLEXO', 'WHITE', '2', '2', 'MOR-216C-LGE-B, BLK-000-LGE-K', '', '970*2835', '', '', '', '42*26*26*26*34', '', '', 3, '2019-11-04 12:36:49'),
(1511, 7128, '43UK6300BUB', 'DW43-110-LG-C', '', 'TIP ON', 'KRAFT', '180', '48', 'MOR-216C-LGE-K, BLK-000-LGE-K', '', '825*2475', '', '', '', '42*26*26*26*33', 'MAY68589801', '', 3, '2019-11-04 12:36:49'),
(1514, 7131, 'CBV42-BL/', 'S42-110-LG-A', '', 'FLEXO', 'KRAFT', '259', '51', 'ROJ-207C-LGE-K, BLK-000-LGE-K', '', '514*962', '', '', '', '26*26*26', '', '', 3, '2019-11-04 12:36:50'),
(1516, 7133, '43LK5000PSA/', 'DW43-110-LG-C', '', 'FLEXO', 'WHITE', '199', '53', 'ROJ-207C-LGE-B, BLK-000-LGE-K', '', '836*2475', '', '', '', '42*26*26*26*33', '', '', 3, '2019-11-04 12:36:50'),
(1517, 7134, '32LK510BPDA/32LK510BPSA/', 'SW32-130-LG-C', '', 'FLEXO', 'WHITE', '13', '54', 'ROJ-207C-LGE-B, BLK-000-LGE-K', '', '668*1950', '', '', '', '42*40*42', '', '', 3, '2019-11-04 12:36:50'),
(1519, 7136, '43UK65', 'DW43-170-LG-C', '', 'TIP ON', 'WHITE', '219', '36', 'MOR-216C-LGE-B, BLK-000-LGE-K', '', '875*2596', '', '', '', '42*26*26*26*33', 'MAY68512701', '', 3, '2019-11-04 12:36:50'),
(1521, 7138, '24TL520D-WU/', 'S24-120-LG-C', '', 'FLEXO', 'KRAFT', '255', '58', 'BLK-000-LGE-K', '', '550*2135', '', '', '', '42*40*42', '', '', 3, '2019-11-04 12:36:51'),
(1523, 7140, '43UM7300PDA/43UM7300PSA/43UM7310PUA/', 'DW43-110-LG-C', '', 'FLEXO', 'WHITE', '180', '49', 'MOR-216C-LGE-B, BLK-000-LGE-K', '', '825*2470', '', '', '', '42*26*26*26*33', '', '', 3, '2019-11-04 12:36:51'),
(1526, 7143, '22MT48DF-PU/', 'S22-110-LG-C', '', 'FLEXO', 'KRAFT', '260', '56', 'BLK-000-LGE-K', '', '515*2108', '', '', '', '42*40*42', '', '', 3, '2019-11-04 12:36:51'),
(1528, 7145, '49SK8050PUA/', 'DW49-140-LG-C', '', 'TIP ON', 'WHITE', '47', '71', 'GRA-80-LGE-B / BLK-000-LGE-K', '', '998*2760', '', '', '', '42*26*26*26*34', 'MAY68589901', '', 3, '2019-11-04 12:36:52'),
(1530, 7147, '49UK6200PDA/49UK6200PSA/', 'DW49-150-LG-C', '', 'FLEXO', 'WHITE', '3', '43', 'MOR-216C-LGE-B, BLK-000-LGE-K', '', '960*2780', '', '', '', '42*26*26*26*34', '', '', 3, '2019-11-04 12:36:52'),
(1531, 7148, '49UK60', 'DW49-150-LG-C', '', 'TIP ON', 'WHITE', '209', '79', 'MOR-216C-LGE-B, BLK-000-LGE-K', '', '960*2780', '', '', '', '42*26*26*26*33', 'MAY68748501', '', 3, '2019-11-04 12:36:52'),
(1533, 7150, '24TK410V-PD/', 'S24-110-LG-C', '', 'FLEXO', 'KRAFT', '84', '72', 'BLK-000-LGE-K', '', '535*2235', '', '', '', '42*40*42', '', '', 3, '2019-11-04 12:36:52'),
(1536, 7153, '24MT49S-PUS/', 'S24-110-LG-C', '', 'FLEXO', 'KRAFT', '93 / 95', '73', 'BLK-000-LGE-K', '', '535*2235', '', '', '', '42*40*42', '', '', 3, '2019-11-04 12:36:52'),
(1538, 7155, '43LK5700PUA/', 'DW43-110-LG-C', '', 'TIP ON', 'WHITE', '244', '89', 'ROJ-207C-LGE-B, BLK-000-LGE-K', '', '825*2470', '', '', '', '42*26*26*26*33', 'MAY68808201', '', 3, '2019-11-04 12:36:53'),
(1540, 7157, '32LK500BPDA/32LK500BPSA/', 'SW32-130-LG-C', '', 'FLEXO', 'WHITE', '65', '45', 'ROJ-207C-LGE-B, BLK-000-LGE-K', '', '668*1950', '', '', '', '42*40*42', '', '', 3, '2019-11-04 12:36:53'),
(1541, 7158, '43UK6500PSA/', 'DW43-110-LG-C', '', 'FLEXO', 'WHITE', '31', '13', 'MOR-216C-LGE-B, BLK-000-LGE-K', '', '836*2475', '', '', '', '42*26*26*26*33', '', '', 3, '2019-11-04 12:36:53'),
(1543, 7160, '32LK61', 'SW32-130-LG-C', '', 'FLEXO', 'WHITE', '13', '46', 'ROJ-207C-LGE-B, BLK-000-LGE-K', '', '668*1950', '', '', '', '42*40*42', '', '', 3, '2019-11-04 12:36:53'),
(1544, 7161, '43UK6200PDA/43UK6200PSA/', 'DW43-110-LG-C', '', 'FLEXO', 'WHITE', '180', '97', 'MOR-216C-LGE-B, BLK-000-LGE-K', '', '825*2470', '', '', '', '42*26*26*26*33', '', '', 3, '2019-11-04 12:36:54'),
(1545, 7162, '24MT48AF-PM', 'S24-110-LG-C', '', 'FLEXO', 'KRAFT', '215', '74', 'BLK-000-LGE-K', '', '535*2235', '', '', '', '42*40*42', '', '', 3, '2019-11-04 12:36:54'),
(1547, 7164, '24TK410V-WD/', 'S24-110-LG-C', '', 'FLEXO', 'KRAFT', '84', '100', 'BLK-000-LGE-K', '', '535*2235', '', '', '', '42*40*42', '', '', 3, '2019-11-04 12:36:54'),
(1548, 7165, '24MT48AF-PM/', 'S24-110-LG-C', '', 'FLEXO', 'KRAFT', '215', '61 / 62', 'BLK-000-LGE-K', '', '535*2235', '', '', '', '42*40*42', '', '', 3, '2019-11-04 12:36:54'),
(1549, 7166, '24MT48DF-PU/', 'S24-110-LG-C', '', 'FLEXO', 'KRAFT', '215', '78', 'BLK-000-LGE-K', '', '535*2235', '', '', '', '42*40*42', '', '', 3, '2019-11-04 12:36:54'),
(1550, 7167, '20CAV37', 'S20-120-LG-C', '', 'FLEXO', 'KRAFT', '145', '109', 'BLK-000-LGE-K', '', '575*1816', '', '', '', '42*35*56', '', '', 3, '2019-11-04 12:36:54'),
(1551, 7168, '43UK6200PUA', 'DW43-110-LG-C', '', 'TIP ON', 'WHITE', '180', '107', 'MOR-216C-LGE-B, BLK-000-LGE-K', '', '825*2470', '', '', '', '42*26*26*26*33', 'MAY68635601', '', 3, '2019-11-04 12:36:54'),
(1552, 7169, '50UM7300AUE/', 'DW50-110-LG-C', '', 'TIP ON', 'WHITE', '2', '110', 'MOR-216-LGE-B', '', '970*2835', '', '', '', '42*26*26*26*34', 'MAY69374701', '', 3, '2019-11-04 12:36:54'),
(1553, 7170, '28LK430B', 'S28-140-LG-C', '', 'FLEXO', 'KRAFT', '77', '108', 'BLK-000-LGE-K', '', '644*1767', '', '', '', '42*40*42', '', '', 3, '2019-11-04 12:36:55');
INSERT INTO `tblmodelo` (`idmodelo`, `idparte`, `descripcion`, `nombrehoja`, `customer`, `fulloneimpresion`, `colorlinea`, `diucutno`, `platonumero`, `color`, `blanksize`, `sheetsize`, `score`, `normascompartidas`, `salida`, `combinacion`, `lithoname`, `comment`, `idusuario`, `fecharegistro`) VALUES
(1554, 7171, '32LK540BPDA/32LK540BPSA/32LK540BPUA/', 'SW32-140-LG-C', '', 'FLEXO', 'WHITE', '49', '18', 'ROJ-207C-LGE-B, BLK-000-LGE-K', '', '690*2000', '', '', '', '42*40*42', '', '', 3, '2019-11-04 12:36:55'),
(1557, 7174, '24TL520D-PU/', 'S24-120-LG-C', '', 'FLEXO', 'KRAFT', '255', '146', 'BLK-000-LGE-K', '', '550*2135', '', '', '', '#N/A', '', '', 3, '2019-11-04 12:36:55'),
(1560, 7177, '43LX560H-UC/43LX570H-UC', 'D43-130-LG-C', '', 'FLEXO', 'KRAFT', '214', '107', 'BLK-000-LGE-K', '', '886*2520', '', '', '', '42*26*26*26*33', '', '', 3, '2019-11-04 12:36:55'),
(1561, 7178, 'GAME REMO', '', '', '', '', '0', '140', 'BLK-000-LGE-K', '', '', '', '', '', '0', '', '', 3, '2019-11-04 12:36:56'),
(1562, 7179, '40LX570H-UA', 'S40-120-LG-C', '', 'FLEXO', 'KRAFT', '132', '141', 'BLK-000-LGE-K', '', '776*2488', '', '', '', '42*33*56', '', '', 3, '2019-11-04 12:36:56'),
(1564, 7181, '24LJ4840-W', 'S24-110-LG-C', '', 'FLEXO', 'KRAFT', '243', '146', 'BLK-000-LGE-K', '', '535*2235', '', '', '', '42*40*42', '', '', 3, '2019-11-04 12:36:56'),
(1565, 7182, '24LF454B-PU/', 'S24-110-LG-C', '', 'FLEXO', 'KRAFT', '215', '81', 'BLK-000-LGE-K', '', '535*2235', '', '', '', '42*40*42', '', '', 3, '2019-11-04 12:36:56'),
(1566, 7183, '24TL520S-PU/', 'S24-120-LG-C', '', 'FLEXO', 'KRAFT', '255', '130', 'BLK-000-LGE-K', '', '550*2135', '', '', '', '42*40*42', '', '', 3, '2019-11-04 12:36:56'),
(1567, 7184, '24MT49', 'S24-110-LG-C', '', 'FLEXO', 'KRAFT', '215', '82', 'BLK-000-LGE-K', '', '535*2235', '', '', '', '42*40*42', '', '', 3, '2019-11-04 12:36:56'),
(1569, 7186, 'Accessory Box', 'SE34-110-LG-C', '', 'FLEXO', 'KRAFT', '254', '106', 'BLK-000-LGE-K', '', '524*1380', '', '', '', '33*26*33', '', '', 3, '2019-11-04 12:36:57'),
(1570, 7187, '32LJ500B-UB', 'S32-130-LG-C', '', 'FLEXO', 'KRAFT', '64', '105', 'BLK-000-LGE-K', '', '668*1936', '', '', '', '42*40*42', '', '', 3, '2019-11-04 12:36:57'),
(1573, 7190, '28LM520S-WU/', 'S28-160-LG-C', '', 'FLEXO', 'KRAFT', '57', '83', 'BLK-000-LGE-K', '', '605*2390', '', '', '', '42*40*42', '', '', 3, '2019-11-04 12:36:57'),
(1576, 7193, '24TL520V-PD/', 'S24-120-LG-C', '', 'FLEXO', 'KRAFT', '48', '168', 'BLK-000-LGE-K', '', '550*2135', '', '', '', '42*40*42', '', '', 3, '2019-11-04 12:36:58'),
(1583, 7200, '43LV761H', 'D43-160-LG-C', '', 'FLEXO', 'KRAFT', '209', '101', 'BLK-000-LGE-K', '', '847*2675', '', '', '', '42*26*26*26*33', '', '', 3, '2019-11-04 12:36:59'),
(1584, 7201, '32LV34', 'S32-120-LG-C', '', 'FLEXO', 'KRAFT', '59', '182', 'BLK-000-LGE-K', '', '699*2158', '', '', '', '42*40*42', '', '', 3, '2019-11-04 12:36:59'),
(1585, 7202, '27MU58P-BA/', 'S27-160-LG-C', '', 'FLEXO', 'KRAFT', '115', '96', 'BLK-000-LGE-K', '', '744*2540', '', '', '', '42*36*56', '', '', 3, '2019-11-04 12:36:59'),
(1586, 7203, '24MT49DF-WU/', 'S24-110-LG-C', '', 'FLEXO', 'KRAFT', '215', '85 / 86', 'BLK-000-LGE-K', '', '535*2235', '', '', '', '42*40*42', '', '', 3, '2019-11-04 12:36:59'),
(1587, 7204, '24MT49DF-SU/', 'S24-110-LG-C', '', 'FLEXO', 'KRAFT', '215', '87', 'BLK-000-LGE-K', '', '535*2235', '', '', '', '42*40*42', '', '', 3, '2019-11-04 12:36:59'),
(1588, 7205, '28MT42DF-PU', 'S28-120-LG-C', '', 'FLEXO', 'KRAFT', '78', '100', 'BLK-000-LGE-K', '', '610*1738', '', '', '', '42*40*42', '', '', 3, '2019-11-04 12:36:59'),
(1589, 7206, '49UK6200PUA/', 'DW49-150-LG-C', '', 'TIP ON', 'WHITE', '54', '189', 'MOR-216C-LGE-B, BLK-000-LGE-K', '', '960*2780', '', '', '', '42*26*26*26*34', 'MAY68631301', '', 3, '2019-11-04 12:36:59'),
(1590, 7207, '32LK610BPUA/', 'SW32-130-LG-C', '', 'FLEXO', 'WHITE', '13', '14', 'ROJ-207C-LGE-B, BLK-000-LGE-K', '', '668*1950', '', '', '', '42*40*42', '', '', 3, '2019-11-04 12:36:59'),
(1591, 7208, '28MT49S', 'S28-110-LG-C', '', 'FLEXO', 'KRAFT', '51', '97', 'BLK-000-LGE-K', '', '583*1866', '', '', '', '42*40*42', '', '', 3, '2019-11-04 12:37:00'),
(1593, 7210, '43UK6090PUA', 'DW43-110-LG-C', '', 'TIP ON', 'WHITE', '180', '21', 'MOR-216C-LGE-B, BLK-000-LGE-K', '', '825*2470', '', '', '', '42*26*26*26*33', 'MAY68748701', '', 3, '2019-11-04 12:37:00'),
(1594, 7211, '24MT49S-PSS/', 'S24-110-LG-C', '', 'FLEXO', 'KRAFT', '84', '65', 'BLK-000-LGE-K', '', '535*2235', '', '', '', '42*40*42', '', '', 3, '2019-11-04 12:37:00'),
(1595, 7212, '22MB35P-IE/22MB35PU-IH/', 'S22-140-LG-C', '', 'FLEXO', 'KRAFT', '1', '98', 'BLK-000-LGE-K', '', '580*1930', '', '', '', '42*40*42', '', '', 3, '2019-11-04 12:37:00'),
(1596, 7213, '43UV770H-UA', 'D43-170-LG-C', '', 'FLEXO', 'KRAFT', '210', '95', 'BLK-000-LGE-K', '', '862*2783', '', '', '', '42*26*26*26*33', '', '', 3, '2019-11-04 12:37:00'),
(1599, 7216, '49UK6250PUB/', 'DW49-160-LG-C', '', 'TIP ON', 'WHITE', '217', '212', 'MOR-216C-LGE-B, BLK-000-LGE-K', '', '1010*2800', '', '', '', '42*26*26*26*34', 'MAY68631501', '', 3, '2019-11-04 12:37:00'),
(1600, 7217, '49SM80', 'DW49-120-LG-C', '', 'TIP ON', 'WHITE', '19', '219', 'GRA-80-LGE-B / BLK-000-LGE-K', '', '910*2740', '', '', '', '42*26*26*26*34', 'MAY69373701', '', 3, '2019-11-04 12:37:01'),
(1601, 7218, '24CK550', 'S24-180-LG-C', '', 'FLEXO', 'KRAFT', '154', '93', 'BLK-000-LGE-K', '', '670*2235', '', '', '', '42*40*42', '', '', 3, '2019-11-04 12:37:01'),
(1602, 7219, '49UK6300PUE/', 'DW49-150-LG-C', '', 'FLEXO', 'WHITE', '50', '11', 'MOR-216C-LGE-B, BLK-000-LGE-K', '', '960*2780', '', '', '', '42*26*26*26*33', '', '', 3, '2019-11-04 12:37:01'),
(1603, 7220, 'N/A', '', '', '', '', '', '', '', '', '', '', '', '', '0', '', '', 3, '2019-11-04 12:37:01'),
(1604, 7221, '27MP37VQ-BA', '', '', 'FLEXO', '', '', '', '', '', '', '', '', '', '0', '', '', 3, '2019-11-04 12:37:01'),
(1605, 7222, '19MT43D-PUS/', '', '', '', '', '', '', '', '', '', '', '', '', '0', '', '', 3, '2019-11-04 12:37:01'),
(1606, 7223, 'PAD 1190*1104', 'D20-160-LG-S', '', 'PAD', 'KRAFT', '', '', '', '', '1190*1104', '', '', '', '26*26*26', '', '', 3, '2019-11-04 12:37:01'),
(1607, 7224, 'PAD 1193*972', 'D20-160-LG-S', '', 'PAD', 'KRAFT', '', '', '', '', '1193*972', '', '', '', '26*26*26', '', '', 3, '2019-11-04 12:37:01'),
(1608, 7225, 'PAD 1024*696', 'D43-110-LG-C', '', 'PAD', 'KRAFT', '', '', '', '', '1024*696', '', '', '', '26*26*26', '', '', 3, '2019-11-04 12:37:01'),
(1609, 7226, 'PAD 1390*795', 'D43-110-LG-C', '', 'PAD', 'KRAFT', '', '', '', '', '1390*795', '', '', '', '26*26*26', '', '', 3, '2019-11-04 12:37:01'),
(1610, 7227, 'PAD 928*718', 'D43-110-LG-C', '', 'PAD', 'KRAFT', '', '', '', '', '928*718', '', '', '', '26*26*26', '', '', 3, '2019-11-04 12:37:02'),
(1611, 7228, '43LF6300-UA/', 'D43-250-LG-C', '', 'FULL-2', 'KRAFT', '', '', 'BLK-000-LGE-K', '', '821*1280', '', '', '', '42*26*26*26*33', 'MAY66971601', '', 3, '2019-11-04 12:37:02'),
(1612, 7229, '43UK6200PUA', 'DW43-110-LG-C', '', 'TIP ON', 'WHITE', '180', '8', 'MOR-216C-LGE-B, BLK-000-LGE-K', '', '825*2470', '', '', '', '42*26*26*26*33', 'MAY68635601', '', 3, '2019-11-04 12:37:02'),
(1613, 7230, '49UK6200PUA/', 'DW49-150-LG-C', '', 'TIP ON', 'WHITE', '54', '26', 'MOR-216C-LGE-B, BLK-000-LGE-K', '', '960*2780', '', '', '', '42*26*26*26*34', 'MAY68631301', '', 3, '2019-11-04 12:37:02'),
(1614, 7231, '43UK6300BUB/', 'DW43-110-LG-C', '', 'TIP ON', 'KRAFT', '', '', 'MOR-216C-LGE-K, BLK-000-LGE-K', '', '825*2475', '', '', '', '42*26*26*26*33', '', '', 3, '2019-11-04 12:37:02'),
(1615, 7232, '49UK6300PUE/', 'DW49-150-LG-C', '', 'FLEXO', 'WHITE', '', '', 'MOR-216C-LGE-B, BLK-000-LGE-K', '', '960*2780', '', '', '', '42*26*26*26*33', '', '', 3, '2019-11-04 12:37:02'),
(1616, 7233, '50UM7310PUA/', 'DW50-110-LG-C', '', 'TIP ON', 'WHITE', '2', '41', 'MOR-216C-LGE-B, BLK-000-LGE-K', '', '970*2835', '', '', '', '42*26*26*26*34', 'MAY69332601', '', 3, '2019-11-04 12:37:02'),
(1618, 7235, '24MT47D-PUS/', 'S24-110-LG-C', '', 'FLEXO', 'KRAFT', '', '', 'BLK-000-LGE-K', '', '535*2235', '', '', '', '42*40*42', '', '', 3, '2019-11-04 12:37:02'),
(1619, 7236, '28MT47V-PDS', 'S28-110-LG-C', '', 'FLEXO', 'KRAFT', '', '', 'BLK-000-LGE-K', '', '583*1866', '', '', '', '42*40*42', '', '', 3, '2019-11-04 12:37:02'),
(1620, 7237, '28MT47B-PMP/', 'S28-120-LG-C', '', 'FLEXO', 'KRAFT', '', '', 'BLK-000-LGE-K', '', '610*1738', '', '', '', '42*40*42', '', '', 3, '2019-11-04 12:37:02'),
(1624, 7241, '24LF4520-WU/', 'S24-230-LG-C', '', 'FULL-2', 'KRAFT', '100', 'Litho', 'N/A', '', '544*1150', '', '', '', '42*40*42', 'MAY67093102', '', 3, '2019-11-04 12:37:03'),
(1625, 7242, '43LH570A-UE', 'D43-240-LG-C', '', 'FULL-2', 'KRAFT', '45', 'n/a', 'N/A', '', '834*1270', '', '', '', '33*26*26*26*33', 'MAY67536201', '', 3, '2019-11-04 12:37:03'),
(1626, 7243, '55SJ95 BOTTOM', 'D55-150-LG-B', '', 'BOTTOM', 'KRAFT', '189', 'n/a', '', '', '430*1636', '', '', '', '42*26*26*26*33', '', '', 3, '2019-11-04 12:37:03'),
(1627, 7244, '65UH65 BOTTOM', 'D65-150-LG-B', '', 'BOTTOM', 'KRAFT', '0', 'n/a', 'N/A', '', '445*1856', '', '', '', '42*26*26*26*33', '', '', 3, '2019-11-04 12:37:03'),
(1628, 7245, '43UM6900PUA', 'DW43-110-LG-C', '', 'TIP ON', 'KRAFT', '180', '30', '', '', '825*2460', '', '', '', '#N/A', 'MAY69380801', '', 3, '2019-11-04 12:37:03'),
(1629, 7246, '24TL520D', 'S24-120-LG-C', '', '', 'KRAFT', '255', '90', '', '', '550*2135', '', '', '', '#N/A', '', '', 3, '2019-11-04 12:37:03'),
(1631, 7248, '43UM6950DUB', 'DW43-110-LG-C', '', 'TIP ON', 'WHITE', '180', '39', 'MOR-216C-LGE-B, BLK-000-LGE-K', '', '825*2470', '', '1', '', '42*26*26*26*33', 'MAY69380802', '', 3, '2019-11-04 12:37:04'),
(1635, 7252, '43UM6910PUA', 'DW43-110-LG-C', '', 'TIP ON', 'WHITE', '180', '42', 'MOR-216C-LGE-B, BLK-000-LGE-K', '', '825*2470', '', '1', '', '42*26*26*26*33', 'MAY69380803', '', 3, '2019-11-04 12:37:04'),
(1636, 7253, '43LM5000PUA', 'DW43-180-LG-C', '', 'FLEXO', 'WHITE', '', '37', 'ROJ-207C-LGE-B, BLK-000-LGE-K', '', '832*2509', '', '1', '', '42*26*26*26*33', '', '', 3, '2019-11-04 12:37:04'),
(1638, 7255, 'N/A', '', '', '', '', '1', '', '', '', '', '', '', '', '', '', '', 3, '2019-11-04 12:37:04'),
(1639, 7256, 'N/A', '', '', '', '', '180', '', '', '', '', '', '', '', '', '', '', 3, '2019-11-04 12:37:05'),
(1640, 7257, 'PALLET SHEET BOTTOM', 'S44-120-LG-C', '', 'PAD', 'KRAFT', '', '', '', '', '965*1130', '', '', '', '42*26*33', '', '', 3, '2019-11-04 12:37:05'),
(1641, 7258, 'TOP COVER', 'S56-120-LG-C', '', 'PAD', 'KRAFT', '', '', '', '', '1265*1430', '', '', '', '42*26*33', '', '', 3, '2019-11-04 12:37:05'),
(1642, 7259, '1 PALLET SIDE COVER', 'S85-110- LG-C', '', 'PAD', 'KRAFT', '', '', '', '', '711*2160', '', '', '', '42*26*33', '', '', 3, '2019-11-04 12:37:05'),
(1643, 7260, 'SIDE SKIRT', 'S86-120- LG-C', '', 'PAD', 'KRAFT', '', '', '', '', '711*2185', '', '', '', '42*26*33', '', '', 3, '2019-11-04 12:37:05'),
(1644, 7261, '1 PALLET TOP COVER (ADDED)', 'S94-110-LG-C', '', 'PAD', 'KRAFT', '', '', '', '', '1200*2400', '', '', '', '33*26*33', '', '', 3, '2019-11-04 12:37:05'),
(1645, 7262, '1 PALLET SHEET FOR THE BOTTOM', 'S94-110-LG-C', '', 'PAD', 'KRAFT', '', '', '', '', '1200*2400', '', '', '', '33*26*33', '', '', 3, '2019-11-04 12:37:05'),
(1646, 7263, '1 PALLET COVER SHEET WITH SCORE', 'S94-110-LG-C', '', 'PAD', 'KRAFT', '', '', '', '', '1200*2400', '', '', '', '33*26*33', '', '', 3, '2019-11-04 12:37:05'),
(1647, 7264, 'PALLET SKIRT', 'S94-210-LG-C', '', 'FULL-2', 'KRAFT', '', '', '', '', '1050*2380', '', '', '', '42*26*33', 'MDQ65896501-#1', '', 3, '2019-11-04 12:37:06'),
(1648, 7265, '2 FILLER BOXES (WHITE BOX)', 'SW66-111-LG-C', '', 'BOX', 'WHITE', '', '', '', '', '679*1676', '', '', '', '42*26*33', '', '', 3, '2019-11-04 12:37:06'),
(1649, 7266, '1 INNER BOXES WHT BOX)', 'SW-94-110-LG-C', '', 'TIP ON', 'WHITE', '175', 'Litho', '', '', '1200*2400', '', '', '', '42*26*33', 'MDQ66116301-#2', '', 3, '2019-11-04 12:37:06'),
(1650, 7267, '1 FILLER BOX (WHITE BOX)', 'SW-94-111-LG-C', '', 'BOX', 'WHITE', '177', 'n/a', '', '', '1200*2400', '', '', '', '42*26*33', '', '', 3, '2019-11-04 12:37:06'),
(1651, 7268, 'RETRO LOURDES', 'S72-111-LD-C', '', 'FLEXO', '', '', '', 'BLK-000-LGE-K', '', '562*1861', '', '', '', '33*26*26', '', '', 3, '2019-11-04 12:37:06'),
(1652, 7269, 'N/A', '', '', 'FLEXO', '', 'Navaja', '206', 'BLK-000-LGE-K', '', '', '', '', '', '0', '', '', 3, '2019-11-04 12:37:06'),
(1653, 7270, 'N/A', '', '', 'FLEXO', '', '', '', '#N/A', '', '', '', '', '', '0', '', '', 3, '2019-11-04 12:37:06'),
(1654, 7271, 'SEPARADOR', 'D86-110-OD-S', '', '-', 'KRAFT', '', '', '', '', '542*2178', '', '', '', '42*26*26*26*34', '', '', 3, '2019-11-04 12:37:07'),
(1655, 7272, 'COVER BOX', 'D89-111-OD-C', '', 'FLEXO', 'KRAFT', 'Navaja', '', 'BLK-000-LGE-K', '', '1152*2267', '', '', '', '42*26*34*26*34', '', '', 3, '2019-11-04 12:37:07'),
(1656, 7273, 'CELL', 'S87-110-OD-S', '', '-', 'KRAFT', '', '', '', '', '1168*2190', '', '', '', '0', '', '', 3, '2019-11-04 12:37:07'),
(1657, 7274, 'CELL', 'S87-110-OD-S', '', '-', 'KRAFT', '110 / 111', 'n/a', '', '', '1168*2190', '', '', '', '#N/A', '', '', 3, '2019-11-04 12:37:07'),
(1658, 7275, 'OH BOX GDE', 'S71-111-OH-C', '', 'FLEXO', 'KRAFT', 'Navaja', '108', 'ROJ-207C-LGE-K, BLK-000-LGE-K', '', '690*1807', '', '', '', '42*26*33', '', '', 3, '2019-11-04 12:37:07'),
(1659, 7276, 'CARTON BOX', 'S61-111-OH-C', '', 'FLEXO', 'KRAFT', 'Navaja', '149', 'ROJ-207C-LGE-K, BLK-000-LGE-K', '', '596*1564', '', '', '', '42*40*42', '', '', 3, '2019-11-04 12:37:07'),
(1660, 7277, 'CARTON BOX', 'D85-111-OH-C', '', 'FLEXO', 'KRAFT', 'Navaja', '265', 'BLK-000-LGE-K', '', '786*2200', '', '', '', '33*23*26*23*33', '', '', 3, '2019-11-04 12:37:07'),
(1661, 7278, 'OH BOX CHICA', 'S48-121-OH-C', '', 'FLEXO', 'KRAFT', '', '', 'N/A', '', '506*1226', '', '', '', '26*26*26', '', '', 3, '2019-11-04 12:37:07'),
(1662, 7279, 'PAD(470X310)_', 'S62-110-OH-S', '', 'PAD', 'KRAFT', '', '', '', '', '470*1560', '', '', '', '26*26*26', '', '', 3, '2019-11-04 12:37:07'),
(1663, 7280, 'SEPARADOR', 'S69-110-OH-C', '', 'PAD', 'KRAFT', '', '', '', '', '430*1770', '', '', '', '26*26*26', '', '', 3, '2019-11-04 12:37:08'),
(1664, 7281, 'OH BOX GDE', 'S71-121-OH-C', '', 'FLEXO', 'KRAFT', '', '', 'ROJ-207C-LGE-K, BLK-000-LGE-K', '', '620*1807', '', '', '', '42*26*33', '', '', 3, '2019-11-04 12:37:08'),
(1665, 7282, 'PAD(310 X 235 )', 'S75-110-OH-S', '', 'PAD', 'KRAFT', '124', '', '', '', '490*1890', '', '', '', '26*26*26', '', '', 3, '2019-11-04 12:37:08'),
(1666, 7283, 'PAD (SEPARADOR)', 'S77-110-OH-S', '', '-', 'KRAFT', '', '', '', '', '605*1910', '', '', '', '26*26*26', '', '', 3, '2019-11-04 12:37:08'),
(1667, 7284, 'INNER BOX', 'S42-111-OH-C', '', 'FLEXO', 'KRAFT', 'Navaja', 'n/a', 'N/A', '', '349*1060', '', '', '', '26*26*26', '', '', 3, '2019-11-04 12:37:08'),
(1668, 7285, 'OH BOX CHICA', 'S48-111-OH-C', '', 'FLEXO', 'KRAFT', 'Navaja', 'n/a', 'N/A', '', '576*1226', '', '', '', '26*26*26', '', '', 3, '2019-11-04 12:37:08'),
(1669, 7286, 'SEPARADOR', 'S58-110-OH-S', '', 'PAD', 'KRAFT', '164', 'n/a', '', '', '860*1495', '', '', '', '26*26*26', '', '', 3, '2019-11-04 12:37:08'),
(1670, 7287, 'SEPARADOR', 'S82-110-OH-S', '', 'PAD', 'KRAFT', '174', 'n/a', '', '', '860*2090', '', '', '', '26*26*26', '', '', 3, '2019-11-04 12:37:08'),
(1671, 7288, 'SEPARADOR', 'S82-110-OH-S', '', 'PAD', 'KRAFT', '174', 'n/a', '', '', '860*2090', '', '', '', '26*26*26', '', '', 3, '2019-11-04 12:37:08'),
(1672, 7289, '524.66*496.32', 'S44-110-RM-C', '', 'NO', 'KRAFT', '108', '', '-', '', '560*1115', '', '', '', '26*26*26', '', '', 3, '2019-11-04 12:37:09'),
(1673, 7290, 'SPL 32ECT', 'S35-110-SP-C', '', '-', 'KRAFT', '', '', 'N/A', '', '1100*900', '', '', '', '26*26*26', '', '', 3, '2019-11-04 12:37:09'),
(1674, 7291, 'SPL 32ECT', 'S43-110-SP-C', '', '-', 'KRAFT', '', '', 'N/A', '', '1300*1100', '', '', '', '26*26*26', '', '', 3, '2019-11-04 12:37:09'),
(1675, 7292, 'SPL 32ECT', 'S51-110-SP-C', '', '-', 'KRAFT', '', '', 'N/A', '', '1500*1300', '', '', '', '26*26*26', '', '', 3, '2019-11-04 12:37:09'),
(1676, 7293, 'SPL 32 ECT', 'S67-110-SP-C', '', '-', 'KRAFT', '', '', 'N/A', '', '400*1700', '', '', '', '33*26*33', '', '', 3, '2019-11-04 12:37:09'),
(1677, 7294, 'SPL 38ECT', 'S67-120-SP-C', '', '-', 'KRAFT', '', '', 'N/A', '', '400*1700', '', '', '', '42*26*33', '', '', 3, '2019-11-04 12:37:09'),
(1678, 7295, 'SPL 32 ECT', 'S75-110-SP-C', '', '-', 'KRAFT', '', '', 'N/A', '', '600*1900', '', '', '', '33*26*33', '', '', 3, '2019-11-04 12:37:09'),
(1679, 7296, 'SPL 38ECT', 'S75-120-SP-C', '', '-', 'KRAFT', '', '', 'N/A', '', '600*1900', '', '', '', '42*26*33', '', '', 3, '2019-11-04 12:37:09'),
(1680, 7297, 'SPL 32 ECT', 'S83-110-SP-C', '', '-', 'KRAFT', '', '', 'N/A', '', '800*2100', '', '', '', '33*26*33', '', '', 3, '2019-11-04 12:37:09'),
(1681, 7298, 'SPL 38ECT', 'S83-120-SP-C', '', '-', 'KRAFT', '', '', 'N/A', '', '800*2100', '', '', '', '42*26*33', '', '', 3, '2019-11-04 12:37:10'),
(1682, 7299, '1200*2000', 'SB79-120-SAMPLE', '', 'NO', 'KRAFT', '', '', 'N/A', '', '1200*2000', '', '', '', '33*26*33', '', '', 3, '2019-11-04 12:37:10'),
(1683, 7300, 'ALP 1 CALF REG', 'S47-111-SM-C', '', 'FLEXO', 'KRAFT', '', '72', 'BLK-000-LGE-K', '', '460*1198', '', '', '', '33*23*26', '', '', 3, '2019-11-04 12:37:10'),
(1684, 7301, 'ALP 1A CALF REG', 'S47-111-SM-C', '', 'FLEXO', 'KRAFT', 'Navaja', '303', 'BLK-000-LGE-K', '', '460*1198', '', '', '', '#N/A', '', '', 3, '2019-11-04 12:37:10'),
(1685, 7302, 'ALP 1SM', 'S47-111-SM-C', '', 'NO PRINT', 'KRAFT', '', '321', '', '', '460*1198', '', '', '', '33*23*26', '', '', 3, '2019-11-04 12:37:10'),
(1686, 7303, 'ALP1 CALF REG', 'S47-111-SM-C', '', 'FLEXO', 'KRAFT', '', '', 'BLK-000-LGE-K', '', '460*1198', '', '', '', '33*23*26', '', '', 3, '2019-11-04 12:37:10'),
(1687, 7304, 'ALP 2 XL', 'S60-111-SM-C', '', 'NO PRINT', 'KRAFT', '', '322', '', '', '445*1556', '', '', '', '33*23*26', '', '', 3, '2019-11-04 12:37:10'),
(1688, 7305, 'ALP2 CALF LARGE', 'S60-111-SM-C', '', 'FLEXO', 'KRAFT', '', '', 'BLK-000-LGE-K', '', '445*1556', '', '', '', '33*23*26', '', '', 3, '2019-11-04 12:37:10'),
(1689, 7306, 'ALP3 THIGH REG', 'S62-111-SM-C', '', 'FLEXO', 'KRAFT', '', '', 'BLK-000-LGE-K', '', '577*1584', '', '', '', '33*26*33', '', '', 3, '2019-11-04 12:37:11'),
(1690, 7307, '26 X16 X 19', 'S87-111-SM-C', '', 'FLEXO', 'KRAFT', 'Navaja', 'BMC', 'BLK-000-LGE-K', '', '907*2190', '', '', '', '33*26*33', '', '', 3, '2019-11-04 12:37:11'),
(1691, 7308, 'SI43F', 'D43-210-DT-C', '', 'FULL 2', 'KRAFT', '', '', '', '', '815*1317', '', '', '', '35*26*26*26*33', '100-SI43-13282-JVC', '', 3, '2019-11-04 12:37:11'),
(1692, 7309, 'DELTA JVC 43\"', 'D43-220-DT-C', '', 'FULL 2', 'KRAFT', '', '', '', '', '840*1256', '', '', '', '35*26*26*26*33', 'JVC 43', '', 3, '2019-11-04 12:37:11'),
(1693, 7310, 'DELTA 49\"', 'D49-210-DT-C', '', 'FULL 2', 'KRAFT', '188', '', '', '', '930*1430', '', '', '', '35*26*26*26*33', 'AIWA -49', '', 3, '2019-11-04 12:37:11'),
(1694, 7311, 'SI49FS-SMART', 'D49-210-DT-C', '', 'FULL 2', 'KRAFT', '97', '', '', '', '930*1430', '', '', '', '35*26*26*26*33', '200-SI49F-02G-JVC', '', 3, '2019-11-04 12:37:11'),
(1695, 7312, 'DELTA JVC 49\"', 'D49-220-DT-C', '', 'FULL 2', 'KRAFT', '', '', '', '', '1001*1501', '', '', '', '35*26*26*26*33', 'JVC-49', '', 3, '2019-11-04 12:37:11'),
(1696, 7313, 'SI51 FS', 'D50-210-DT-C', '', 'FULL 2', 'KRAFT', '', '', '', '', '902*1430', '', '', '', '35*26*26*26*33', 'SI51F-002G-JVC', '', 3, '2019-11-04 12:37:11'),
(1697, 7314, 'SI 50FS', 'D50-210-DT-C', '', 'FULL 2', 'KRAFT', '', '', '', '', '902*1430', '', '', '', '35*26*26*26*33', 'SI50F-002G-JVC', '', 3, '2019-11-04 12:37:12'),
(1698, 7315, 'SI50FS-BIG', 'D50-210-DT-C', '', 'FULL 2', 'KRAFT', '', '', '', '', '930*1430', '', '', '', '35*26*26*26*33', '100-SI50-132AD-JVC', '', 3, '2019-11-04 12:37:12'),
(1699, 7316, 'SI 55 FS', 'D55-210-DT-C', '', 'FULL 2', 'KRAFT', '', '', '', '', '986*1526', '', '', '', '33*26*26*26*33', 'SI55F-002G-JVC', '', 3, '2019-11-04 12:37:12'),
(1700, 7317, 'SI 65 FS', 'D65-210-LG-C', '', 'FULL 2', 'KRAFT', '', '', '', '', '1140*1820', '', '', '', '35*26*26*26*33', 'SI65F-002G-JVC', '', 3, '2019-11-04 12:37:12'),
(1701, 7318, 'SPELLER', 'S24-210-DT-C', '', 'FULL-2', 'KRAFT', '', '', '', '', '663*797', '', '', '', '42*33*33', 'SP-LED24', '', 3, '2019-11-04 12:37:12'),
(1702, 7319, 'JVC', 'S24-210-DT-C', '', 'FULL-2', 'KRAFT', '', '', '', '', '663*797', '', '', '', '42*33*33', '200-SI24J-02G-JVC', '', 3, '2019-11-04 12:37:12'),
(1703, 7320, 'ATVIO (FRONT)', 'S24-230-DT-C', '', 'FULL-2', 'KRAFT', '', '', '', '', '725*827', '', '', '', '42*33*33', 'ATV24-HD', '', 3, '2019-11-04 12:37:12'),
(1704, 7321, 'JVC- BIG- FRONT', 'S24-230-DT-C', '', 'FULL-2', 'KRAFT', '', '', '', '', '725*827', '', '', '', '42*33*33', '201-SI24J-02G-JVC', '', 3, '2019-11-04 12:37:12'),
(1705, 7322, 'ATVIO HD- FRONT', 'S24-230-DT-C', '', 'FULL-2', 'KRAFT', '', '', '', '', '725*827', '', '', '', '42*33*33', '200-ATV24J-03G-ATV(BIG)', '', 3, '2019-11-04 12:37:12'),
(1706, 7323, 'SPELLER', 'S24-230-DT-C', '', 'FULL-2', 'KRAFT', '', '', '', '', '725*827', '', '', '', '42*33*33', '200-24SP-03G-SP  SP-LED24', '', 3, '2019-11-04 12:37:13'),
(1707, 7324, '32SM-13282-SP', 'S32-210-DT-C', '', 'FULL-2', 'KRAFT', '', '', '-', '', '679*981', '', '', '', '42*33*33', 'SP-32 SMART', '', 3, '2019-11-04 12:37:13'),
(1708, 7325, 'DELTA GV', 'S32-210-DT-C', '', 'FULL-2', 'KRAFT', '', '', '-', '', '679*981', '', '', '', '42*33*33', 'GV-32 LED', '', 3, '2019-11-04 12:37:13'),
(1709, 7326, 'TLK-32LED', 'S32-210-DT-C', '', 'FULL-2', 'KRAFT', '', '', '-', '', '679*981', '', '', '', '42*33*33', '300-TLK32-002-TLK', '', 3, '2019-11-04 12:37:13'),
(1710, 7327, 'SI32H', 'S32-210-DT-C', '', 'FULL-2', 'KRAFT', '', '', '-', '', '679*981', '', '', '', '42*33*33', '200-SI32J-02G-JVC', '', 3, '2019-11-04 12:37:13'),
(1711, 7328, '32-HDSP', 'S32-210-DT-C', '', 'FULL-2', 'KRAFT', '', '', '-', '', '679*981', '', '', '', '42*33*33', '200-32-HSDP-0104', '', 3, '2019-11-04 12:37:13'),
(1712, 7329, 'ATVIO LED', 'S32-210-DT-C', '', 'FULL-2', 'KRAFT', '', '', '-', '', '679*981', '', '', '', '42*33*33', '200-32CT-002G-ATV', '', 3, '2019-11-04 12:37:13'),
(1713, 7330, 'ATVIO 32 SMART', 'S32-210-DT-C', '', 'FULL-2', 'KRAFT', '', '', '-', '', '679*981', '', '', '', '42*33*33', '101-32SM-13262-ATV', '', 3, '2019-11-04 12:37:13'),
(1714, 7331, 'SPELLER', 'S32-210-DT-C', '', 'FULL-2', 'KRAFT', '', '', '-', '', '679*981', '', '', '', '42*33*33', '100-32SP-13282-SP', '', 3, '2019-11-04 12:37:14'),
(1715, 7332, 'SP-LED32M(NEGRO)', 'S32-210-DT-C', '', 'FULL-2', 'KRAFT', '', '', '-', '', '679*981', '', '', '', '42*33*33', '100-32SM-13301-SP', '', 3, '2019-11-04 12:37:14'),
(1716, 7333, 'ATVIO SMART 32', 'S32-210-DT-C', '', 'FULL-2', 'KRAFT', '', '', '-', '', '679*981', '', '', '', '42*33*33', '100-32SM-13282-ATV', '', 3, '2019-11-04 12:37:14'),
(1717, 7334, 'DELRA JVC 39\"', 'S39-210-DT-C', '', 'FULL 2', 'KRAFT', '', '', '', '', '765*1180', '', '', '', '42*33*33', 'JVC-39', '', 3, '2019-11-04 12:37:14'),
(1718, 7335, 'ATV-40SM', 'S40-210-DT-C', '', 'FULL 2', 'KRAFT', '', '', '', '', '765*1180', '', '', '', '42*33*42', 'ATV40GIFTBOX', '', 3, '2019-11-04 12:37:14'),
(1719, 7336, 'ATVIO', 'S24-210-DT-C', '', 'FULL-2', 'KRAFT', '80', 'Litho', '', '', '663*797', '', '', '', '42*33*33', '200-ATV24J-02G-ATV', '', 3, '2019-11-04 12:37:14'),
(1720, 7337, 'TMK32H', 'S32-210-DT-C', '', 'FULL-2', 'KRAFT', '7', 'Litho', '-', '', '679*981', '', '', '', '42*33*33', '10A-5GTA-132082-002G-TMK', '', 3, '2019-11-04 12:37:14'),
(1721, 7338, 'SI 40FS', 'S40-210-DT-C', '', 'FULL 2', 'KRAFT', '19', 'Litho', '', '', '765*1180', '', '', '', '42*33*42', '200-SI40F-02G-JVC', '', 3, '2019-11-04 12:37:14'),
(1722, 7339, 'JVC40_SI40FS', 'S40-210-DT-C', '', 'FULL 2', 'KRAFT', '176', 'Litho', '', '', '785*1180', '', '', '', '42*33*42', 'SQY-SI40FS-02G-JVC', '', 3, '2019-11-04 12:37:14'),
(1723, 7340, '49 JVC', 'D49-230-DT-C', '', 'FULL 2', 'KRAFT', 'No Loc', 'n/a', '', '', '976*1476', '', '', '', '35*26*26*26*33', '200-SI49FC-JVC', '', 3, '2019-11-04 12:37:14'),
(1724, 7341, 'SERVICIOS', 'D43-110-LG-C', '', 'FLEXO', 'KRAFT', '180', 'N/A', '', '', '825*2460', '', '1', '', '42*26*26*26*33', '', '', 3, '2019-11-04 12:37:15'),
(1725, 7342, 'N/A', '', '', 'FLEXO', 'KRAFT', '', '', 'BLK-000-LGE-K', '', '', '', '', '', '33*26*33', '', '', 3, '2019-11-04 12:37:15'),
(1726, 7343, 'N/A', '', '', 'FLEXO', 'KRAFT', '', '', 'BLK-000-LGE-K', '', '663*1390', '', '', '', '42*26*33', '', '', 3, '2019-11-04 12:37:15'),
(1727, 7344, 'L32V7800TN', 'D32-150-TC-C', '', 'FLEXO', 'KRAFT', '', '', 'COOL GREY 11C', '', '', '', '', '', '#N/A', '', '', 3, '2019-11-04 12:37:15'),
(1728, 7345, 'SCS76-570540-4ATZ2)', 'D32-210-TC-C', '', 'FULL 2', 'KRAFT', '66', '', '', '', '655*1008', '', '', '', '34*23*26*23*26', 'TCL 32D1800KALLY', '', 3, '2019-11-04 12:37:15'),
(1729, 7346, '76-544470-OAT', 'D32-220-TC-C', '', 'FULL 2', 'KRAFT', '148', '', '', '', '665*990', '', '', '', '34*23*26*23*26', 'TCL32D1560 (OLIMPO)', '', 3, '2019-11-04 12:37:15'),
(1730, 7347, 'ATVIO 32 (W785 D113 H490 )', 'D32-220-TC-C', '', 'FULL-2', 'KRAFT', '25', '', '-', '', '665*990', '', '', '', '34*23*26*23*27', 'ATV-32SM-76-581050-0ATT3', '', 3, '2019-11-04 12:37:15'),
(1731, 7348, '32F1800', 'D32-220-TC-C', '', 'FULL-2', 'KRAFT', '', '', '-', '', '665*990', '', '', '', '34*23*26*23*26', '76-581050-0ATWL', '', 3, '2019-11-04 12:37:15'),
(1732, 7349, '32F1800', 'D32-220-TC-C', '', 'FULL-2', 'KRAFT', '24', '', '-', '', '665*990', '', '', '', '#N/A', 'SVS76-581050-0ATWK', '', 3, '2019-11-04 12:37:16'),
(1733, 7350, '43S425-MX', 'D43-220-TC-C', '', 'FULL 3', 'KRAFT', '130', '', '', '', '820*1340', '', '', '', '#N/A', 'SVS765990400AT2KC', '', 3, '2019-11-04 12:37:16'),
(1734, 7351, '43F1800', 'D43-220-TC-C', '', 'FULL 2', 'KRAFT', '', '', '', '', '820*1340', '', '', '', '#N/A', 'SVS76-54827B-2ATU1', '', 3, '2019-11-04 12:37:16'),
(1735, 7352, '43D1870', 'D43-220-TC-C', '', 'FULL 2', 'KRAFT', '', '', '', '', '820*1340', '', '', '', '#N/A', 'SVS76-548270-0ATWP', '', 3, '2019-11-04 12:37:16'),
(1736, 7353, '50S425-MX', 'D50-220-TC-C', '', 'FULL 2', 'KRAFT', '12', '', '', '', '940*1470', '', '', '', '#N/A', 'SVS766068200AT2CC', '', 3, '2019-11-04 12:37:16'),
(1737, 7354, '55S4425-MX', 'D55-220-TC-C', '', 'FULL 2', 'KRAFT', '194', '', '', '', '964*1610', '', '', '', '#N/A', 'SVS766117500AT1AC', '', 3, '2019-11-04 12:37:16'),
(1738, 7355, '55D1241', 'D55-240-TC-C', '', 'FULL 2', 'KRAFT', '191', '', '', '', '1033*1623', '', '', '', '#N/A', 'SVS76-544220-0ATWP', '', 3, '2019-11-04 12:37:16'),
(1739, 7356, '65S425-MX', 'D65-220-TC-C', '', 'FULL 2', 'KRAFT', '195', '', '', '', '1123*1896', '', '', '', '34*23*26*23*26', 'SVS76-5880800AT1SC', '', 3, '2019-11-04 12:37:16'),
(1740, 7357, '55S4425-MX', 'S55-230-TC-B', '', 'BOTTOM', 'KRAFT', '201', '', '', '', '300*1540', '', '', '', '#N/A', '', '', 3, '2019-11-04 12:37:16'),
(1741, 7358, '65S425-MX', 'S65-230-TC-C', '', 'BOTTOM', 'KRAFT', '', '', '', '', '480*2000', '', '', '', '42*33*42', '', '', 3, '2019-11-04 12:37:16'),
(1742, 7359, 'H3-32F60KB', 'D32-150-TC-C', '', 'FLEXO', 'KRAFT', '165', '250/251', 'VER-363-TC-K, WHT-000-TC-K, BLK-000-LG-K', '', '650*1875', '', '', '', '34*23*26*23*26', '', '', 3, '2019-11-04 12:37:17'),
(1743, 7360, '32D1200(HKP)', 'D32-220-TC-C', '', 'FULL-2', 'KRAFT', '81', 'n/a', '-', '', '665*990', '', '', '', '34*23*26*23*26', 'SVS76-581050-0ATR6', '', 3, '2019-11-04 12:37:17'),
(1744, 7361, 'BOX', 'SB34-110-TP-C', '', 'FLEXO', 'KRAFT', '76', '220', 'BLK-000-LGE-K', '', '1106*858', '', '', '', '33*26*33', '', '', 3, '2019-11-04 12:37:17'),
(1745, 7362, '390X390X430', 'D64-111-TP-C', '', 'FLEXO', 'KRAFT', '156', '230', 'BLK-000-LGE-K', '', '821*1620', '', '', '', '#N/A', '', '', 3, '2019-11-04 12:37:17'),
(1746, 7363, 'N/A', 'D', '', 'FLEXO', 'KRAFT', '', '', 'BLK-000-LGE-K', '', '', '', '', '', '35*26*26*26*33', '', '', 3, '2019-11-04 12:37:17'),
(1747, 7364, '796072', '', '', 'FLEXO', 'KRAFT', '', '', '', '', '736*1602', '', '', '', '', '', '', 3, '2019-11-04 12:37:17'),
(1748, 7365, '794723', '', '', 'FLEXO', 'KRAFT', '', '', '', '', '680*2018', '', '', '', '', '', '', 3, '2019-11-04 12:37:17'),
(1749, 7366, 'BOX 8090', 'SB83-110-TM-S', '', 'FLEXO', '', '125', 'n/a', 'BLK-000-LGE-K', '', '678*2112', '', '', '', '33*26*33', '', '', 3, '2019-11-04 12:37:17'),
(1750, 7367, 'BOX 8089', 'SB89-110-TM-S', '', 'FLEXO', '', '46', 'n/a', 'BLK-000-LGE-K', '', '889*2260', '', '', '', '33*26*33', '', '', 3, '2019-11-04 12:37:17'),
(1751, 7368, 'TRIPTICO WHT PAD', 'SW39-111-TR-S', '', 'NO', 'WHITE', '', '', 'N/A', '', '991*711', '', '', '', '33*26*33', '', '', 3, '2019-11-04 12:37:17'),
(1752, 7369, 'TRIPTICO WHT PAD', 'SW73-110-TR-S', '', 'NO', 'WHITE', '', '', 'N/A', '', '1215*915', '', '', '', '33*26*33', '', '', 3, '2019-11-04 12:37:18'),
(1753, 7370, 'DESSAMP(HONEWELL)', 'S55-110-VP-C', '', 'FULL 1', 'KRAFT', '167', '', '', '', '700*1400', '', '', '', '#N/A', '50050839', '', 3, '2019-11-04 12:37:18'),
(1754, 7371, '1045*1045', 'S83-110-WO-C', '', 'FLEXO', 'KRAFT', '69', '34', 'VER-20-WM-K', '', '1065*2110', '', '', '', '42*33*42', '', '', 3, '2019-11-04 12:37:18'),
(1755, 7372, 'N/A', 'S49-110-WO-C', '', '', 'KRAFT', '118', '', 'Printing (red)', '', '1144*1257', '', '1', '', '42*33*42', '', '', 3, '2019-11-04 12:37:18'),
(1756, 7373, '430*310*175', '', '', 'FLEXO', 'KRAFT', '0', '320', 'BLK-000-LGE-K', '', '519*1545', '', '', '', '#N/A', '', '', 3, '2019-11-04 12:37:18'),
(1757, 7374, '465*350*300', 'S67-111-WR-C', '', 'FLEXO', 'KRAFT', 'Navaja', '222', 'BLK-000-LGE-K', '', '665*1696', '', '', '', '33*26*33', '', '', 3, '2019-11-04 12:37:18'),
(1758, 7375, '470*305*165', 'S64-111-WR-C', '', 'FLEXO', 'KRAFT', 'Navaja', '247', 'BLK-000-LGE-K', '', '485*1616', '', '', '', '42*33*42', '', '', 3, '2019-11-04 12:37:18'),
(1759, 7376, '450*310*280', 'S62-111-WR-C', '', 'FLEXO', 'KRAFT', 'Navaja', '259', 'BLK-000-LGE-K', '', '686*1586', '', '', '', '42*26*33', '', '', 3, '2019-11-04 12:37:18'),
(1760, 7377, 'N/A', '', '', 'FLEXO', 'KRAFT', '', '', 'BLK-000-LGE-K', '', '', '', '', '', '33*26*33', '', '', 3, '2019-11-04 12:37:19'),
(1761, 7378, 'N/A', '', '', 'FLEXO', 'KRAFT', '', '', 'BLK-000-LGE-K', '', '', '', '', '', '33*26*33', '', '', 3, '2019-11-04 12:37:19'),
(1762, 7379, 'N/A', '', '', 'FLEXO', 'KRAFT', '', '', 'BLK-000-LGE-K', '', '', '', '', '', '33*26*33', '', '', 3, '2019-11-04 12:37:19'),
(1763, 7380, 'N/A', '', '', 'FLEXO', 'KRAFT', '', '', 'BLK-000-LGE-K', '', '', '', '', '', '33*26*33', '', '', 3, '2019-11-04 12:37:19'),
(1764, 7381, 'N/A', '', '', 'FLEXO', 'KRAFT', '', '', 'BLK-000-LGE-K', '', '', '', '', '', '33*26*33', '', '', 3, '2019-11-04 12:37:19'),
(1765, 7382, 'N/A', '', '', '', '', '', '', '', '', '', '', '', '', '0', '', '', 3, '2019-11-04 12:37:19'),
(1766, 7383, 'N/A', '', '', '', '', '', '', '', '', '', '', '', '', '0', '', '', 3, '2019-11-04 12:37:19'),
(1767, 7384, 'N/A', '', '', '', '', '', '', '', '', '', '', '', '', '0', '', '', 3, '2019-11-04 12:37:19'),
(1768, 7385, 'N/A', '', '', '', '', '', '', '', '', '', '', '', '', '0', '', '', 3, '2019-11-04 12:37:19'),
(1769, 7386, 'N/A', '', '', '', '', '', '', '', '', '', '', '', '', '0', '', '', 3, '2019-11-04 12:37:20'),
(1770, 7387, '465*350*300', 'D67-111-WR-C', '', 'FLEXO', 'KRAFT', '', '', 'BLK-000-LGE-K', '', '676*1720', '', '', '', '42*26*26*26*33', '', '', 3, '2019-11-04 12:37:20'),
(1771, 7388, '520*325*315', 'D70-111-WR-C', '', 'FLEXO', 'KRAFT', '', '', 'BLK-000-LGE-K', '', '668*1797', '', '', '', '42*26*26*26*33', '', '', 3, '2019-11-04 12:37:20'),
(1772, 7389, '780*360*298', 'D94-111-WR-C', '', 'FLEXO', 'KRAFT', '', '', 'BLK-000-LGE-K', '', '685*2379', '', '', '', '42*26*26*26*33', '', '', 3, '2019-11-04 12:37:20'),
(1773, 7390, '420*337*195', 'DW62-111-WR-C', '', 'FLEXO', 'WHITE', '', '', 'BLK-000-LGE-K', '', '557*1590', '', '', '', '42*26*26*26*33', '', '', 3, '2019-11-04 12:37:20'),
(1774, 7391, '430*345*195', 'DW64-111-WR-C', '', 'FLEXO', 'WHITE', '', '', 'BLK-000-LGE-K', '', '566*1625', '', '', '', '42*26*26*26*33', '', '', 3, '2019-11-04 12:37:20'),
(1775, 7392, '485*360*300', 'DW70-111-WR-C', '', 'FLEXO', 'KRAFT', '', '', 'BLK-000-LGE-K', '', '686*1790', '', '', '', '42*26*26*26*33', '', '', 3, '2019-11-04 12:37:20'),
(1776, 7393, '400*266*114', 'S55-111-WR-C', '', 'FLEXO', 'KRAFT', '', '', 'BLK-000-LGE-K', '', '398*1398', '', '', '', '33*26*33', '', '', 3, '2019-11-04 12:37:20'),
(1777, 7394, '430*310*175', 'S61-111-WR-C', '', 'FLEXO', 'KRAFT', '', '', 'BLK-000-LGE-K', '', '502*1546', '', '', '', '42*33*42', '', '', 3, '2019-11-04 12:37:20'),
(1778, 7395, '440*330*300', 'S64-121-WR-C', '', 'FLEXO', 'KRAFT', '', '', 'BLK-000-LGE-K', '', '646*1616', '', '', '', '33*26*33', '', '', 3, '2019-11-04 12:37:20'),
(1779, 7396, '490*350*115', 'S68-111-WR-C', '', 'FLEXO', 'KRAFT', '', '', 'BLK-000-LGE-K', '', '537*1746', '', '', '', '33*26*33', '', '', 3, '2019-11-04 12:37:20'),
(1780, 7397, '485*360*300', 'S70-111-WR-C', '', 'FLEXO', 'KRAFT', '', '', 'BLK-000-LGE-K', '', '675*1766', '', '', '', '42*33*42', '', '', 3, '2019-11-04 12:37:21'),
(1781, 7398, '520*325*315', 'S70-121-WR-C', '', 'FLEXO', 'KRAFT', '', '', 'BLK-000-LGE-K', '', '655*1756', '', '', '', '42*33*42', '', '', 3, '2019-11-04 12:37:21'),
(1782, 7399, '550*320*240', 'S71-111-WR-C', '', 'FLEXO', 'KRAFT', '', '', 'BLK-000-LGE-K', '', '578*1806', '', '', '', '42*40*42', '', '', 3, '2019-11-04 12:37:21'),
(1783, 7400, '475*405*180', 'S72-111-WR-C', '', 'FLEXO', 'KRAFT', '', '', 'BLK-000-LGE-K', '', '602*1826', '', '', '', '33*26*33', '', '', 3, '2019-11-04 12:37:21'),
(1784, 7401, '880*368*310', 'S99-111-WR-C', '', 'FLEXO', 'KRAFT', '', '', 'BLK-000-LGE-K', '', '694*2562', '', '', '', '42*26*33', '', '', 3, '2019-11-04 12:37:21'),
(1785, 7402, 'N/A', 'S34-121-ET-C', '', 'FLEXO', 'KRAFT', '', '341', 'BLK-000-LGE-K', '', '380*884', '', '', '', '33*26*33', '', '', 3, '2019-11-04 12:37:21'),
(1786, 7403, 'N/A', 'S42-141-ET-C', '', 'FLEXO', 'KRAFT', '', '', 'Printing (Blue 300)', '', '368*1080', '', '', '', '33*26*33', '', '', 3, '2019-11-04 12:37:21'),
(1787, 7404, 'N/A', 'SB45-120-ET-C', '', 'FLEXO', 'KRAFT', '239', '353', 'No Printing', '', '496*1153', '', '3', '', '33*26*33', '', '', 3, '2019-11-04 12:37:21'),
(1788, 7405, 'N/A', 'S45-120-ET-C', '', 'FLEXO', 'KRAFT', '249', '', 'No Printing', '', '585*1147', '', '8', '', '42*33*33', '', '', 3, '2019-11-04 12:37:21'),
(1791, 7408, '34BL650-BK', 'D49-140-LG-C', '', 'FLEXO', 'KRAFT', '237', '356', 'Printing (Black)', '', '741*2905', '', '1', '', '42*26*26*26*33', '', 'USING ALTERNATIVE SHEET', 3, '2019-11-04 12:37:21'),
(1792, 7409, 'N/A', 'S83-110-WO-C', '', 'FLEXO', 'KRAFT', '69', 'TBD', '', '', '1065*2110', '', '', '', '42*33*42', '', '', 3, '2019-11-04 12:37:22'),
(1793, 7410, 'N/A', 'S48-131-OH-C', '', 'FLEXO', 'KRAFT', 'TBD', 'TBD', 'No Printing', '', '531*1236', '', '1', '', '26*26*26', '', '', 3, '2019-11-04 12:37:22'),
(1794, 7411, 'N/A', 'S48-131-OH-C', '', 'FLEXO', 'KRAFT', 'TBD', 'TBD', 'Printing (Red 207c y Intense Black)', '', '647*1817', '', '1', '', '42*26*33', '', '', 3, '2019-11-04 12:37:22'),
(1795, 7412, '24LT572MBUB', 'S24-140-LG-C', '', 'FLEXO', 'KRAFT', 'TBD', '357', 'Printing (Black)', '', '556*2254', '', '1', '', '42*40*42', '', 'USING ALTERNATIVE', 3, '2019-11-04 12:37:22'),
(1796, 7413, '28LM400B-PU', 'S28-140-LG-C', '', 'FLEXO', 'KRAFT', '78', 'TBD', 'Printing (Black)', '', '644*1767', '', '1', '', '42*40*42', '', 'USING ALTERNATIVE', 3, '2019-11-04 12:37:22'),
(1797, 7414, 'DIVIDER PAD', 'SB47-110-ET-C', '', 'FLEXO', 'KRAFT', 'TBD', 'TBD', 'No Printing', '', '191*1169', '', '2', '', '', '', '', 3, '2019-11-04 12:37:22'),
(1798, 7415, '32LS55B', '', '', 'FLEXO', 'KRAFT', 'TBD', 'TBD', '', '', '649*1917', '', '1', '', '', '', '', 3, '2019-11-04 12:37:22'),
(1799, 7416, 'BOTTOM (55LV)', 'S28-120-LG-C', '', 'FLEXO', 'KRAFT', '240', 'TBD', '', '', '610*1738', '', '1', '', '', '', '', 3, '2019-11-04 12:37:22'),
(1800, 7417, 'BOTTOM (65UHSE)', '', '', 'FLEXO', 'KRAFT', '238', 'TBD', '', '', '512*1867', '', '1', '', '', '', '', 3, '2019-11-04 12:37:22'),
(1801, 7418, '43SE3B', 'D43-110-LG-C', '', 'FLEXO', 'KRAFT', '226', '358', '', '', '797*2417', '', '1', '', '', '', 'USING ALTERNATIVE', 3, '2019-11-04 12:37:22'),
(1802, 7419, '55LV / 55VH', 'D55-110-LG-C', '', 'FLEXO', 'KRAFT', '234', '359', '', '', '1125*3285', '', '1', '', '', '', '', 3, '2019-11-04 12:37:23'),
(1803, 7420, '55SE3B', 'D55-110-LG-C', '', 'FLEXO', 'KRAFT', '235', '360', '', '', '1125*3285', '', '1', '', '', '', '', 3, '2019-11-04 12:37:23'),
(1804, 7421, 'N/A', '', '', 'FLEXO', 'KRAFT', 'TBD', 'TBD', 'Printing (Blue 300)', '', '813*1300', '', '1', '', '42*33*42', '', '', 3, '2019-11-04 12:37:23'),
(1805, 7422, 'N/A', 'D65-210-LG-C', '', 'FLEXO', 'KRAFT', 'TBD', 'TBD', '', '', '', '', '', '', '', '', '', 3, '2019-11-04 12:37:23'),
(1806, 7423, '24MD4KL BACK END', 'SB27-110-LG-C', '', 'TIP ON', 'KRAFT', 'TBD', 'TBD', '', '', '1050*1080', '', '1', '', '42*33*33', '', '', 3, '2019-11-04 12:37:23'),
(1807, 7424, '27MD5KL BACK END', 'SB27-110-LG-C', '', 'TIP ON', 'KRAFT', 'TBD', 'TBD', '', '', '1050*1080', '', '1', '', '42*33*33', '', '', 3, '2019-11-04 12:37:23'),
(1810, 7427, '24CK550', 'D24-110-LG-C', '', 'FLEXO', 'KRAFT', 'TBD', 'TBD', 'Printing (Intense Black)', '', '691*2260', '', '1', '', '45*26*26*26*34', '', 'USING ALTERNATIVE', 3, '2019-11-04 12:37:24'),
(1811, 7428, '49UM69', 'DW49-170-LG-C', '', 'FLEXO', 'WHITE', 'TBD', 'TBD', 'Printing (Black & Purple)', '', '963*2905', '', '1', '', '42*26*26*26*33', '', '', 3, '2019-11-04 12:37:24'),
(1812, 7429, '55VH7E-AH/55VM5E-AJ', 'D55-110-LG-C', '', 'FLEXO', 'KRAFT', '234', '359', '', '', '1125*3285', '', '1', '', '', '', '', 3, '2019-11-04 12:37:24'),
(1813, 7430, 'LG SERVICE BOX GRANDE', '', '', 'THOMPSON', 'KRAFT', 'TBD', 'N/A', '', '', '', '', '1', '', '', '', '', 3, '2019-11-04 12:37:24'),
(1814, 7431, 'LG SERVICE BOX CHICO', '', '', 'THOMPSON', 'KRAFT', 'TBD', 'N/A', '', '', '520*430', '', '1', '', '', '', '', 3, '2019-11-04 12:37:24'),
(1815, 7432, '27MD5KL (accessory)', 'SE27-110-LG-C', '', 'FLEXO', 'KRAFT', 'TBD', 'TBD', 'Printing (Intense Black)', '', '800*1016', '', '1', '', '33*26*33', '', '', 3, '2019-11-04 12:37:24'),
(1816, 7433, '24MD4KL (accessory)', 'SB24-110-LG-C', '', 'FLEXO', 'KRAFT', 'TBD', 'TBD', 'Printing (Intense Black)', '', '760*870', '', '1', '', '33*26*33', '', '', 3, '2019-11-04 12:37:24'),
(1817, 7434, 'N/A', 'SB30-110-ET-C', '', 'FLEXO', 'KRAFT', 'TBD', 'TBD', '', '', '424*784', '', '2', '', '33*26*33', '', '', 3, '2019-11-04 12:37:24'),
(1818, 7435, 'N/A', 'S47-110-ET-C', '', 'FLEXO', 'KRAFT', 'TBD', 'TBD', '', '', '781*1206', '', '4', '', '42*33*33', '', '', 3, '2019-11-04 12:37:24'),
(1819, 7436, 'N/A', '', '', 'FLEXO', 'KRAFT', 'TBD', 'TBD', 'Printing (Black)', '589*732', '589*732', '143*303*143', '1', '', '33*26*33', '', '', 3, '2019-11-04 12:37:24'),
(7496, 7438, 'NA', '', '', '', 'NA', '', '', 'NA', '', 'NA', 'NA', '', '', '', '', '', 3, NULL),
(7497, 7439, 'NA', '', '', '', 'NA', '', '', 'NA', '', 'NA', 'NA', '', '', '', '', '', 3, NULL),
(7498, 7440, 'LG CHICAGO', '', '', '', 'BLANCO', '', '', 'BLANCO', '', '1200*2400', 'NA', '', '', '', '', '', 3, NULL),
(7499, 7441, 'TRIPTICO WHT PAD', '', '', '', 'WHITE', '', '', 'WHITE', '', '991*711', '241*508*241', '', '', '', '', '', 3, NULL),
(7500, 7442, 'LG CHICAGO FILLER BOXES', '', '', '', 'WHITE', '', '', 'WHITE', '', '679*1679', '176*327*176', '', '', '', '', '', 3, NULL),
(7501, 7443, '32LK54', '', '', '', 'WHITE', '', '', 'WHITE', '', '690*2000', 'NA', '', '', '', '', '', 3, NULL),
(7502, 7444, 'MAY69351301', '', '', '', 'WHITE', '', '', 'WHITE', '', '668*1950', 'N/A', '', '', 'W42*40*42', '', '', 3, NULL),
(7503, 7445, 'MAY67713007', '', '', '', 'WHITE', '', '', 'WHITE', '', '535*2235', 'NA', '', '', '', '', '', 3, NULL),
(7504, 7446, '76181CTN', '', '', '', 'WHITE', '', '', 'WHITE', '', '775*2699', '277*221*277', '', '', '', '', '', 3, NULL),
(7505, 7447, 'CTNINS148M', '', '', '', 'WHITE', '', '', 'WHITE', '', '586*1197', 'N/A', '', '', '33*26*33', '', '', 3, NULL),
(7506, 7448, 'PK517082ML', '', '', '', 'KRAFT', '', '', 'KRAFT', '', '685*1462', 'N/A', '', '', '', '', '', 3, NULL),
(7507, 7449, 'CTNINS148M', '', '', '', 'KRAFT', '', '', 'KRAFT', '', '580*1190', 'N/A', '', '', '', '', '', 3, NULL),
(7508, 7450, 'PK517081EN (EATON) ', '', '', '', 'KRAFT', '', '', 'KRAFT', '', '740*1340', 'NO', '', '', '', '', '', 3, NULL),
(7509, 7451, 'PK517077EN (EATON) ', '', '', '', 'KRAFT', '', '', 'KRAFT', '', '528*1030', 'NO', '', '', '', '', '', 3, NULL),
(7510, 7452, 'CLP0011164I ', '', '', '', 'KRAFT', '', '', 'KRAFT', '', '415*1010', 'N/A', '', '', '33*26*26', '', '', 3, NULL),
(7511, 7453, 'PK520053ML', '', '', '', 'KRAFT', '', '', 'KRAFT', '', '545*1262', 'N/A', '', '', '', '', '', 3, NULL),
(7512, 7454, 'MAY67649801', '', '', '', 'KRAFT', '', '', 'KRAFT', '', '800*1016', 'N/A', '', '', '33*26*26', '', '', 3, NULL),
(7513, 7455, ' (CK-455)    UCL2G805/ UCL2G808-4 /UCL2G808-3 ', '', '', '', '1330*622', '', '', '1330*622', '', '1330*622', 'SI', '', '', '', '', '', 3, NULL),
(7514, 7456, 'F534-8089 (TRIMEX)', '', '', '', 'N/A', '', '', 'N/A', '', '889*2260', '889*2.260', '', '', '', '', '', 3, NULL),
(7515, 7457, 'F534-8090 (TRIMEX)', '', '', '', 'N/A', '', '', 'N/A', '', '678*2112', 'N/A', '', '', '', '', '', 3, NULL),
(7516, 7458, '1200*2000', '', '', '', 'N/A', '', '', 'N/A', '', '1200*2000', 'N/A', '', '', '', '', '', 3, NULL),
(7517, 7459, 'PK520073ML(EATON)', '', '', '', '0', '', '', '0', '', '861*922', '0', '', '', '', '', '', 3, NULL),
(7518, 7460, 'CTN 161048 (EATON)', '', '', '', 'KRAFT', '', '', 'KRAFT', '', '328*1720', 'NO', '', '', '', '', '', 3, NULL),
(7519, 7461, 'PK526762ML/ PK526767ML', '', '', '', 'KRAFT', '', '', 'KRAFT', '', '803*1300', 'NO', '', '', '', '', '', 3, NULL),
(7520, 7462, 'PK517033EN', '', '', '', 'KRAFT', '', '', 'KRAFT', '', '768*1256', 'N/A', '', '', '', '', '', 3, NULL),
(7521, 7463, 'PK517102ML', '', '', '', 'KRAFT', '', '', 'KRAFT', '', '1088*1195', 'N/A', '', '', '', '', '', 3, NULL),
(7522, 7464, 'CLP0011197I', '', '', '', 'KRAFT', '', '', 'KRAFT', '', '779*1173', 'N/A', '', '', '', '', '', 3, NULL),
(7523, 7465, 'CLP0011073I', '', '', '', 'KRAFT', '', '', 'KRAFT', '', '702*1160', 'NA', '', '', '33*26*33', '', '', 3, NULL),
(7524, 7466, 'PK517031EN (EATON)', '', '', '', '0', '', '', '0', '', '678*1118', '0', '', '', '', '', '', 3, NULL),
(7525, 7467, 'CMPM-TIB', '', '', '', 'KRAFT', '', '', 'KRAFT', '', '655*1065', '0', '', '', '', '', '', 3, NULL),
(7526, 7468, 'PK514021EN/PK514022EN (EATON)', '', '', '', 'KRAFT', '', '', 'KRAFT', '', '640*1047', 'NA', '', '', '', '', '', 3, NULL),
(7527, 7469, 'PK514015EN/PK514020EN (EATON)', '', '', '', 'KRAFT', '', '', 'KRAFT', '', '576*978', 'NA', '', '', '', '', '', 3, NULL),
(7528, 7470, 'Fragile up  box', '', '', '', 'NEGRO', '', '', 'NEGRO', '', '1086*838', 'N/A', '', '', '', '', '', 3, NULL),
(7529, 7471, 'PK517096ML', '', '', '', 'KRAFT', '', '', 'KRAFT', '', '822*855', 'N/A', '', '', '', '', '', 3, NULL),
(7530, 7472, 'PK 76637', '', '', '', 'KRAFT', '', '', 'KRAFT', '', '315*726', 'NA', '', '', '', '', '', 3, NULL),
(7531, 7473, 'MAY68748002', '', '', '', 'KRAFT', '', '', 'KRAFT', '', '1050*1080', 'N/A', '', '', '42*33*33', '', '', 3, NULL),
(7532, 7474, 'MAY68749001', '', '', '', 'KRAFT', '', '', 'KRAFT', '', '905*2150', 'N/A', '', '', '42*26*33', '', '', 3, NULL),
(7533, 7475, 'PK514021EN/PK514022EN', '', '', '', 'KRAFT', '', '', 'KRAFT', '', '1110*640', 'NA', '', '', '34*26*26', '', '', 3, NULL),
(7534, 7476, 'PK517063EN(EATON)', '', '', '', 'KRAFT', '', '', 'KRAFT', '', '757*1241', '33*26*33', '', '', '', '', '', 3, NULL),
(7535, 7477, 'PK517062EN (EATON)', '', '', '', 'KRAFT', '', '', 'KRAFT', '', '668*621', 'NA', '', '', '', '', '', 3, NULL),
(7536, 7478, 'MAY68749101', '', '', '', 'KRAFT', '', '', 'KRAFT', '', '760*870', 'N/A', '', '', '33*26*33', '', '', 3, NULL),
(7537, 7479, 'PK517029EN (EATON)', '', '', '', 'KRAFT', '', '', 'KRAFT', '', '550*590', 'NA', '', '', '', '', '', 3, NULL),
(7538, 7480, ' PK514015EN', '', '', '', 'KRAFT', '', '', 'KRAFT', '', '1040*576', 'NA', '', '', '34*26*26', '', '', 3, NULL),
(7539, 7481, 'PK517061EN (EATON)', '', '', '', 'KRAFT', '', '', 'KRAFT', '', '635*505', 'NO', '', '', '', '', '', 3, NULL),
(7540, 7482, 'PK517027EN', '', '', '', 'KRAFT', '', '', 'KRAFT', '', '480*515', '0', '', '', '', '', '', 3, NULL),
(7541, 7483, 'lg 32', '', '', '', 'YELOW', '', '', 'YELOW', '', '690*2000', '0', '', '', '', '', '', 3, NULL),
(7542, 7484, 'LG CHICAGO', '', '', '', 'Kraft', '', '', 'Kraft', '', '1200*2400', 'NA', '', '', '', '', '', 3, NULL),
(7543, 7485, 'PK520141ML (EATON)', '', '', '', 'KRAFT', '', '', 'KRAFT', '', '718*2310', '272*174*272', '', '', '', '', '', 3, NULL),
(7544, 7486, 'PK517094ML', '', '', '', 'KRAFT', '', '', 'KRAFT', '', '580*2264', '193*194*193', '', '', '', '', '', 3, NULL),
(7545, 7487, 'PK517025EN (EATON)', '', '', '', 'KRAFT', '', '', 'KRAFT', '', '540*2262', '187*167*187', '', '', '', '', '', 3, NULL),
(7546, 7488, '76665 (EATON)', '', '', '', 'KRAFT', '', '', 'KRAFT', '', '778*2240', '233*312*233', '', '', '', '', '', 3, NULL),
(7547, 7489, 'SIZE 415*2250/BX-HD-DBL', '', '', '', 'YELL', '', '', 'YELL', '', '415*2260', 'N/A', '', '', '', '', '', 3, NULL),
(7548, 7490, 'CMPM-C001', '', '', '', 'KRAFT', '', '', 'KRAFT', '', '766*2206', 'N/A', '', '', '42*40*42', '', '', 3, NULL),
(7549, 7491, 'Z827151-1 (BAG SIZE)', '', '', '', 'KRAFT', '', '', 'KRAFT', '', '907*2190', '206*495*206', '', '', '', '', '', 3, NULL),
(7550, 7492, 'JM-782-2207', '', '', '', 'KRAFT', '', '', 'KRAFT', '', '782*2221', '233*316*233', '', '', '', '', '', 3, NULL),
(7551, 7493, 'Caja de carton', '', '', '', 'KRAFT', '', '', 'KRAFT', '', '765*2206', 'SI', '', '', '', '', '', 3, NULL),
(7552, 7494, 'SEPARADOR 1,2 (DISPLAY)', '', '', '', 'KFRAT', '', '', 'KFRAT', '', '1168*2190', 'NO', '', '', '', '', '', 3, NULL),
(7553, 7495, 'PK526329ML', '', '', '', 'Kraft', '', '', 'Kraft', '', '616*2180', 'YES', '', '', '', '', '', 3, NULL),
(7554, 7705, 'E750RICATLA560WH6930-4PK LITHO BACK (EATON)', '', '', '', '', '', '', '', '', 'BACK', '1.0', '', '', '', NULL, NULL, 3, '2019-12-01 17:51:55'),
(7555, 7548, 'PK517021EN (EATON)', '', '', '', '', '', '', '', '', '', '', '', '', '', NULL, NULL, 10, '2019-12-01 18:14:17'),
(7556, 7496, 'ACE BOX 24´´', '', '', '', '', '', '', '', '', '', '', '', '', '', NULL, NULL, 10, '2019-12-01 18:19:17'),
(7557, 7499, 'PK518248ML', '', '', '', '', '', '', '', '', '', '', '', '', '', NULL, NULL, 10, '2019-12-01 18:21:28'),
(7558, 7533, 'PK518549ML', '', '', '', '', '', '', '', '', '', '', '', '', '', NULL, NULL, 10, '2019-12-01 18:23:13'),
(7559, 7541, 'CTN160986', '', '', '', '', '', '', '', '', '', '', '', '', '', NULL, NULL, 10, '2019-12-01 18:24:59'),
(7560, 7578, '78754CTN', '', '', '', '', '', '', '', '', '', '', '', '', '', NULL, NULL, 10, '2019-12-01 18:26:28'),
(7561, 7583, 'SEPARADOR 1 y 2', '', '', '', '', '', '', '', '', '', '', '', '', '', NULL, NULL, 10, '2019-12-01 18:28:28'),
(7562, 7593, 'MAY67089302', '', '', '', '', '', '', '', '', '', '', '', '', '', NULL, NULL, 10, '2019-12-01 18:29:29'),
(7563, 7610, 'PK514023EN/PK514028EN (EATON)', '', '', '', '', '', '', '', '', '', '', '', '', '', NULL, NULL, 10, '2019-12-01 18:30:43'),
(7564, 7611, 'PK514079EN', '', '', '', '', '', '', '', '', '', '', '', '', '', NULL, NULL, 10, '2019-12-01 18:32:45'),
(7565, 7617, 'MAY67503201 /MAY67569001 /MAY67413702/ MAY67413701/ MAY67429501/ MAY66148402/ MAY67895502/ MAY67852902 /MAY67852904/ MAY67852909/ MAY67654302/ MAY67654301', '', '', '', '', '', '', '', '', '', '', '', '', '', NULL, NULL, 10, '2019-12-01 18:33:59'),
(7566, 7624, 'CLP0011037I', '', '', '', '', '', '', '', '', '', '', '', '', '', NULL, NULL, 10, '2019-12-01 18:35:15'),
(7567, 7626, 'MAY67868203/MAY67868201/MAY67868202', '', '', '', '', '', '', '', '', '', '', '', '', '', NULL, NULL, 10, '2019-12-01 18:38:43'),
(7568, 7629, 'MAY67248701 /66951701 /67478803 /67453604 67434301/67456002', '', '', '', '', '', '', '', '', '', '', '', '', '', NULL, NULL, 10, '2019-12-01 18:40:02'),
(7569, 7630, 'MAY69332302', '', '', '', '', '', '', '', '', '', '', '', '', '', NULL, NULL, 10, '2019-12-01 18:41:10'),
(7570, 7637, 'MAY67712303', '', '', '', '', '', '', '', '', '', '', '', '', '', NULL, NULL, 10, '2019-12-01 18:42:16'),
(7571, 7639, 'MAY67127901', '', '', '', '', '', '', '', '', '', '', '', '', '', NULL, NULL, 10, '2019-12-01 18:43:45'),
(7572, 7642, 'MAY66269802', '', '', '', '', '', '', '', '', '', '', '', '', '', NULL, NULL, 10, '2019-12-01 18:45:21'),
(7573, 7644, 'MAY67478804/67459103/67713004/67713007/67450501', '', '', '', '', '', '', '', '', '', '', '', '', '', NULL, NULL, 10, '2019-12-01 18:46:43'),
(7574, 7646, 'MAY67098302', '', '', '', '', '', '', '', '', '', '', '', '', '', NULL, NULL, 10, '2019-12-01 18:48:24'),
(7575, 7647, 'MAY67098301 /MAY66389402 /MAY67434201', '', '', '', '', '', '', '', '', '', '', '', '', '', NULL, NULL, 10, '2019-12-01 18:50:29'),
(7576, 7648, 'MAY67269901/MAY669713001', '', '', '', '', '', '', '', '', '', '', '', '', '', NULL, NULL, 10, '2019-12-01 18:51:46'),
(7577, 7659, 'MAY69333701', '', '', '', '', '', '', '', '', '', '', '', '', '', NULL, NULL, 10, '2019-12-01 18:53:08'),
(7578, 7660, 'MAY69307901/ MAY69353101/ MAY69332601/ MAY69333701/ MAY69374701', '', '', '', '', '', '', '', '', '', '', '', '', '', NULL, NULL, 10, '2019-12-01 18:54:29'),
(7579, 7661, '49UM69', '', '', '', '', '', '', '', '', '', '', '', '', '', NULL, NULL, 10, '2019-12-01 18:55:40'),
(7580, 7663, 'MAY68452601/ MAY68452602', '', '', '', '', '', '', '', '', '', '', '', '', '', NULL, NULL, 10, '2019-12-01 18:56:54'),
(7581, 7666, 'MAY69373701', '', '', '', '', '', '', '', '', '', '', '', '', '', NULL, NULL, 10, '2019-12-01 18:58:07'),
(7582, 7669, 'MAY67313402-68452301-68452401-68509301-68497101-68490004-68493603-68467903-68470105-68464401-68447703-68589801-68650601- 68649204-68748701-68808201', '', '', '', '', '', '', '', '', '', '', '', '', '', NULL, NULL, 10, '2019-12-01 18:59:28'),
(7583, 7683, 'MAY67307703/MAY67328203', '', '', '', '', '', '', '', '', '', '', '', '', '', NULL, NULL, 10, '2019-12-01 19:00:54'),
(7584, 7687, 'MAY69333503', '', '', '', '', '', '', '', '', '', '', '', '', '', NULL, NULL, 10, '2019-12-01 19:02:21'),
(7585, 7688, '49LT340H0UA', '', '', '', '', '', '', '', '', '', '', '', '', '', NULL, NULL, 10, '2019-12-01 19:03:26'),
(7586, 7689, 'MAY67899401/67897701', '', '', '', '', '', '', '', '', '', '', '', '', '', NULL, NULL, 10, '2019-12-01 19:04:41');
INSERT INTO `tblmodelo` (`idmodelo`, `idparte`, `descripcion`, `nombrehoja`, `customer`, `fulloneimpresion`, `colorlinea`, `diucutno`, `platonumero`, `color`, `blanksize`, `sheetsize`, `score`, `normascompartidas`, `salida`, `combinacion`, `lithoname`, `comment`, `idusuario`, `fecharegistro`) VALUES
(7587, 7693, 'MAY67894402', '', '', '', '', '', '', '', '', '', '', '', '', '', NULL, NULL, 10, '2019-12-01 19:06:01'),
(7588, 7694, 'MAY69374303', '', '', '', '', '', '', '', '', '', '', '', '', '', NULL, NULL, 10, '2019-12-01 19:07:17'),
(7589, 7697, 'SIZE 725*2460/', '', '', '', '', '', '', '', '', '', '', '', '', '', NULL, NULL, 10, '2019-12-01 19:08:59'),
(7590, 7698, 'TCL32D1560 (olimpo)/ ATV-32SM-76-581050-0ATT3', '', '', '', '', '', '', '', '', '', '', '', '', '', NULL, NULL, 10, '2019-12-01 19:14:54'),
(7591, 7706, '28LM430B-PU', '', '', '', '', '', '', '', '', '', '', '', '', '', NULL, NULL, 3, '2019-12-01 21:44:05'),
(7592, 7407, '28TL525S', '', '', '', '', '', '', '', '', '', '', '', '', '', NULL, NULL, 3, '2019-12-01 21:47:40'),
(7593, 7249, '24BL650C', '', '', '', '', '', '', '', '', '', '', '', '', '', NULL, NULL, 3, '2019-12-01 21:47:40'),
(7594, 7239, '24BL450', '', '', '', '', '', '', '', '', '', '', '', '', '', NULL, NULL, 3, '2019-12-01 21:47:41'),
(7595, 7250, '27BL650C', '', '', '', '', '', '', '', '', '', '', '', '', '', NULL, NULL, 3, '2019-12-01 21:47:41'),
(7596, 7240, '27BL450', '', '', '', '', '', '', '', '', '', '', '', '', '', NULL, NULL, 3, '2019-12-01 21:47:41'),
(7597, 7146, '24LM520S-W', '', '', '', '', '', '', '', '', '', '', '', '', '', NULL, NULL, 3, '2019-12-01 21:47:41'),
(7598, 7142, '24LM520D-WU', '', '', '', '', '', '', '', '', '', '', '', '', '', NULL, NULL, 3, '2019-12-01 21:47:41'),
(7599, 7101, '28TL430D', '', '', '', '', '', '', '', '', '', '', '', '', '', NULL, NULL, 3, '2019-12-01 21:47:41'),
(7600, 7238, '22BL450', '', '', '', '', '', '', '', '', '', '', '', '', '', NULL, NULL, 3, '2019-12-01 21:47:41'),
(7601, 7406, '27BL55U', '', '', '', '', '', '', '', '', '', '', '', '', '', NULL, NULL, 3, '2019-12-01 21:47:41'),
(7602, 7425, '24MD4KL', '', '', '', '', '', '', '', '', '', '', '', '', '', NULL, NULL, 3, '2019-12-01 21:47:41'),
(7603, 7423, '24MD4KL FRONT END', '', '', '', '', '', '', '', '', '', '', '', '', '', NULL, NULL, 3, '2019-12-01 21:47:41'),
(7604, 7424, '27MD5KL FRONT END ', '', '', '', '', '', '', '', '', '', '', '', '', '', NULL, NULL, 3, '2019-12-01 21:47:41'),
(7605, 7192, '24TL520V', '', '', '', '', '', '', '', '', '', '', '', '', '', NULL, NULL, 3, '2019-12-01 21:47:41'),
(7606, 7100, '24TL520D', '', '', '', '', '', '', '', '', '', '', '', '', '', NULL, NULL, 3, '2019-12-01 21:47:41'),
(7607, 7191, '24TL520A', '', '', '', '', '', '', '', '', '', '', '', '', '', NULL, NULL, 3, '2019-12-01 21:47:42'),
(7608, 7127, '27BK430', '', '', '', '', '', '', '', '', '', '', '', '', '', NULL, NULL, 3, '2019-12-01 21:47:42'),
(7609, 7163, '24TK410D', '', '', '', '', '', '', '', '', '', '', '', '', '', NULL, NULL, 3, '2019-12-01 21:47:42'),
(7610, 7124, '28LK430B', '', '', '', '', '', '', '', '', '', '', '', '', '', NULL, NULL, 3, '2019-12-01 21:47:42'),
(7611, 7154, '32MU59', '', '', '', '', '', '', '', '', '', '', '', '', '', NULL, NULL, 3, '2019-12-01 21:47:42'),
(7612, 7152, '43UM79', '', '', '', '', '', '', '', '', '', '', '', '', '', NULL, NULL, 3, '2019-12-01 21:47:42'),
(7613, 7185, '24LJ4540-W', '', '', '', '', '', '', '', '', '', '', '', '', '', NULL, NULL, 3, '2019-12-01 21:47:42'),
(7614, 7215, '24LJ4540', '', '', '', '', '', '', '', '', '', '', '', '', '', NULL, NULL, 3, '2019-12-01 21:47:42'),
(7615, 7104, '22LJ4540', '', '', '', '', '', '', '', '', '', '', '', '', '', NULL, NULL, 3, '2019-12-01 21:47:42'),
(7616, 7126, '27BK55', '', '', '', '', '', '', '', '', '', '', '', '', '', NULL, NULL, 3, '2019-12-01 21:47:42'),
(7617, 7141, '24BK55', '', '', '', '', '', '', '', '', '', '', '', '', '', NULL, NULL, 3, '2019-12-01 21:47:42'),
(7618, 7175, '20MT49', '', '', '', '', '', '', '', '', '', '', '', '', '', NULL, NULL, 3, '2019-12-01 21:47:43'),
(7619, 7426, '27MD5KL ', '', '', '', '', '', '', '', '', '', '', '', '', '', NULL, NULL, 3, '2019-12-01 21:47:43'),
(7620, 7247, 'PAD', '', '', '', '', '', '', '', '', '', '', '', '', '', NULL, NULL, 3, '2019-12-01 21:47:43'),
(7621, 7176, '24LH4830', '', '', '', '', '', '', '', '', '', '', '', '', '', NULL, NULL, 3, '2019-12-01 21:47:43'),
(7622, 7130, '49SE3B', '', '', '', '', '', '', '', '', '', '', '', '', '', NULL, NULL, 3, '2019-12-01 21:47:43'),
(7623, 7102, '22MB35', '', '', '', '', '', '', '', '', '', '', '', '', '', NULL, NULL, 3, '2019-12-01 21:47:43'),
(7624, 7107, '24MB35P', '', '', '', '', '', '', '', '', '', '', '', '', '', NULL, NULL, 3, '2019-12-01 21:47:43'),
(7625, 7111, '23CAV42', '', '', '', '', '', '', '', '', '', '', '', '', '', NULL, NULL, 3, '2019-12-01 21:47:43'),
(7627, 7118, '49UM71', '', '', '', '', '', '', '', '', '', '', '', '', '', NULL, NULL, 3, '2019-12-01 21:47:43'),
(7631, 7151, '43UT570HOUA', '', '', '', '', '', '', '', '', '', '', '', '', '', NULL, NULL, 3, '2019-12-01 21:47:44'),
(7632, 7173, '49UM69', '', '', '', '', '', '', '', '', '', '', '', '', '', NULL, NULL, 3, '2019-12-01 21:47:44'),
(7633, 7172, '49UM69', '', '', '', '', '', '', '', '', '', '', '', '', '', NULL, NULL, 3, '2019-12-01 21:47:44'),
(7634, 7144, '43UM73', '', '', '', '', '', '', '', '', '', '', '', '', '', NULL, NULL, 3, '2019-12-01 21:47:44'),
(7635, 7254, '32LM50', '', '', '', '', '', '', '', '', '', '', '', '', '', NULL, NULL, 3, '2019-12-01 21:47:44'),
(7636, 7115, '49UM73', '', '', '', '', '', '', '', '', '', '', '', '', '', NULL, NULL, 3, '2019-12-01 21:47:44'),
(7637, 7137, '49UM73', '', '', '', '', '', '', '', '', '', '', '', '', '', NULL, NULL, 3, '2019-12-01 21:47:44'),
(7638, 7196, '32LM630', '', '', '', '', '', '', '', '', '', '', '', '', '', NULL, NULL, 3, '2019-12-01 21:47:44'),
(7639, 7117, '49SM86 ', '', '', '', '', '', '', '', '', '', '', '', '', '', NULL, NULL, 3, '2019-12-01 21:47:44'),
(7640, 7194, '49UM7300', '', '', '', '', '', '', '', NULL, NULL, NULL, '', '', '', NULL, NULL, 3, '2019-12-01 23:19:12'),
(7642, 7251, '49UT761UH', '', '', '', '', '', '', '', '', '', '', '', '', '', NULL, NULL, 3, '2019-12-01 21:47:45'),
(7644, 7188, '32LM62', '', '', '', '', '', '', '', '', '', '', '', '', '', NULL, NULL, 3, '2019-12-01 21:47:45'),
(7645, 7199, '32LM570BPUA', '', '', '', '', '', '', '', '', '', '', '', '', '', NULL, NULL, 3, '2019-12-01 21:47:45'),
(7646, 7159, '43LM63', '', '', '', '', '', '', '', '', '', '', '', '', '', NULL, NULL, 3, '2019-12-01 21:47:45'),
(7647, 7110, '43UM71', '', '', '', '', '', '', '', '', '', '', '', '', '', NULL, NULL, 3, '2019-12-01 21:47:45'),
(7648, 7198, '43UM73', '', '', '', '', '', '', '', '', '', '', '', '', '', NULL, NULL, 3, '2019-12-01 21:47:45'),
(7649, 7156, '43ML57', '', '', '', '', '', '', '', '', '', '', '', '', '', NULL, NULL, 3, '2019-12-01 21:47:45'),
(7650, 7234, '50UM73', '', '', '', '', '', '', '', '', '', '', '', '', '', NULL, NULL, 3, '2019-12-01 21:47:45'),
(7651, 7180, '43UK62', '', '', '', '', '', '', '', '', '', '', '', '', '', NULL, NULL, 3, '2019-12-01 21:47:45'),
(7652, 7132, '50 LCD SVC', '', '', '', '', '', '', '', '', '', '', '', '', '', NULL, NULL, 3, '2019-12-01 21:47:45'),
(7653, 7129, '42 LCD SVC', '', '', '', '', '', '', '', '', '', '', '', '', '', NULL, NULL, 3, '2019-12-01 21:47:45'),
(7654, 7103, '49LK57', '', '', '', '', '', '', '', '', '', '', '', '', '', NULL, NULL, 3, '2019-12-01 21:47:45'),
(7655, 7135, '43LU340C', '', '', '', '', '', '', '', '', '', '', '', '', '', NULL, NULL, 3, '2019-12-01 21:47:46'),
(7656, 7149, '43LK61', '', '', '', '', '', '', '', '', '', '', '', '', '', NULL, NULL, 3, '2019-12-01 21:47:46'),
(7657, 7189, '49LT340H0UA', '', '', '', '', '', '', '', '', '', '', '', '', '', NULL, NULL, 3, '2019-12-01 21:47:46'),
(7658, 7139, '49LT340C0UB', '', '', '', '', '', '', '', '', '', '', '', '', '', NULL, NULL, 3, '2019-12-01 21:47:46'),
(7659, 7195, '32LJ51', '', '', '', '', '', '', '', '', '', '', '', '', '', NULL, NULL, 3, '2019-12-01 21:47:46'),
(7660, 7214, '32LJ61', '', '', '', '', '', '', '', '', '', '', '', '', '', NULL, NULL, 3, '2019-12-01 21:47:46'),
(7661, 7197, '43LH65', '', '', '', '', '', '', '', '', '', '', '', '', '', NULL, NULL, 3, '2019-12-01 21:47:46'),
(7662, 7209, '43LH65', '', '', '', '', '', '', '', '', '', '', '', '', '', NULL, NULL, 3, '2019-12-01 21:47:46');

-- --------------------------------------------------------

--
-- Estructura de tabla para la tabla `tblproceso`
--

CREATE TABLE `tblproceso` (
  `idproceso` int(11) NOT NULL,
  `nombreproceso` varchar(200) NOT NULL,
  `activo` tinyint(4) NOT NULL,
  `idusuario` int(11) NOT NULL,
  `fecharegistro` datetime NOT NULL
) ENGINE=InnoDB DEFAULT CHARSET=latin1;

--
-- Volcado de datos para la tabla `tblproceso`
--

INSERT INTO `tblproceso` (`idproceso`, `nombreproceso`, `activo`, `idusuario`, `fecharegistro`) VALUES
(1, '1', 1, 3, '2019-11-22 00:00:00'),
(2, '2', 1, 3, '2019-11-22 21:15:20'),
(3, '3', 1, 3, '2019-11-23 15:27:09'),
(4, '4', 1, 3, '2019-11-23 15:28:01'),
(5, '5', 1, 3, '2019-11-23 15:28:28'),
(6, '6', 1, 3, '2019-11-23 15:29:08');

-- --------------------------------------------------------

--
-- Estructura de tabla para la tabla `tblrevision`
--

CREATE TABLE `tblrevision` (
  `idrevision` int(11) NOT NULL,
  `idmodelo` int(11) NOT NULL,
  `descripcion` varchar(255) DEFAULT NULL,
  `idusuario` int(11) NOT NULL,
  `fecharegistro` datetime DEFAULT NULL
) ENGINE=InnoDB DEFAULT CHARSET=latin1;

--
-- Volcado de datos para la tabla `tblrevision`
--

INSERT INTO `tblrevision` (`idrevision`, `idmodelo`, `descripcion`, `idusuario`, `fecharegistro`) VALUES
(10, 1224, 'N/A', 3, '2019-11-04 12:36:18'),
(11, 1225, 'N/A', 3, '2019-11-04 12:36:18'),
(12, 1226, 'N/A', 3, '2019-11-04 12:36:19'),
(13, 1227, 'N/A', 3, '2019-11-04 12:36:19'),
(14, 1228, 'N/A', 3, '2019-11-04 12:36:19'),
(15, 1229, 'N/A', 3, '2019-11-04 12:36:19'),
(16, 1230, 'N/A', 3, '2019-11-04 12:36:19'),
(17, 1231, 'N/A', 3, '2019-11-04 12:36:19'),
(18, 1232, 'N/A', 3, '2019-11-04 12:36:19'),
(19, 1233, 'N/A', 3, '2019-11-04 12:36:19'),
(20, 1234, 'N/A', 3, '2019-11-04 12:36:20'),
(21, 1235, 'N/A', 3, '2019-11-04 12:36:20'),
(22, 1236, 'N/A', 3, '2019-11-04 12:36:20'),
(23, 1237, 'N/A', 3, '2019-11-04 12:36:20'),
(24, 1238, 'N/A', 3, '2019-11-04 12:36:20'),
(25, 1239, 'N/A', 3, '2019-11-04 12:36:20'),
(26, 1240, 'N/A', 3, '2019-11-04 12:36:20'),
(27, 1241, 'n/a', 3, '2019-11-04 12:36:20'),
(28, 1242, 'n/a', 3, '2019-11-04 12:36:20'),
(29, 1243, 'n/a', 3, '2019-11-04 12:36:20'),
(30, 1244, 'n/a', 3, '2019-11-04 12:36:20'),
(31, 1245, 'n/a', 3, '2019-11-04 12:36:21'),
(32, 1246, 'n/a', 3, '2019-11-04 12:36:21'),
(33, 1247, 'n/a', 3, '2019-11-04 12:36:21'),
(34, 1248, 'n/a', 3, '2019-11-04 12:36:21'),
(35, 1249, 'N/A', 3, '2019-11-04 12:36:21'),
(36, 1250, 'N/A', 3, '2019-11-04 12:36:21'),
(37, 1251, 'N/A', 3, '2019-11-04 12:36:21'),
(38, 1252, 'N/A', 3, '2019-11-04 12:36:21'),
(39, 1253, 'N/A', 3, '2019-11-04 12:36:21'),
(40, 1254, 'N/A', 3, '2019-11-04 12:36:21'),
(41, 1255, 'N/A', 3, '2019-11-04 12:36:21'),
(42, 1256, 'N/A', 3, '2019-11-04 12:36:22'),
(43, 1257, 'N/A', 3, '2019-11-04 12:36:22'),
(44, 1258, 'n/a', 3, '2019-11-04 12:36:22'),
(45, 1259, 'n/a', 3, '2019-11-04 12:36:22'),
(46, 1260, 'n/a', 3, '2019-11-04 12:36:22'),
(47, 1261, 'n/a', 3, '2019-11-04 12:36:22'),
(48, 1262, 'n/a', 3, '2019-11-04 12:36:22'),
(49, 1263, 'n/a', 3, '2019-11-04 12:36:22'),
(50, 1264, 'n/a', 3, '2019-11-04 12:36:22'),
(51, 1265, 'n/a', 3, '2019-11-04 12:36:22'),
(52, 1266, 'n/a', 3, '2019-11-04 12:36:22'),
(53, 1267, 'n/a', 3, '2019-11-04 12:36:22'),
(54, 1268, 'n/a', 3, '2019-11-04 12:36:22'),
(55, 1269, 'n/a', 3, '2019-11-04 12:36:23'),
(56, 1270, 'n/a', 3, '2019-11-04 12:36:23'),
(57, 1271, 'n/a', 3, '2019-11-04 12:36:23'),
(58, 1272, 'n/a', 3, '2019-11-04 12:36:23'),
(59, 1273, 'n/a', 3, '2019-11-04 12:36:23'),
(60, 1274, 'n/a', 3, '2019-11-04 12:36:23'),
(61, 1275, 'n/a', 3, '2019-11-04 12:36:23'),
(62, 1276, 'n/a', 3, '2019-11-04 12:36:23'),
(63, 1277, 'n/a', 3, '2019-11-04 12:36:23'),
(64, 1278, 'n/a', 3, '2019-11-04 12:36:23'),
(65, 1279, 'n/a', 3, '2019-11-04 12:36:24'),
(66, 1280, 'n/a', 3, '2019-11-04 12:36:24'),
(67, 1281, 'n/a', 3, '2019-11-04 12:36:24'),
(68, 1282, 'n/a', 3, '2019-11-04 12:36:24'),
(69, 1283, 'n/a', 3, '2019-11-04 12:36:24'),
(70, 1284, 'n/a', 3, '2019-11-04 12:36:24'),
(71, 1285, 'n/a', 3, '2019-11-04 12:36:24'),
(72, 1286, 'n/a', 3, '2019-11-04 12:36:24'),
(73, 1287, 'n/a', 3, '2019-11-04 12:36:24'),
(74, 1288, 'n/a', 3, '2019-11-04 12:36:24'),
(75, 1289, 'n/a', 3, '2019-11-04 12:36:24'),
(76, 1290, 'n/a', 3, '2019-11-04 12:36:24'),
(77, 1291, 'n/a', 3, '2019-11-04 12:36:25'),
(78, 1292, 'n/a', 3, '2019-11-04 12:36:25'),
(79, 1293, 'n/a', 3, '2019-11-04 12:36:25'),
(80, 1294, 'n/a', 3, '2019-11-04 12:36:25'),
(81, 1295, 'n/a', 3, '2019-11-04 12:36:25'),
(82, 1296, 'n/a', 3, '2019-11-04 12:36:25'),
(83, 1297, 'n/a', 3, '2019-11-04 12:36:25'),
(84, 1298, 'n/a', 3, '2019-11-04 12:36:25'),
(85, 1299, 'n/a', 3, '2019-11-04 12:36:25'),
(86, 1300, 'n/a', 3, '2019-11-04 12:36:25'),
(87, 1301, 'n/a', 3, '2019-11-04 12:36:25'),
(88, 1302, 'n/a', 3, '2019-11-04 12:36:26'),
(89, 1303, 'n/a', 3, '2019-11-04 12:36:26'),
(90, 1304, 'n/a', 3, '2019-11-04 12:36:26'),
(91, 1305, 'n/a', 3, '2019-11-04 12:36:26'),
(92, 1306, 'n/a', 3, '2019-11-04 12:36:26'),
(93, 1307, 'n/a', 3, '2019-11-04 12:36:26'),
(94, 1308, 'n/a', 3, '2019-11-04 12:36:26'),
(95, 1309, 'n/a', 3, '2019-11-04 12:36:26'),
(96, 1310, 'n/a', 3, '2019-11-04 12:36:26'),
(97, 1311, 'n/a', 3, '2019-11-04 12:36:26'),
(98, 1312, 'n/a', 3, '2019-11-04 12:36:26'),
(99, 1313, 'n/a', 3, '2019-11-04 12:36:26'),
(100, 1314, 'n/a', 3, '2019-11-04 12:36:26'),
(101, 1315, 'n/a', 3, '2019-11-04 12:36:27'),
(102, 1316, 'n/a', 3, '2019-11-04 12:36:27'),
(103, 1317, 'n/a', 3, '2019-11-04 12:36:27'),
(104, 1318, 'n/a', 3, '2019-11-04 12:36:27'),
(105, 1319, 'n/a', 3, '2019-11-04 12:36:27'),
(106, 1320, 'n/a', 3, '2019-11-04 12:36:27'),
(107, 1321, 'n/a', 3, '2019-11-04 12:36:27'),
(108, 1322, 'N/A', 3, '2019-11-04 12:36:27'),
(109, 1323, 'N/A', 3, '2019-11-04 12:36:28'),
(110, 1324, 'N/A', 3, '2019-11-04 12:36:28'),
(111, 1325, 'N/A', 3, '2019-11-04 12:36:28'),
(112, 1326, 'N/A', 3, '2019-11-04 12:36:28'),
(113, 1327, 'N/A', 3, '2019-11-04 12:36:28'),
(114, 1328, 'N/A', 3, '2019-11-04 12:36:28'),
(115, 1329, 'N/A', 3, '2019-11-04 12:36:28'),
(116, 1330, 'N/A', 3, '2019-11-04 12:36:28'),
(117, 1331, 'N/A', 3, '2019-11-04 12:36:28'),
(118, 1332, 'N/A', 3, '2019-11-04 12:36:28'),
(119, 1333, 'N/A', 3, '2019-11-04 12:36:28'),
(120, 1334, 'N/A', 3, '2019-11-04 12:36:29'),
(121, 1335, 'N/A', 3, '2019-11-04 12:36:29'),
(122, 1336, 'N/A', 3, '2019-11-04 12:36:29'),
(123, 1337, 'N/A', 3, '2019-11-04 12:36:29'),
(124, 1338, 'N/A', 3, '2019-11-04 12:36:29'),
(125, 1339, 'N/A', 3, '2019-11-04 12:36:29'),
(126, 1340, 'N/A', 3, '2019-11-04 12:36:29'),
(127, 1341, 'N/A', 3, '2019-11-04 12:36:29'),
(128, 1342, 'N/A', 3, '2019-11-04 12:36:29'),
(129, 1343, 'N/A', 3, '2019-11-04 12:36:29'),
(130, 1344, 'N/A', 3, '2019-11-04 12:36:30'),
(131, 1345, 'N/A', 3, '2019-11-04 12:36:30'),
(132, 1346, 'N/A', 3, '2019-11-04 12:36:30'),
(133, 1347, 'N/A', 3, '2019-11-04 12:36:30'),
(134, 1348, 'N/A', 3, '2019-11-04 12:36:30'),
(135, 1349, 'N/A', 3, '2019-11-04 12:36:30'),
(136, 1350, 'N/A', 3, '2019-11-04 12:36:30'),
(137, 1351, 'N/A', 3, '2019-11-04 12:36:30'),
(138, 1352, 'N/A', 3, '2019-11-04 12:36:31'),
(139, 1353, 'N/A', 3, '2019-11-04 12:36:31'),
(140, 1354, 'N/A', 3, '2019-11-04 12:36:31'),
(141, 1355, 'N/A', 3, '2019-11-04 12:36:31'),
(142, 1356, 'N/A', 3, '2019-11-04 12:36:31'),
(143, 1357, 'N/A', 3, '2019-11-04 12:36:31'),
(144, 1358, 'N/A', 3, '2019-11-04 12:36:31'),
(145, 1359, 'N/A', 3, '2019-11-04 12:36:31'),
(146, 1360, 'N/A', 3, '2019-11-04 12:36:31'),
(147, 1361, 'N/A', 3, '2019-11-04 12:36:31'),
(148, 1362, 'N/A', 3, '2019-11-04 12:36:31'),
(149, 1363, 'n/a', 3, '2019-11-04 12:36:32'),
(150, 1364, 'n/a', 3, '2019-11-04 12:36:32'),
(151, 1365, 'n/a', 3, '2019-11-04 12:36:32'),
(152, 1366, 'n/a', 3, '2019-11-04 12:36:32'),
(153, 1367, 'n/a', 3, '2019-11-04 12:36:32'),
(154, 1368, 'n/a', 3, '2019-11-04 12:36:32'),
(155, 1369, 'n/a', 3, '2019-11-04 12:36:32'),
(156, 1370, 'n/a', 3, '2019-11-04 12:36:32'),
(157, 1371, 'n/a', 3, '2019-11-04 12:36:32'),
(158, 1372, 'n/a', 3, '2019-11-04 12:36:32'),
(159, 1373, 'n/a', 3, '2019-11-04 12:36:32'),
(160, 1374, 'n/a', 3, '2019-11-04 12:36:33'),
(161, 1375, 'n/a', 3, '2019-11-04 12:36:33'),
(162, 1376, 'n/a', 3, '2019-11-04 12:36:33'),
(163, 1377, 'n/a', 3, '2019-11-04 12:36:33'),
(164, 1378, 'n/a', 3, '2019-11-04 12:36:33'),
(165, 1379, 'n/a', 3, '2019-11-04 12:36:33'),
(166, 1380, 'n/a', 3, '2019-11-04 12:36:33'),
(167, 1381, 'n/a', 3, '2019-11-04 12:36:33'),
(168, 1382, 'n/a', 3, '2019-11-04 12:36:34'),
(169, 1383, 'n/a', 3, '2019-11-04 12:36:34'),
(170, 1384, 'n/a', 3, '2019-11-04 12:36:34'),
(171, 1385, 'n/a', 3, '2019-11-04 12:36:34'),
(172, 1386, 'n/a', 3, '2019-11-04 12:36:34'),
(173, 1387, 'n/a', 3, '2019-11-04 12:36:34'),
(174, 1388, 'n/a', 3, '2019-11-04 12:36:34'),
(175, 1389, 'n/a', 3, '2019-11-04 12:36:34'),
(176, 1390, 'n/a', 3, '2019-11-04 12:36:34'),
(177, 1391, 'n/a', 3, '2019-11-04 12:36:34'),
(178, 1392, 'n/a', 3, '2019-11-04 12:36:35'),
(179, 1393, 'n/a', 3, '2019-11-04 12:36:35'),
(180, 1394, 'n/a', 3, '2019-11-04 12:36:35'),
(181, 1395, 'n/a', 3, '2019-11-04 12:36:35'),
(182, 1396, 'n/a', 3, '2019-11-04 12:36:35'),
(183, 1397, 'n/a', 3, '2019-11-04 12:36:35'),
(184, 1398, 'n/a', 3, '2019-11-04 12:36:35'),
(185, 1399, 'n/a', 3, '2019-11-04 12:36:35'),
(186, 1400, 'n/a', 3, '2019-11-04 12:36:35'),
(187, 1401, 'n/a', 3, '2019-11-04 12:36:36'),
(188, 1402, 'n/a', 3, '2019-11-04 12:36:36'),
(189, 1403, 'n/a', 3, '2019-11-04 12:36:36'),
(190, 1404, 'n/a', 3, '2019-11-04 12:36:36'),
(191, 1405, 'N/A', 3, '2019-11-04 12:36:36'),
(192, 1406, 'N/A', 3, '2019-11-04 12:36:36'),
(193, 1407, 'N/A', 3, '2019-11-04 12:36:36'),
(194, 1408, 'N/A', 3, '2019-11-04 12:36:36'),
(195, 1409, 'N/A', 3, '2019-11-04 12:36:37'),
(196, 1410, 'N/A', 3, '2019-11-04 12:36:37'),
(197, 1411, 'N/A', 3, '2019-11-04 12:36:37'),
(198, 1412, 'N/A', 3, '2019-11-04 12:36:37'),
(199, 1413, 'N/A', 3, '2019-11-04 12:36:37'),
(200, 1414, 'N/A', 3, '2019-11-04 12:36:37'),
(201, 1415, 'N/A', 3, '2019-11-04 12:36:37'),
(202, 1416, 'N/A', 3, '2019-11-04 12:36:37'),
(203, 1417, 'N/A', 3, '2019-11-04 12:36:37'),
(204, 1418, 'N/A', 3, '2019-11-04 12:36:38'),
(205, 1419, 'N/A', 3, '2019-11-04 12:36:38'),
(206, 1420, 'N/A', 3, '2019-11-04 12:36:38'),
(207, 1421, 'N/A', 3, '2019-11-04 12:36:38'),
(208, 1422, 'N/A', 3, '2019-11-04 12:36:38'),
(209, 1423, 'N/A', 3, '2019-11-04 12:36:38'),
(210, 1424, 'N/A', 3, '2019-11-04 12:36:38'),
(211, 1425, 'N/A', 3, '2019-11-04 12:36:39'),
(212, 1426, 'N/A', 3, '2019-11-04 12:36:39'),
(213, 1427, 'N/A', 3, '2019-11-04 12:36:39'),
(214, 1428, 'N/A', 3, '2019-11-04 12:36:39'),
(215, 1429, 'N/A', 3, '2019-11-04 12:36:39'),
(216, 1430, '1.0', 3, '2019-11-04 12:36:39'),
(217, 1431, 'N/A', 3, '2019-11-04 12:36:39'),
(218, 1432, 'N/A', 3, '2019-11-04 12:36:39'),
(219, 1433, 'N/A', 3, '2019-11-04 12:36:39'),
(220, 1434, 'N/A', 3, '2019-11-04 12:36:40'),
(221, 1435, 'N/A', 3, '2019-11-04 12:36:40'),
(222, 1436, 'N/A', 3, '2019-11-04 12:36:40'),
(223, 1437, 'N/A', 3, '2019-11-04 12:36:40'),
(224, 1438, 'N/A', 3, '2019-11-04 12:36:40'),
(225, 1439, 'n/a', 3, '2019-11-04 12:36:40'),
(226, 1440, 'n/a', 3, '2019-11-04 12:36:41'),
(227, 1441, 'N/A', 3, '2019-11-04 12:36:41'),
(228, 1442, 'N/A', 3, '2019-11-04 12:36:41'),
(229, 1443, 'N/A', 3, '2019-11-04 12:36:41'),
(230, 1444, 'N/A', 3, '2019-11-04 12:36:41'),
(231, 1445, 'N/A', 3, '2019-11-04 12:36:41'),
(232, 1446, 'N/A', 3, '2019-11-04 12:36:41'),
(233, 1447, 'N/A', 3, '2019-11-04 12:36:41'),
(234, 1448, 'n/a', 3, '2019-11-04 12:36:41'),
(235, 1449, 'N/A', 3, '2019-11-04 12:36:42'),
(236, 1450, 'N/A', 3, '2019-11-04 12:36:42'),
(237, 1451, 'N/A', 3, '2019-11-04 12:36:42'),
(238, 1452, 'N/A', 3, '2019-11-04 12:36:42'),
(239, 1453, 'N/A', 3, '2019-11-04 12:36:42'),
(240, 1454, 'N/A', 3, '2019-11-04 12:36:42'),
(241, 1455, 'N/A', 3, '2019-11-04 12:36:42'),
(242, 1456, 'N/A', 3, '2019-11-04 12:36:43'),
(243, 1457, 'N/A', 3, '2019-11-04 12:36:43'),
(244, 1458, 'N/A', 3, '2019-11-04 12:36:43'),
(245, 1459, 'N/A', 3, '2019-11-04 12:36:43'),
(246, 1460, 'N/A', 3, '2019-11-04 12:36:43'),
(247, 1461, 'N/A', 3, '2019-11-04 12:36:43'),
(248, 1462, 'N/A', 3, '2019-11-04 12:36:43'),
(249, 1463, 'N/A', 3, '2019-11-04 12:36:43'),
(250, 1464, 'N/A', 3, '2019-11-04 12:36:44'),
(251, 1465, '1.0', 3, '2019-11-04 12:36:44'),
(252, 1466, '1.2', 3, '2019-11-04 12:36:44'),
(253, 1467, '1.4', 3, '2019-11-04 12:36:44'),
(254, 1468, '1.0', 3, '2019-11-04 12:36:44'),
(255, 1469, '1.1', 3, '2019-11-04 12:36:44'),
(256, 1470, '1.0', 3, '2019-11-04 12:36:44'),
(257, 1471, '1.1', 3, '2019-11-04 12:36:45'),
(258, 1472, '1.1', 3, '2019-11-04 12:36:45'),
(259, 1473, '1.3', 3, '2019-11-04 12:36:45'),
(260, 1474, '1.1', 3, '2019-11-04 12:36:45'),
(261, 1475, '1.1', 3, '2019-11-04 12:36:45'),
(262, 1476, '1.2', 3, '2019-11-04 12:36:45'),
(263, 1477, '1.1', 3, '2019-11-04 12:36:45'),
(264, 1478, '1.1', 3, '2019-11-04 12:36:45'),
(265, 1479, '1.0', 3, '2019-11-04 12:36:45'),
(266, 1480, '1.5', 3, '2019-11-04 12:36:46'),
(267, 1481, '1.1', 3, '2019-11-04 12:36:46'),
(268, 1482, '1.1', 3, '2019-11-04 12:36:46'),
(274, 1488, '1.0', 3, '2019-11-04 12:36:47'),
(275, 1489, '1.5', 3, '2019-11-04 12:36:47'),
(277, 1491, '1.0', 3, '2019-11-04 12:36:47'),
(278, 1492, '1.1', 3, '2019-11-04 12:36:47'),
(281, 1495, '1.0', 3, '2019-11-04 12:36:47'),
(282, 1496, '1.1', 3, '2019-11-04 12:36:48'),
(283, 1497, '1.1', 3, '2019-11-04 12:36:48'),
(285, 1499, '1.2', 3, '2019-11-04 12:36:48'),
(288, 1502, '1.0', 3, '2019-11-04 12:36:48'),
(289, 1503, 'N/A', 3, '2019-11-04 12:36:48'),
(290, 1504, '1.1', 3, '2019-11-04 12:36:49'),
(291, 1505, '1.1', 3, '2019-11-04 12:36:49'),
(292, 1506, '1.1', 3, '2019-11-04 12:36:49'),
(294, 1508, '1.0', 3, '2019-11-04 12:36:49'),
(297, 1511, '1.1', 3, '2019-11-04 12:36:49'),
(300, 1514, 'N/A', 3, '2019-11-04 12:36:50'),
(302, 1516, '1.1', 3, '2019-11-04 12:36:50'),
(303, 1517, '1.5', 3, '2019-11-04 12:36:50'),
(305, 1519, '1.1', 3, '2019-11-04 12:36:50'),
(307, 1521, '1.1', 3, '2019-11-04 12:36:51'),
(309, 1523, '1.0', 3, '2019-11-04 12:36:51'),
(312, 1526, '1.1', 3, '2019-11-04 12:36:51'),
(314, 1528, '1.1', 3, '2019-11-04 12:36:52'),
(316, 1530, '1.0', 3, '2019-11-04 12:36:52'),
(317, 1531, '1.0', 3, '2019-11-04 12:36:52'),
(319, 1533, '1.0', 3, '2019-11-04 12:36:52'),
(322, 1536, '1.1', 3, '2019-11-04 12:36:53'),
(324, 1538, '1.0', 3, '2019-11-04 12:36:53'),
(326, 1540, '1.1', 3, '2019-11-04 12:36:53'),
(327, 1541, '1.2', 3, '2019-11-04 12:36:53'),
(329, 1543, '1.5', 3, '2019-11-04 12:36:53'),
(330, 1544, '1.0', 3, '2019-11-04 12:36:54'),
(331, 1545, '1.1', 3, '2019-11-04 12:36:54'),
(333, 1547, '1.0', 3, '2019-11-04 12:36:54'),
(334, 1548, '1.1', 3, '2019-11-04 12:36:54'),
(335, 1549, '1.1', 3, '2019-11-04 12:36:54'),
(336, 1550, '1.0', 3, '2019-11-04 12:36:54'),
(337, 1551, '1.1', 3, '2019-11-04 12:36:54'),
(338, 1552, '1.2', 3, '2019-11-04 12:36:55'),
(339, 1553, '1.0', 3, '2019-11-04 12:36:55'),
(340, 1554, '1.2', 3, '2019-11-04 12:36:55'),
(343, 1557, '1.1', 3, '2019-11-04 12:36:55'),
(346, 1560, '1.1', 3, '2019-11-04 12:36:55'),
(347, 1561, 'N/A', 3, '2019-11-04 12:36:56'),
(348, 1562, '1.1', 3, '2019-11-04 12:36:56'),
(350, 1564, '1.1', 3, '2019-11-04 12:36:56'),
(351, 1565, '1.2', 3, '2019-11-04 12:36:56'),
(353, 1567, '1.0', 3, '2019-11-04 12:36:57'),
(355, 1569, 'N/A', 3, '2019-11-04 12:36:57'),
(356, 1570, '1.2', 3, '2019-11-04 12:36:57'),
(359, 1573, '1.0', 3, '2019-11-04 12:36:57'),
(362, 1576, '1.1', 3, '2019-11-04 12:36:58'),
(369, 1583, '1.0', 3, '2019-11-04 12:36:59'),
(370, 1584, '1.1', 3, '2019-11-04 12:36:59'),
(371, 1585, '1.0', 3, '2019-11-04 12:36:59'),
(372, 1586, '1.1', 3, '2019-11-04 12:36:59'),
(373, 1587, '1.1', 3, '2019-11-04 12:36:59'),
(374, 1588, '1.1', 3, '2019-11-04 12:36:59'),
(375, 1589, '1.1', 3, '2019-11-04 12:36:59'),
(376, 1590, '1.2', 3, '2019-11-04 12:36:59'),
(377, 1591, '1.2', 3, '2019-11-04 12:37:00'),
(379, 1593, '1.0', 3, '2019-11-04 12:37:00'),
(380, 1594, '1.1', 3, '2019-11-04 12:37:00'),
(381, 1595, '1.1', 3, '2019-11-04 12:37:00'),
(382, 1596, '1.0', 3, '2019-11-04 12:37:00'),
(385, 1599, '1.0', 3, '2019-11-04 12:37:00'),
(386, 1600, '1.0', 3, '2019-11-04 12:37:01'),
(387, 1601, '1.0', 3, '2019-11-04 12:37:01'),
(388, 1602, '1.2', 3, '2019-11-04 12:37:01'),
(389, 1603, '1.0', 3, '2019-11-04 12:37:01'),
(390, 1604, '1.0', 3, '2019-11-04 12:37:01'),
(391, 1605, '1.0', 3, '2019-11-04 12:37:01'),
(392, 1606, '1.0', 3, '2019-11-04 12:37:01'),
(393, 1607, '1.0', 3, '2019-11-04 12:37:01'),
(394, 1608, '1.0', 3, '2019-11-04 12:37:01'),
(395, 1609, '1.0', 3, '2019-11-04 12:37:01'),
(396, 1610, '1.0', 3, '2019-11-04 12:37:02'),
(397, 1611, '1.0', 3, '2019-11-04 12:37:02'),
(398, 1612, '1.0', 3, '2019-11-04 12:37:02'),
(399, 1613, '1.0', 3, '2019-11-04 12:37:02'),
(400, 1614, '1.0', 3, '2019-11-04 12:37:02'),
(401, 1615, '1.0', 3, '2019-11-04 12:37:02'),
(402, 1616, '1.2', 3, '2019-11-04 12:37:02'),
(404, 1618, '1.0', 3, '2019-11-04 12:37:02'),
(405, 1619, '1.0', 3, '2019-11-04 12:37:02'),
(406, 1620, '1.0', 3, '2019-11-04 12:37:02'),
(410, 1624, '1.0', 3, '2019-11-04 12:37:03'),
(411, 1625, '1.4', 3, '2019-11-04 12:37:03'),
(412, 1626, '1.0', 3, '2019-11-04 12:37:03'),
(413, 1627, '1.0', 3, '2019-11-04 12:37:03'),
(414, 1628, '1.0', 3, '2019-11-04 12:37:03'),
(415, 1629, '1.0', 3, '2019-11-04 12:37:03'),
(417, 1631, '1.3', 3, '2019-11-04 12:37:04'),
(421, 1635, '1.2', 3, '2019-11-04 12:37:04'),
(422, 1636, '1.0', 3, '2019-11-04 12:37:04'),
(424, 1638, '1.0', 3, '2019-11-04 12:37:04'),
(425, 1639, '1.0', 3, '2019-11-04 12:37:05'),
(426, 1640, 'N/A', 3, '2019-11-04 12:37:05'),
(427, 1641, 'N/A', 3, '2019-11-04 12:37:05'),
(428, 1642, 'N/A', 3, '2019-11-04 12:37:05'),
(429, 1643, 'N/A', 3, '2019-11-04 12:37:05'),
(430, 1644, 'N/A', 3, '2019-11-04 12:37:05'),
(431, 1645, 'N/A', 3, '2019-11-04 12:37:05'),
(432, 1646, 'N/A', 3, '2019-11-04 12:37:05'),
(433, 1647, 'N/A', 3, '2019-11-04 12:37:06'),
(434, 1648, 'N/A', 3, '2019-11-04 12:37:06'),
(435, 1649, 'n/a', 3, '2019-11-04 12:37:06'),
(436, 1650, 'n/a', 3, '2019-11-04 12:37:06'),
(437, 1651, 'N/A', 3, '2019-11-04 12:37:06'),
(438, 1652, 'n/a', 3, '2019-11-04 12:37:06'),
(439, 1653, 'N/A', 3, '2019-11-04 12:37:06'),
(440, 1654, 'N/A', 3, '2019-11-04 12:37:07'),
(441, 1655, 'N/A', 3, '2019-11-04 12:37:07'),
(442, 1656, 'N/A', 3, '2019-11-04 12:37:07'),
(443, 1657, 'n/a', 3, '2019-11-04 12:37:07'),
(444, 1658, 'n/a', 3, '2019-11-04 12:37:07'),
(445, 1659, 'n/a', 3, '2019-11-04 12:37:07'),
(446, 1660, 'n/a', 3, '2019-11-04 12:37:07'),
(447, 1661, 'N/A', 3, '2019-11-04 12:37:07'),
(448, 1662, 'N/A', 3, '2019-11-04 12:37:07'),
(449, 1663, 'N/A', 3, '2019-11-04 12:37:08'),
(450, 1664, 'N/A', 3, '2019-11-04 12:37:08'),
(451, 1665, 'N/A', 3, '2019-11-04 12:37:08'),
(452, 1666, 'N/A', 3, '2019-11-04 12:37:08'),
(453, 1667, 'n/a', 3, '2019-11-04 12:37:08'),
(454, 1668, 'n/a', 3, '2019-11-04 12:37:08'),
(455, 1669, 'n/a', 3, '2019-11-04 12:37:08'),
(456, 1670, 'n/a', 3, '2019-11-04 12:37:08'),
(457, 1671, 'n/a', 3, '2019-11-04 12:37:08'),
(458, 1672, 'N/A', 3, '2019-11-04 12:37:09'),
(459, 1673, 'N/A', 3, '2019-11-04 12:37:09'),
(460, 1674, 'N/A', 3, '2019-11-04 12:37:09'),
(461, 1675, 'N/A', 3, '2019-11-04 12:37:09'),
(462, 1676, 'N/A', 3, '2019-11-04 12:37:09'),
(463, 1677, 'N/A', 3, '2019-11-04 12:37:09'),
(464, 1678, 'N/A', 3, '2019-11-04 12:37:09'),
(465, 1679, 'N/A', 3, '2019-11-04 12:37:09'),
(466, 1680, 'N/A', 3, '2019-11-04 12:37:10'),
(467, 1681, 'N/A', 3, '2019-11-04 12:37:10'),
(468, 1682, 'N/A', 3, '2019-11-04 12:37:10'),
(469, 1683, 'N/A', 3, '2019-11-04 12:37:10'),
(470, 1684, 'n/a', 3, '2019-11-04 12:37:10'),
(471, 1685, 'N/A', 3, '2019-11-04 12:37:10'),
(472, 1686, 'N/A', 3, '2019-11-04 12:37:10'),
(473, 1687, 'N/A', 3, '2019-11-04 12:37:10'),
(474, 1688, 'N/A', 3, '2019-11-04 12:37:10'),
(475, 1689, 'N/A', 3, '2019-11-04 12:37:11'),
(476, 1690, 'N/A', 3, '2019-11-04 12:37:11'),
(477, 1691, 'N/A', 3, '2019-11-04 12:37:11'),
(478, 1692, 'N/A', 3, '2019-11-04 12:37:11'),
(479, 1693, 'N/A', 3, '2019-11-04 12:37:11'),
(480, 1694, 'N/A', 3, '2019-11-04 12:37:11'),
(481, 1695, 'N/A', 3, '2019-11-04 12:37:11'),
(482, 1696, 'N/A', 3, '2019-11-04 12:37:11'),
(483, 1697, 'N/A', 3, '2019-11-04 12:37:12'),
(484, 1698, 'N/A', 3, '2019-11-04 12:37:12'),
(485, 1699, 'N/A', 3, '2019-11-04 12:37:12'),
(486, 1700, 'N/A', 3, '2019-11-04 12:37:12'),
(487, 1701, 'N/A', 3, '2019-11-04 12:37:12'),
(488, 1702, 'N/A', 3, '2019-11-04 12:37:12'),
(489, 1703, 'N/A', 3, '2019-11-04 12:37:12'),
(490, 1704, 'N/A', 3, '2019-11-04 12:37:12'),
(491, 1705, 'N/A', 3, '2019-11-04 12:37:12'),
(492, 1706, 'N/A', 3, '2019-11-04 12:37:13'),
(493, 1707, 'N/A', 3, '2019-11-04 12:37:13'),
(494, 1708, 'N/A', 3, '2019-11-04 12:37:13'),
(495, 1709, 'N/A', 3, '2019-11-04 12:37:13'),
(496, 1710, 'N/A', 3, '2019-11-04 12:37:13'),
(497, 1711, 'N/A', 3, '2019-11-04 12:37:13'),
(498, 1712, 'N/A', 3, '2019-11-04 12:37:13'),
(499, 1713, 'N/A', 3, '2019-11-04 12:37:13'),
(500, 1714, 'N/A', 3, '2019-11-04 12:37:14'),
(501, 1715, 'N/A', 3, '2019-11-04 12:37:14'),
(502, 1716, 'N/A', 3, '2019-11-04 12:37:14'),
(503, 1717, 'N/A', 3, '2019-11-04 12:37:14'),
(504, 1718, 'N/A', 3, '2019-11-04 12:37:14'),
(505, 1719, 'n/a', 3, '2019-11-04 12:37:14'),
(506, 1720, 'n/a', 3, '2019-11-04 12:37:14'),
(507, 1721, 'n/a', 3, '2019-11-04 12:37:14'),
(508, 1722, 'n/a', 3, '2019-11-04 12:37:14'),
(509, 1723, 'n/a', 3, '2019-11-04 12:37:15'),
(510, 1724, 'N/A', 3, '2019-11-04 12:37:15'),
(511, 1725, 'N/A', 3, '2019-11-04 12:37:15'),
(512, 1726, 'N/A', 3, '2019-11-04 12:37:15'),
(513, 1727, 'N/A', 3, '2019-11-04 12:37:15'),
(514, 1728, 'N/A', 3, '2019-11-04 12:37:15'),
(515, 1729, 'N/A', 3, '2019-11-04 12:37:15'),
(516, 1730, 'N/A', 3, '2019-11-04 12:37:15'),
(517, 1731, 'N/A', 3, '2019-11-04 12:37:15'),
(518, 1732, 'N/A', 3, '2019-11-04 12:37:16'),
(519, 1733, 'N/A', 3, '2019-11-04 12:37:16'),
(520, 1734, 'N/A', 3, '2019-11-04 12:37:16'),
(521, 1735, 'N/A', 3, '2019-11-04 12:37:16'),
(522, 1736, 'N/A', 3, '2019-11-04 12:37:16'),
(523, 1737, 'N/A', 3, '2019-11-04 12:37:16'),
(524, 1738, 'N/A', 3, '2019-11-04 12:37:16'),
(525, 1739, 'N/A', 3, '2019-11-04 12:37:16'),
(526, 1740, 'N/A', 3, '2019-11-04 12:37:16'),
(527, 1741, 'N/A', 3, '2019-11-04 12:37:16'),
(528, 1742, 'n/a', 3, '2019-11-04 12:37:17'),
(529, 1743, 'n/a', 3, '2019-11-04 12:37:17'),
(530, 1744, 'n/a', 3, '2019-11-04 12:37:17'),
(531, 1745, 'n/a', 3, '2019-11-04 12:37:17'),
(532, 1746, 'N/A', 3, '2019-11-04 12:37:17'),
(533, 1747, 'N/A', 3, '2019-11-04 12:37:17'),
(534, 1748, 'N/A', 3, '2019-11-04 12:37:17'),
(535, 1749, 'n/a', 3, '2019-11-04 12:37:17'),
(536, 1750, 'n/a', 3, '2019-11-04 12:37:17'),
(537, 1751, 'N/A', 3, '2019-11-04 12:37:18'),
(538, 1752, 'N/A', 3, '2019-11-04 12:37:18'),
(539, 1753, 'N/A', 3, '2019-11-04 12:37:18'),
(540, 1754, 'N/A', 3, '2019-11-04 12:37:18'),
(541, 1755, 'N/A', 3, '2019-11-04 12:37:18'),
(542, 1756, 'N/A', 3, '2019-11-04 12:37:18'),
(543, 1757, 'n/a', 3, '2019-11-04 12:37:18'),
(544, 1758, 'n/a', 3, '2019-11-04 12:37:18'),
(545, 1759, 'n/a', 3, '2019-11-04 12:37:18'),
(546, 1760, 'N/A', 3, '2019-11-04 12:37:19'),
(547, 1761, 'N/A', 3, '2019-11-04 12:37:19'),
(548, 1762, 'N/A', 3, '2019-11-04 12:37:19'),
(549, 1763, 'N/A', 3, '2019-11-04 12:37:19'),
(550, 1764, 'N/A', 3, '2019-11-04 12:37:19'),
(551, 1765, 'N/A', 3, '2019-11-04 12:37:19'),
(552, 1766, 'N/A', 3, '2019-11-04 12:37:19'),
(553, 1767, 'N/A', 3, '2019-11-04 12:37:19'),
(554, 1768, 'N/A', 3, '2019-11-04 12:37:19'),
(555, 1769, 'N/A', 3, '2019-11-04 12:37:20'),
(556, 1770, 'N/A', 3, '2019-11-04 12:37:20'),
(557, 1771, 'N/A', 3, '2019-11-04 12:37:20'),
(558, 1772, 'N/A', 3, '2019-11-04 12:37:20'),
(559, 1773, 'N/A', 3, '2019-11-04 12:37:20'),
(560, 1774, 'N/A', 3, '2019-11-04 12:37:20'),
(561, 1775, 'N/A', 3, '2019-11-04 12:37:20'),
(562, 1776, 'N/A', 3, '2019-11-04 12:37:20'),
(563, 1777, 'N/A', 3, '2019-11-04 12:37:20'),
(564, 1778, 'N/A', 3, '2019-11-04 12:37:20'),
(565, 1779, 'N/A', 3, '2019-11-04 12:37:20'),
(566, 1780, 'N/A', 3, '2019-11-04 12:37:21'),
(567, 1781, 'N/A', 3, '2019-11-04 12:37:21'),
(568, 1782, 'N/A', 3, '2019-11-04 12:37:21'),
(569, 1783, 'N/A', 3, '2019-11-04 12:37:21'),
(570, 1784, 'N/A', 3, '2019-11-04 12:37:21'),
(571, 1785, 'N/A', 3, '2019-11-04 12:37:21'),
(572, 1786, 'N/A', 3, '2019-11-04 12:37:21'),
(573, 1787, 'N/A', 3, '2019-11-04 12:37:21'),
(574, 1788, 'N/A', 3, '2019-11-04 12:37:21'),
(577, 1791, '1.0', 3, '2019-11-04 12:37:22'),
(578, 1792, 'N/A', 3, '2019-11-04 12:37:22'),
(579, 1793, 'N/A', 3, '2019-11-04 12:37:22'),
(580, 1794, 'N/A', 3, '2019-11-04 12:37:22'),
(581, 1795, '1.0', 3, '2019-11-04 12:37:22'),
(582, 1796, '1.0', 3, '2019-11-04 12:37:22'),
(583, 1797, 'N/A', 3, '2019-11-04 12:37:22'),
(584, 1798, '1.3', 3, '2019-11-04 12:37:22'),
(585, 1799, '1.0', 3, '2019-11-04 12:37:22'),
(586, 1800, '1.0', 3, '2019-11-04 12:37:22'),
(587, 1801, '1.0', 3, '2019-11-04 12:37:23'),
(588, 1802, '1.0', 3, '2019-11-04 12:37:23'),
(589, 1803, '1.0', 3, '2019-11-04 12:37:23'),
(590, 1804, 'N/A', 3, '2019-11-04 12:37:23'),
(591, 1805, '1.0', 3, '2019-11-04 12:37:23'),
(592, 1806, '1.0', 3, '2019-11-04 12:37:23'),
(593, 1807, '1.0', 3, '2019-11-04 12:37:23'),
(596, 1810, '1.0', 3, '2019-11-04 12:37:24'),
(597, 1811, '1.0', 3, '2019-11-04 12:37:24'),
(598, 1812, '1.0', 3, '2019-11-04 12:37:24'),
(599, 1813, 'N/A', 3, '2019-11-04 12:37:24'),
(600, 1814, 'N/A', 3, '2019-11-04 12:37:24'),
(601, 1815, '1.0', 3, '2019-11-04 12:37:24'),
(602, 1816, '1.0', 3, '2019-11-04 12:37:24'),
(603, 1817, 'N/A', 3, '2019-11-04 12:37:24'),
(604, 1818, 'N/A', 3, '2019-11-04 12:37:24'),
(605, 1819, 'N/A', 3, '2019-11-04 12:37:25'),
(606, 7496, 'N/A', 3, NULL),
(607, 7497, 'N/A', 3, NULL),
(608, 7498, 'N/A', 3, NULL),
(609, 7499, 'N/A', 3, NULL),
(610, 7500, 'N/A', 3, NULL),
(611, 7501, 'N/A', 3, NULL),
(612, 7502, 'N/A', 3, NULL),
(613, 7503, 'N/A', 3, NULL),
(614, 7504, 'N/A', 3, NULL),
(615, 7505, 'N/A', 3, NULL),
(616, 7506, 'N/A', 3, NULL),
(617, 7507, 'N/A', 3, NULL),
(618, 7508, 'N/A', 3, NULL),
(619, 7509, 'N/A', 3, NULL),
(620, 7510, 'N/A', 3, NULL),
(621, 7511, 'N/A', 3, NULL),
(622, 7512, 'N/A', 3, NULL),
(623, 7513, 'N/A', 3, NULL),
(624, 7514, 'N/A', 3, NULL),
(625, 7515, 'N/A', 3, NULL),
(626, 7516, 'N/A', 3, NULL),
(627, 7517, 'N/A', 3, NULL),
(628, 7518, 'N/A', 3, NULL),
(629, 7519, 'N/A', 3, NULL),
(630, 7520, 'N/A', 3, NULL),
(631, 7521, 'N/A', 3, NULL),
(632, 7522, 'N/A', 3, NULL),
(633, 7523, 'N/A', 3, NULL),
(634, 7524, 'N/A', 3, NULL),
(635, 7525, 'N/A', 3, NULL),
(636, 7526, 'N/A', 3, NULL),
(637, 7527, 'N/A', 3, NULL),
(638, 7528, 'N/A', 3, NULL),
(639, 7529, 'N/A', 3, NULL),
(640, 7530, 'N/A', 3, NULL),
(641, 7531, 'N/A', 3, NULL),
(642, 7532, 'N/A', 3, NULL),
(643, 7533, 'N/A', 3, NULL),
(644, 7534, 'N/A', 3, NULL),
(645, 7535, 'N/A', 3, NULL),
(646, 7536, 'N/A', 3, NULL),
(647, 7537, 'N/A', 3, NULL),
(648, 7538, 'N/A', 3, NULL),
(649, 7539, 'N/A', 3, NULL),
(650, 7540, 'N/A', 3, NULL),
(651, 7541, 'N/A', 3, NULL),
(652, 7542, 'N/A', 3, NULL),
(653, 7543, 'N/A', 3, NULL),
(654, 7544, 'N/A', 3, NULL),
(655, 7545, 'N/A', 3, NULL),
(656, 7546, 'N/A', 3, NULL),
(657, 7547, 'N/A', 3, NULL),
(658, 7548, 'N/A', 3, NULL),
(659, 7549, 'N/A', 3, NULL),
(660, 7550, 'N/A', 3, NULL),
(661, 7551, 'N/A', 3, NULL),
(662, 7552, 'N/A', 3, NULL),
(663, 7553, 'N/A', 3, NULL),
(664, 7554, 'S/R', 3, '2019-12-01 17:52:13'),
(665, 7555, 'N/A', 10, '2019-12-01 18:14:38'),
(666, 7556, 'N/A', 10, '2019-12-01 18:19:29'),
(667, 7557, 'N/A', 10, '2019-12-01 18:21:36'),
(668, 7558, 'N/A', 10, '2019-12-01 18:23:20'),
(669, 1552, '1.1', 3, '2019-12-01 00:00:00'),
(670, 7559, 'N/A', 10, '2019-12-01 18:25:06'),
(671, 7560, 'N/A', 10, '2019-12-01 18:26:39'),
(672, 7561, 'N/A', 10, '2019-12-01 18:28:35'),
(673, 7562, 'N/A', 10, '2019-12-01 18:29:36'),
(674, 7563, 'N/A', 10, '2019-12-01 18:30:51'),
(675, 7564, 'N/A', 10, '2019-12-01 18:32:55'),
(676, 7565, 'N/A', 10, '2019-12-01 18:34:07'),
(677, 7566, 'N/A', 10, '2019-12-01 18:37:01'),
(678, 7567, 'N/A', 10, '2019-12-01 18:38:54'),
(679, 7568, 'N/A', 10, '2019-12-01 18:40:10'),
(680, 7569, 'N/A', 10, '2019-12-01 18:41:20'),
(681, 7570, 'N/A', 10, '2019-12-01 18:42:23'),
(682, 7571, 'N/A', 10, '2019-12-01 18:43:53'),
(683, 7572, 'N/A', 10, '2019-12-01 18:45:29'),
(684, 7573, 'N/A', 10, '2019-12-01 18:46:53'),
(685, 7574, 'N/A', 10, '2019-12-01 18:48:35'),
(686, 7575, 'N/A', 10, '2019-12-01 18:50:36'),
(687, 7576, 'N/A', 10, '2019-12-01 18:51:54'),
(688, 7577, 'N/A', 10, '2019-12-01 18:53:17'),
(689, 7578, 'N/A', 10, '2019-12-01 18:54:38'),
(690, 7579, 'N/A', 10, '2019-12-01 18:55:50'),
(691, 7580, 'N/A', 10, '2019-12-01 18:57:02'),
(692, 7581, 'N/A', 10, '2019-12-01 18:58:14'),
(693, 7582, 'N/A', 10, '2019-12-01 18:59:37'),
(694, 7583, 'N/A', 10, '2019-12-01 19:01:01'),
(695, 7584, 'N/A', 10, '2019-12-01 19:02:32'),
(696, 7585, 'N/A', 10, '2019-12-01 19:03:34'),
(697, 7586, 'N/A', 10, '2019-12-01 19:04:49'),
(698, 7587, 'N/A', 10, '2019-12-01 19:06:11'),
(699, 7588, 'N/A', 10, '2019-12-01 19:07:26'),
(700, 7589, 'N/A', 10, '2019-12-01 19:09:07'),
(701, 7590, 'N/A', 10, '2019-12-01 19:15:02'),
(702, 7591, '1.2', 3, '2019-12-01 21:44:13'),
(703, 1812, '  1.0 ', 3, '2019-12-01 21:47:40'),
(704, 7592, '  1.0 ', 3, '2019-12-01 21:47:40'),
(705, 7593, '  1.0 ', 3, '2019-12-01 21:47:41'),
(706, 7594, '  1.1 ', 3, '2019-12-01 21:47:41'),
(707, 7595, '  1.1 ', 3, '2019-12-01 21:47:41'),
(708, 1805, '  1.1 ', 3, '2019-12-01 21:47:41'),
(709, 7596, '  1.1 ', 3, '2019-12-01 21:47:41'),
(710, 7597, '  1.0 ', 3, '2019-12-01 21:47:41'),
(711, 7598, '  1.0 ', 3, '2019-12-01 21:47:41'),
(712, 1502, '  1.0 ', 3, '2019-12-01 21:47:41'),
(713, 7591, '  1.2 ', 3, '2019-12-01 21:47:41'),
(714, 7599, '  1.3 ', 3, '2019-12-01 21:47:41'),
(715, 7600, '  1.1 ', 3, '2019-12-01 21:47:41'),
(716, 7601, '  1.0 ', 3, '2019-12-01 21:47:41'),
(717, 7602, '  1.1 ', 3, '2019-12-01 21:47:41'),
(718, 7603, '  1.0 ', 3, '2019-12-01 21:47:41'),
(719, 7604, '  1.0 ', 3, '2019-12-01 21:47:41'),
(720, 7605, '  1.1 ', 3, '2019-12-01 21:47:41'),
(721, 1576, '  1.1 ', 3, '2019-12-01 21:47:41'),
(722, 7606, '  1.1 ', 3, '2019-12-01 21:47:41'),
(723, 1521, '  1.2 ', 3, '2019-12-01 21:47:42'),
(724, 1566, '  1.1 ', 3, '2019-12-01 21:47:42'),
(725, 7607, '  1.2 ', 3, '2019-12-01 21:47:42'),
(726, 1557, '  1.1 ', 3, '2019-12-01 21:47:42'),
(727, 1601, '  1.0 ', 3, '2019-12-01 21:47:42'),
(728, 7608, '  1.0 ', 3, '2019-12-01 21:47:42'),
(729, 7609, '  1.0 ', 3, '2019-12-01 21:47:42'),
(730, 7610, '  1.0 ', 3, '2019-12-01 21:47:42'),
(731, 1488, '  1.0 ', 3, '2019-12-01 21:47:42'),
(732, 7611, '  1.0 ', 3, '2019-12-01 21:47:42'),
(733, 1795, '  1.2 ', 3, '2019-12-01 21:47:42'),
(734, 7612, '  1.0 ', 3, '2019-12-01 21:47:42'),
(735, 1591, '  1.2 ', 3, '2019-12-01 21:47:42'),
(736, 7613, '  1.2 ', 3, '2019-12-01 21:47:42'),
(737, 7614, '  1.1 ', 3, '2019-12-01 21:47:42'),
(738, 7615, '  1.1 ', 3, '2019-12-01 21:47:42'),
(739, 7616, '  1.3 ', 3, '2019-12-01 21:47:42'),
(740, 7617, '  1.3 ', 3, '2019-12-01 21:47:42'),
(741, 7618, '  1.0 ', 3, '2019-12-01 21:47:43'),
(742, 1815, '0', 3, '2019-12-01 21:47:43'),
(743, 7619, '  1.2 ', 3, '2019-12-01 21:47:43'),
(744, 7620, '0', 3, '2019-12-01 21:47:43'),
(745, 7621, '  1.1 ', 3, '2019-12-01 21:47:43'),
(746, 7622, '  1.1 ', 3, '2019-12-01 21:47:43'),
(747, 1491, '  1.0 ', 3, '2019-12-01 21:47:43'),
(748, 1595, '  1.1 ', 3, '2019-12-01 21:47:43'),
(749, 7623, '  1.1 ', 3, '2019-12-01 21:47:43'),
(750, 1798, '  1.3 ', 3, '2019-12-01 21:47:43'),
(751, 7624, '  1.4 ', 3, '2019-12-01 21:47:43'),
(752, 1489, '  1.5 ', 3, '2019-12-01 21:47:43'),
(753, 1799, '0', 3, '2019-12-01 21:47:43'),
(754, 1503, '0', 3, '2019-12-01 21:47:43'),
(755, 7625, '  1.3 ', 3, '2019-12-01 21:47:43'),
(757, 1811, '  1.2 ', 3, '2019-12-01 21:47:43'),
(758, 7627, '  1.1 ', 3, '2019-12-01 21:47:43'),
(759, 7627, '  1.2 ', 3, '2019-12-01 21:47:44'),
(765, 7631, '  1.0 ', 3, '2019-12-01 21:47:44'),
(766, 1600, '  1.1 ', 3, '2019-12-01 21:47:44'),
(767, 7632, '  1.2 ', 3, '2019-12-01 21:47:44'),
(768, 7632, '  1.3 ', 3, '2019-12-01 21:47:44'),
(769, 7633, '  1.2 ', 3, '2019-12-01 21:47:44'),
(770, 7634, '  1.2 ', 3, '2019-12-01 21:47:44'),
(771, 7635, '  1.0 ', 3, '2019-12-01 21:47:44'),
(772, 7636, '  1.2 ', 3, '2019-12-01 21:47:44'),
(773, 1508, '  1.1 ', 3, '2019-12-01 21:47:44'),
(774, 1508, '  1.2 ', 3, '2019-12-01 21:47:44'),
(775, 7637, '  1.2 ', 3, '2019-12-01 21:47:44'),
(776, 7638, '  1.1 ', 3, '2019-12-01 21:47:44'),
(777, 7639, '  1.1 ', 3, '2019-12-01 21:47:44'),
(778, 7640, '  1.1 ', 3, '2019-12-01 21:47:45'),
(780, 7642, '  1.0 ', 3, '2019-12-01 21:47:45'),
(782, 7644, '  1.1 ', 3, '2019-12-01 21:47:45'),
(783, 7645, '  1.1 ', 3, '2019-12-01 21:47:45'),
(784, 7645, '  1.2 ', 3, '2019-12-01 21:47:45'),
(785, 7646, '  1.1 ', 3, '2019-12-01 21:47:45'),
(786, 7646, '  1.0 ', 3, '2019-12-01 21:47:45'),
(787, 1796, '  1.2 ', 3, '2019-12-01 21:47:45'),
(788, 7647, '  1.1 ', 3, '2019-12-01 21:47:45'),
(789, 7647, '  1.2 ', 3, '2019-12-01 21:47:45'),
(790, 7648, '  1.2 ', 3, '2019-12-01 21:47:45'),
(791, 7649, '  1.2 ', 3, '2019-12-01 21:47:45'),
(792, 7650, '  1.2 ', 3, '2019-12-01 21:47:45'),
(793, 7651, '  1.0 ', 3, '2019-12-01 21:47:45'),
(794, 7652, '  1.0 ', 3, '2019-12-01 21:47:45'),
(795, 7653, '  1.0 ', 3, '2019-12-01 21:47:45'),
(796, 1791, '  1.1 ', 3, '2019-12-01 21:47:45'),
(797, 7654, '  1.1 ', 3, '2019-12-01 21:47:45'),
(798, 1506, '  1.1 ', 3, '2019-12-01 21:47:45'),
(799, 7655, '  1.1 ', 3, '2019-12-01 21:47:46'),
(800, 7656, '  1.0 ', 3, '2019-12-01 21:47:46'),
(801, 1583, '  1.1 ', 3, '2019-12-01 21:47:46'),
(802, 1584, '  1.1 ', 3, '2019-12-01 21:47:46'),
(803, 7657, '  1.2 ', 3, '2019-12-01 21:47:46'),
(804, 7658, '  1.0 ', 3, '2019-12-01 21:47:46'),
(805, 7659, '  1.1 ', 3, '2019-12-01 21:47:46'),
(806, 7660, '  1.0 ', 3, '2019-12-01 21:47:46'),
(807, 7661, '  1.0 ', 3, '2019-12-01 21:47:46'),
(808, 7662, '  1.3 ', 3, '2019-12-01 21:47:46'),
(809, 1803, '  1.1 ', 3, '2019-12-01 21:47:46'),
(810, 1802, '  1.3 ', 3, '2019-12-01 21:47:46'),
(811, 1562, '  1.1 ', 3, '2019-12-01 21:47:46'),
(812, 1801, '  1.4 ', 3, '2019-12-01 21:47:46'),
(813, 1492, '  1.2 ', 3, '2019-12-01 21:47:46'),
(814, 1800, '0', 3, '2019-12-01 21:47:46'),
(815, 7639, '1.2', 3, '2019-12-01 23:17:23'),
(816, 1616, '1.1', 3, '2019-12-01 23:24:37'),
(817, 1514, '1.1', 3, '2019-12-02 12:47:18'),
(818, 1635, '1.3', 3, '2019-12-02 12:51:18'),
(819, 1631, '1.2', 3, '2019-12-02 12:56:50'),
(820, 1495, '1.1', 3, '2019-12-02 13:03:35'),
(821, 1495, '1.2', 3, '2019-12-02 13:42:09');

-- --------------------------------------------------------

--
-- Estructura de tabla para la tabla `tbltransferencia`
--

CREATE TABLE `tbltransferencia` (
  `idtransferancia` int(11) NOT NULL,
  `folio` int(11) NOT NULL,
  `idusuario` int(11) NOT NULL,
  `fecharegistro` datetime NOT NULL
) ENGINE=InnoDB DEFAULT CHARSET=latin1;

--
-- Volcado de datos para la tabla `tbltransferencia`
--

INSERT INTO `tbltransferencia` (`idtransferancia`, `folio`, `idusuario`, `fecharegistro`) VALUES
(9, 1, 3, '2019-12-01 22:36:05'),
(10, 2, 11, '2019-12-02 07:36:50'),
(11, 3, 11, '2019-12-02 08:04:21'),
(12, 4, 11, '2019-12-02 08:34:21'),
(13, 5, 11, '2019-12-02 09:01:29'),
(14, 6, 11, '2019-12-02 13:04:52'),
(15, 7, 11, '2019-12-02 13:36:30'),
(16, 8, 11, '2019-12-02 15:32:30'),
(17, 9, 11, '2019-12-02 16:04:59'),
(18, 10, 11, '2019-12-02 17:20:29'),
(19, 11, 11, '2019-12-02 17:27:38'),
(20, 12, 22, '2019-12-02 21:53:24'),
(21, 13, 22, '2019-12-02 22:43:38'),
(22, 14, 22, '2019-12-03 02:27:41'),
(23, 15, 11, '2019-12-03 07:23:30'),
(24, 16, 11, '2019-12-03 08:09:48'),
(25, 17, 11, '2019-12-03 08:48:18'),
(26, 18, 11, '2019-12-03 09:52:07'),
(27, 19, 11, '2019-12-03 10:27:33'),
(28, 20, 11, '2019-12-02 08:35:36'),
(29, 21, 11, '2019-12-03 10:48:22'),
(30, 22, 11, '2019-12-03 12:53:58'),
(31, 23, 11, '2019-12-03 13:51:30'),
(32, 24, 11, '2019-12-03 13:56:39'),
(33, 25, 11, '2019-12-03 15:36:46'),
(34, 26, 11, '2019-12-03 16:50:37');

-- --------------------------------------------------------

--
-- Estructura de tabla para la tabla `tbltrash`
--

CREATE TABLE `tbltrash` (
  `idtbltrash` int(11) NOT NULL,
  `idpalletcajas` int(11) NOT NULL,
  `idtransferencia` int(11) NOT NULL,
  `pallet` int(11) NOT NULL,
  `cajas` int(11) NOT NULL,
  `idstatus` int(11) NOT NULL,
  `idusuario` int(11) NOT NULL,
  `fecha` datetime NOT NULL
) ENGINE=InnoDB DEFAULT CHARSET=latin1;

-- --------------------------------------------------------

--
-- Estructura de tabla para la tabla `turno`
--

CREATE TABLE `turno` (
  `idturno` int(11) NOT NULL,
  `nombreturno` varchar(200) NOT NULL,
  `horainicial` time NOT NULL,
  `horafinal` time NOT NULL,
  `siguientedia` tinyint(1) NOT NULL,
  `activo` tinyint(1) NOT NULL,
  `idusuario` int(11) NOT NULL,
  `fecha` datetime NOT NULL
) ENGINE=MyISAM DEFAULT CHARSET=latin1;

--
-- Volcado de datos para la tabla `turno`
--

INSERT INTO `turno` (`idturno`, `nombreturno`, `horainicial`, `horafinal`, `siguientedia`, `activo`, `idusuario`, `fecha`) VALUES
(1, 'Matutino', '06:00:00', '16:59:59', 0, 1, 3, '2019-01-16 05:08:17'),
(2, 'Vespertino', '17:00:00', '05:59:59', 1, 1, 3, '2019-01-16 05:08:55');

-- --------------------------------------------------------

--
-- Estructura de tabla para la tabla `users`
--

CREATE TABLE `users` (
  `id` int(10) NOT NULL,
  `idturno` int(11) NOT NULL,
  `usuario` varchar(50) COLLATE utf8_unicode_ci NOT NULL,
  `name` varchar(255) COLLATE utf8_unicode_ci NOT NULL,
  `password` varchar(255) COLLATE utf8_unicode_ci NOT NULL,
  `activo` tinyint(4) NOT NULL,
  `fecha` datetime NOT NULL
) ENGINE=InnoDB DEFAULT CHARSET=utf8 COLLATE=utf8_unicode_ci;

--
-- Volcado de datos para la tabla `users`
--

INSERT INTO `users` (`id`, `idturno`, `usuario`, `name`, `password`, `activo`, `fecha`) VALUES
(3, 1, 'pvelasco', 'PRUDENCIO VELASCO', '21232f297a57a5a743894a0e4a801fc3', 1, '2018-08-18 00:00:00'),
(4, 1, 'calidad', 'Usuario Calidad', '21232f297a57a5a743894a0e4a801fc3', 1, '2018-10-28 05:37:27'),
(5, 1, 'bodega', 'Usuario Bodega', '21232f297a57a5a743894a0e4a801fc3', 1, '2019-01-08 06:23:24'),
(6, 1, 'packing', 'Usuario Packing', '21232f297a57a5a743894a0e4a801fc3', 1, '2019-01-29 03:53:39'),
(7, 1, 'salida', 'Usuario salida', '21232f297a57a5a743894a0e4a801fc3', 1, '2019-02-19 19:51:11'),
(8, 1, 'almacen', 'Usuario General Almacen', '21232f297a57a5a743894a0e4a801fc3', 1, '2019-03-27 20:22:17'),
(9, 1, 'calidadroot', 'Usuario General de Calidad', '21232f297a57a5a743894a0e4a801fc3', 1, '2019-03-29 20:30:14'),
(10, 1, 'yesenia_01', 'YESENIA MOROYOQUI', '1cc701f5d2d9ebc1ab5b0191f7a1a73a', 1, '2019-12-01 17:58:38'),
(11, 1, 'hgonzalez', 'HECTOR GONZALEZ', '5b39e38ad7279dfbf79b5f46f01c686e', 1, '2019-12-01 19:18:55'),
(12, 1, 'rosuna', 'ROBERTO OSUNA', '774a11893ec5091839c4608b44ecc3cb', 1, '2019-12-01 19:20:12'),
(13, 1, 'jrubio', 'JESUS RUBIO', 'f39c8c9fb317b30ee28d94f3c486b04e', 1, '2019-12-01 19:20:53'),
(14, 1, 'bmontero', 'BENJAMIN MONTERO', 'ec9b33fc793fbcd1541105c8dab34863', 1, '2019-12-01 19:22:30'),
(15, 1, 'rnogales', 'RAYMUNDO NOGALES', '35c88b552ed70153026a61dd00f98e86', 1, '2019-12-01 19:23:15'),
(16, 1, 'cmelgoza', 'CARLOS MELGOZA', '4ef76efffa28c73d88850fef562745be', 1, '2019-12-01 19:23:56'),
(17, 2, 'abaez', 'ABIGAIL BAEZ', 'b666d7079c981365366c88bc09acca50', 1, '2019-12-01 19:24:44'),
(18, 1, 'ngarcia', 'NICOLAS GARCIA', '41360531d4d8f7be68102eded51d457c', 1, '2019-12-01 19:25:38'),
(19, 2, 'mavalos', 'MARIA AVALOS', 'c704c5c01249fbe26c977e98c4ea2faf', 1, '2019-12-01 19:26:20'),
(20, 1, 'aojeda', 'ALEJANDRO OJEDA', '0a40bf7db19c3db931461fdb6fcdd2e5', 1, '2019-12-01 19:27:07'),
(21, 1, 'achaidez', 'ARACELY CHAIDEZ', '6376901c60397ce5525ac3fd806d66db', 1, '2019-12-01 19:28:05'),
(22, 2, 'lruvalcaba', 'LUCIA RUVALCABA', '99d03ea84b3e1944bdf151a04fe9944f', 1, '2019-12-01 19:29:02'),
(23, 1, 'jtinoco', 'JAVIER TINOCO', '8f6adbd30bea5b8e08a825cd0e298578', 1, '2019-12-01 19:29:40'),
(24, 1, 'drubio', 'DANIEL RUBIO', '018dc04610530ede4fc4d5389dbe1129', 1, '2019-12-01 19:30:23'),
(25, 1, 'jrivera', 'JUAN RIVERA', 'c254f55b63d8457db54fe11f5210eaa4', 1, '2019-12-01 19:31:08'),
(26, 1, 'pcho', 'PATRICIO CHO', '1d6a2fd2de84a7fd5a8d0330c10aa359', 1, '2019-12-01 19:44:11'),
(27, 1, 'mcha', 'MONG CHA', '949a5a84d0d07bb4421e8c06e512bf28', 1, '2019-12-01 19:48:36');

-- --------------------------------------------------------

--
-- Estructura de tabla para la tabla `users_rol`
--

CREATE TABLE `users_rol` (
  `id` int(10) NOT NULL,
  `id_rol` int(10) NOT NULL,
  `id_user` int(10) NOT NULL
) ENGINE=InnoDB DEFAULT CHARSET=latin1;

--
-- Volcado de datos para la tabla `users_rol`
--

INSERT INTO `users_rol` (`id`, `id_rol`, `id_user`) VALUES
(1, 1, 3),
(2, 2, 4),
(3, 4, 5),
(4, 3, 6),
(5, 5, 7),
(6, 4, 8),
(7, 2, 9),
(9, 1, 10),
(10, 3, 11),
(11, 2, 12),
(12, 2, 13),
(13, 2, 14),
(14, 4, 15),
(15, 4, 16),
(16, 2, 17),
(17, 2, 18),
(18, 3, 19),
(19, 2, 20),
(20, 4, 21),
(21, 3, 22),
(22, 5, 23),
(23, 4, 24),
(24, 2, 25),
(25, 1, 26),
(26, 1, 27);

-- --------------------------------------------------------

--
-- Estructura Stand-in para la vista `viewprocesopallet`
-- (Véase abajo para la vista actual)
--
CREATE TABLE `viewprocesopallet` (
`folio` int(11)
,`nombrecliente` varchar(200)
,`numeroparte` varchar(200)
,`nombremodelo` varchar(255)
,`nombrerevision` varchar(255)
,`cantidad` int(11)
,`estatuspallet` int(11)
,`idpalletcajas` int(11)
,`idestatus` int(11)
,`fecha` datetime
);

-- --------------------------------------------------------

--
-- Estructura para la vista `viewprocesopallet`
--
DROP TABLE IF EXISTS `viewprocesopallet`;

CREATE ALGORITHM=UNDEFINED DEFINER=`root`@`localhost` SQL SECURITY DEFINER VIEW `viewprocesopallet`  AS  select `t`.`folio` AS `folio`,`cl`.`nombre` AS `nombrecliente`,`p`.`numeroparte` AS `numeroparte`,`m`.`descripcion` AS `nombremodelo`,`r`.`descripcion` AS `nombrerevision`,`ca`.`cantidad` AS `cantidad`,`pc`.`idestatus` AS `estatuspallet`,`pcp`.`idpalletcajas` AS `idpalletcajas`,`pcp`.`idestatus` AS `idestatus`,max(`pcp`.`fecharegistro`) AS `fecha` from (((((((`tbltransferencia` `t` join `palletcajas` `pc` on((`pc`.`idtransferancia` = `t`.`idtransferancia`))) join `tblcantidad` `ca` on((`ca`.`idcantidad` = `pc`.`idcajas`))) join `tblrevision` `r` on((`r`.`idrevision` = `ca`.`idrevision`))) join `tblmodelo` `m` on((`m`.`idmodelo` = `r`.`idmodelo`))) join `parte` `p` on((`p`.`idparte` = `m`.`idmodelo`))) join `cliente` `cl` on((`cl`.`idcliente` = `p`.`idcliente`))) join `palletcajasproceso` `pcp` on((`pc`.`idpalletcajas` = `pcp`.`idpalletcajas`))) where (`pc`.`idestatus` not in (12,13,17)) group by `pcp`.`idpalletcajas`,`pcp`.`idestatus` order by `t`.`folio`,`pcp`.`idestatus` desc ;

--
-- Índices para tablas volcadas
--

--
-- Indices de la tabla `cliente`
--
ALTER TABLE `cliente`
  ADD PRIMARY KEY (`idcliente`),
  ADD KEY `idusuario` (`idusuario`);

--
-- Indices de la tabla `detalleparte`
--
ALTER TABLE `detalleparte`
  ADD PRIMARY KEY (`iddetalleparte`),
  ADD KEY `idestatus` (`idestatus`),
  ADD KEY `idusuario` (`idusuario`),
  ADD KEY `idparte` (`idparte`),
  ADD KEY `idlinea` (`idlinea`);

--
-- Indices de la tabla `detallestatus`
--
ALTER TABLE `detallestatus`
  ADD PRIMARY KEY (`iddetallestatus`),
  ADD KEY `iddetalleparte` (`iddetalleparte`),
  ADD KEY `idstatus` (`idstatus`),
  ADD KEY `idusuario` (`idusuario`);

--
-- Indices de la tabla `linea`
--
ALTER TABLE `linea`
  ADD PRIMARY KEY (`idlinea`);

--
-- Indices de la tabla `motivorechazo`
--
ALTER TABLE `motivorechazo`
  ADD PRIMARY KEY (`idmotivorechazo`),
  ADD KEY `idproceso` (`idproceso`);

--
-- Indices de la tabla `ordensalida`
--
ALTER TABLE `ordensalida`
  ADD PRIMARY KEY (`idordensalida`),
  ADD KEY `idsalida` (`idsalida`),
  ADD KEY `idparte` (`idpalletcajas`),
  ADD KEY `idusuario` (`idusuario`);

--
-- Indices de la tabla `palletcajas`
--
ALTER TABLE `palletcajas`
  ADD PRIMARY KEY (`idpalletcajas`),
  ADD KEY `iddetalleparte` (`idtransferancia`),
  ADD KEY `idestatus` (`idestatus`),
  ADD KEY `idusuario` (`idusuario`),
  ADD KEY `idcajas` (`idcajas`),
  ADD KEY `idcajas_2` (`idcajas`),
  ADD KEY `idlinea` (`idlinea`);

--
-- Indices de la tabla `palletcajasestatus`
--
ALTER TABLE `palletcajasestatus`
  ADD PRIMARY KEY (`idpalletcajasestatus`),
  ADD KEY `idpalletcajasestatus` (`idpalletcajasestatus`),
  ADD KEY `idmotivorechazo` (`idmotivorechazo`),
  ADD KEY `idpalletcajas` (`idpalletcajas`),
  ADD KEY `idusuario` (`idusuario`);

--
-- Indices de la tabla `palletcajasproceso`
--
ALTER TABLE `palletcajasproceso`
  ADD PRIMARY KEY (`idpalletcajasproceso`),
  ADD KEY `idestatus` (`idestatus`),
  ADD KEY `idpalletcajas` (`idpalletcajas`),
  ADD KEY `idusuario` (`idusuario`);

--
-- Indices de la tabla `parte`
--
ALTER TABLE `parte`
  ADD PRIMARY KEY (`idparte`),
  ADD KEY `idcliente` (`idcliente`),
  ADD KEY `idusuario` (`idusuario`),
  ADD KEY `idcategoria` (`idcategoria`);

--
-- Indices de la tabla `parteposicionbodega`
--
ALTER TABLE `parteposicionbodega`
  ADD PRIMARY KEY (`idparteposicionbodega`),
  ADD KEY `iddetalleparte` (`idpalletcajas`),
  ADD KEY `idposicion` (`idposicion`),
  ADD KEY `idusuario` (`idusuario`);

--
-- Indices de la tabla `permissions`
--
ALTER TABLE `permissions`
  ADD PRIMARY KEY (`id`);

--
-- Indices de la tabla `permission_rol`
--
ALTER TABLE `permission_rol`
  ADD PRIMARY KEY (`id`),
  ADD KEY `permission_id` (`permission_id`),
  ADD KEY `rol_id` (`rol_id`);

--
-- Indices de la tabla `posicionbodega`
--
ALTER TABLE `posicionbodega`
  ADD PRIMARY KEY (`idposicion`);

--
-- Indices de la tabla `proceso`
--
ALTER TABLE `proceso`
  ADD PRIMARY KEY (`idproceso`);

--
-- Indices de la tabla `rol`
--
ALTER TABLE `rol`
  ADD PRIMARY KEY (`id`);

--
-- Indices de la tabla `salida`
--
ALTER TABLE `salida`
  ADD PRIMARY KEY (`idsalida`),
  ADD KEY `idcliente` (`idcliente`),
  ADD KEY `idusuario` (`idusuario`);

--
-- Indices de la tabla `status`
--
ALTER TABLE `status`
  ADD PRIMARY KEY (`idestatus`),
  ADD KEY `idproceso` (`idproceso`);

--
-- Indices de la tabla `tblcantidad`
--
ALTER TABLE `tblcantidad`
  ADD PRIMARY KEY (`idcantidad`),
  ADD KEY `idusuario` (`idusuario`),
  ADD KEY `idrevision` (`idrevision`);

--
-- Indices de la tabla `tblcategoria`
--
ALTER TABLE `tblcategoria`
  ADD PRIMARY KEY (`idcategoria`),
  ADD KEY `idusuario` (`idusuario`);

--
-- Indices de la tabla `tbldetalle_proceso`
--
ALTER TABLE `tbldetalle_proceso`
  ADD PRIMARY KEY (`iddetalle`),
  ADD KEY `idproceso` (`idproceso`),
  ADD KEY `idmaquina` (`idmaquina`),
  ADD KEY `idusuario` (`idusuario`);

--
-- Indices de la tabla `tbldocumento`
--
ALTER TABLE `tbldocumento`
  ADD PRIMARY KEY (`iddocumento`),
  ADD KEY `idusuario` (`idusuario`);

--
-- Indices de la tabla `tblentradadetalleproceso`
--
ALTER TABLE `tblentradadetalleproceso`
  ADD PRIMARY KEY (`identradadetalleproceso`),
  ADD KEY `idususario` (`idusuario`),
  ADD KEY `idmaquina` (`idmaquina`),
  ADD KEY `iddetalleproceso` (`iddetalleproceso`),
  ADD KEY `identradaproceso` (`identradaproceso`);

--
-- Indices de la tabla `tblentrada_proceso`
--
ALTER TABLE `tblentrada_proceso`
  ADD PRIMARY KEY (`identradaproceso`),
  ADD KEY `idparte` (`idparte`),
  ADD KEY `idlamina` (`idlamina`),
  ADD KEY `idusuario` (`idusuario`),
  ADD KEY `idproceso` (`idproceso`);

--
-- Indices de la tabla `tbllamina`
--
ALTER TABLE `tbllamina`
  ADD PRIMARY KEY (`idlamina`),
  ADD KEY `idparte` (`idparte`),
  ADD KEY `idusuario` (`idusuario`);

--
-- Indices de la tabla `tbllaminadevolucion`
--
ALTER TABLE `tbllaminadevolucion`
  ADD PRIMARY KEY (`idlaminadevolucion`),
  ADD KEY `idusuario` (`idusuario`),
  ADD KEY `idcliente` (`idcliente`),
  ADD KEY `idparte` (`idparte`);

--
-- Indices de la tabla `tbllaminasalida`
--
ALTER TABLE `tbllaminasalida`
  ADD PRIMARY KEY (`idlaminasalida`),
  ADD KEY `idmaquina` (`idmaquina`),
  ADD KEY `idparte` (`idparte`),
  ADD KEY `idusuario` (`idusuario`);

--
-- Indices de la tabla `tbllitho`
--
ALTER TABLE `tbllitho`
  ADD PRIMARY KEY (`idlitho`),
  ADD KEY `idrevision` (`idrevision`);

--
-- Indices de la tabla `tbllithodevolucion`
--
ALTER TABLE `tbllithodevolucion`
  ADD PRIMARY KEY (`idlithodevolucion`),
  ADD KEY `idusuario` (`idusuario`);

--
-- Indices de la tabla `tbllithosalida`
--
ALTER TABLE `tbllithosalida`
  ADD PRIMARY KEY (`idlithosalida`);

--
-- Indices de la tabla `tblmaquina`
--
ALTER TABLE `tblmaquina`
  ADD PRIMARY KEY (`idmaquina`),
  ADD KEY `idusuario` (`idusuario`);

--
-- Indices de la tabla `tblmodelo`
--
ALTER TABLE `tblmodelo`
  ADD PRIMARY KEY (`idmodelo`),
  ADD KEY `idparte` (`idparte`),
  ADD KEY `idusuario` (`idusuario`);

--
-- Indices de la tabla `tblproceso`
--
ALTER TABLE `tblproceso`
  ADD PRIMARY KEY (`idproceso`),
  ADD KEY `idusuario` (`idusuario`);

--
-- Indices de la tabla `tblrevision`
--
ALTER TABLE `tblrevision`
  ADD PRIMARY KEY (`idrevision`),
  ADD KEY `idmodelo` (`idmodelo`),
  ADD KEY `idusuario` (`idusuario`);

--
-- Indices de la tabla `tbltransferencia`
--
ALTER TABLE `tbltransferencia`
  ADD PRIMARY KEY (`idtransferancia`),
  ADD KEY `idusuario` (`idusuario`);

--
-- Indices de la tabla `tbltrash`
--
ALTER TABLE `tbltrash`
  ADD PRIMARY KEY (`idtbltrash`);

--
-- Indices de la tabla `turno`
--
ALTER TABLE `turno`
  ADD PRIMARY KEY (`idturno`),
  ADD KEY `idusuario` (`idusuario`);

--
-- Indices de la tabla `users`
--
ALTER TABLE `users`
  ADD PRIMARY KEY (`id`),
  ADD KEY `idturno` (`idturno`);

--
-- Indices de la tabla `users_rol`
--
ALTER TABLE `users_rol`
  ADD PRIMARY KEY (`id`),
  ADD KEY `id_rol` (`id_rol`),
  ADD KEY `id_user` (`id_user`);

--
-- AUTO_INCREMENT de las tablas volcadas
--

--
-- AUTO_INCREMENT de la tabla `cliente`
--
ALTER TABLE `cliente`
  MODIFY `idcliente` int(11) NOT NULL AUTO_INCREMENT, AUTO_INCREMENT=49;

--
-- AUTO_INCREMENT de la tabla `detalleparte`
--
ALTER TABLE `detalleparte`
  MODIFY `iddetalleparte` int(11) NOT NULL AUTO_INCREMENT, AUTO_INCREMENT=87;

--
-- AUTO_INCREMENT de la tabla `detallestatus`
--
ALTER TABLE `detallestatus`
  MODIFY `iddetallestatus` int(11) NOT NULL AUTO_INCREMENT;

--
-- AUTO_INCREMENT de la tabla `linea`
--
ALTER TABLE `linea`
  MODIFY `idlinea` int(11) NOT NULL AUTO_INCREMENT, AUTO_INCREMENT=6;

--
-- AUTO_INCREMENT de la tabla `motivorechazo`
--
ALTER TABLE `motivorechazo`
  MODIFY `idmotivorechazo` int(11) NOT NULL AUTO_INCREMENT, AUTO_INCREMENT=13;

--
-- AUTO_INCREMENT de la tabla `ordensalida`
--
ALTER TABLE `ordensalida`
  MODIFY `idordensalida` int(11) NOT NULL AUTO_INCREMENT, AUTO_INCREMENT=3;

--
-- AUTO_INCREMENT de la tabla `palletcajas`
--
ALTER TABLE `palletcajas`
  MODIFY `idpalletcajas` int(11) NOT NULL AUTO_INCREMENT, AUTO_INCREMENT=812;

--
-- AUTO_INCREMENT de la tabla `palletcajasestatus`
--
ALTER TABLE `palletcajasestatus`
  MODIFY `idpalletcajasestatus` int(11) NOT NULL AUTO_INCREMENT;

--
-- AUTO_INCREMENT de la tabla `palletcajasproceso`
--
ALTER TABLE `palletcajasproceso`
  MODIFY `idpalletcajasproceso` int(11) NOT NULL AUTO_INCREMENT, AUTO_INCREMENT=699;

--
-- AUTO_INCREMENT de la tabla `parte`
--
ALTER TABLE `parte`
  MODIFY `idparte` int(11) NOT NULL AUTO_INCREMENT, AUTO_INCREMENT=7707;

--
-- AUTO_INCREMENT de la tabla `parteposicionbodega`
--
ALTER TABLE `parteposicionbodega`
  MODIFY `idparteposicionbodega` int(11) NOT NULL AUTO_INCREMENT, AUTO_INCREMENT=674;

--
-- AUTO_INCREMENT de la tabla `permissions`
--
ALTER TABLE `permissions`
  MODIFY `id` int(10) NOT NULL AUTO_INCREMENT, AUTO_INCREMENT=61;

--
-- AUTO_INCREMENT de la tabla `permission_rol`
--
ALTER TABLE `permission_rol`
  MODIFY `id` int(10) NOT NULL AUTO_INCREMENT, AUTO_INCREMENT=119;

--
-- AUTO_INCREMENT de la tabla `posicionbodega`
--
ALTER TABLE `posicionbodega`
  MODIFY `idposicion` int(11) NOT NULL AUTO_INCREMENT, AUTO_INCREMENT=96;

--
-- AUTO_INCREMENT de la tabla `proceso`
--
ALTER TABLE `proceso`
  MODIFY `idproceso` int(11) NOT NULL AUTO_INCREMENT, AUTO_INCREMENT=5;

--
-- AUTO_INCREMENT de la tabla `rol`
--
ALTER TABLE `rol`
  MODIFY `id` int(10) NOT NULL AUTO_INCREMENT, AUTO_INCREMENT=7;

--
-- AUTO_INCREMENT de la tabla `salida`
--
ALTER TABLE `salida`
  MODIFY `idsalida` int(11) NOT NULL AUTO_INCREMENT, AUTO_INCREMENT=8;

--
-- AUTO_INCREMENT de la tabla `status`
--
ALTER TABLE `status`
  MODIFY `idestatus` int(11) NOT NULL AUTO_INCREMENT, AUTO_INCREMENT=18;

--
-- AUTO_INCREMENT de la tabla `tblcantidad`
--
ALTER TABLE `tblcantidad`
  MODIFY `idcantidad` int(11) NOT NULL AUTO_INCREMENT, AUTO_INCREMENT=196;

--
-- AUTO_INCREMENT de la tabla `tblcategoria`
--
ALTER TABLE `tblcategoria`
  MODIFY `idcategoria` int(11) NOT NULL AUTO_INCREMENT, AUTO_INCREMENT=13;

--
-- AUTO_INCREMENT de la tabla `tbldetalle_proceso`
--
ALTER TABLE `tbldetalle_proceso`
  MODIFY `iddetalle` int(11) NOT NULL AUTO_INCREMENT, AUTO_INCREMENT=19;

--
-- AUTO_INCREMENT de la tabla `tbldocumento`
--
ALTER TABLE `tbldocumento`
  MODIFY `iddocumento` int(11) NOT NULL AUTO_INCREMENT, AUTO_INCREMENT=6701;

--
-- AUTO_INCREMENT de la tabla `tblentradadetalleproceso`
--
ALTER TABLE `tblentradadetalleproceso`
  MODIFY `identradadetalleproceso` int(11) NOT NULL AUTO_INCREMENT, AUTO_INCREMENT=11;

--
-- AUTO_INCREMENT de la tabla `tblentrada_proceso`
--
ALTER TABLE `tblentrada_proceso`
  MODIFY `identradaproceso` int(11) NOT NULL AUTO_INCREMENT, AUTO_INCREMENT=4;

--
-- AUTO_INCREMENT de la tabla `tbllamina`
--
ALTER TABLE `tbllamina`
  MODIFY `idlamina` int(11) NOT NULL AUTO_INCREMENT, AUTO_INCREMENT=163;

--
-- AUTO_INCREMENT de la tabla `tbllaminadevolucion`
--
ALTER TABLE `tbllaminadevolucion`
  MODIFY `idlaminadevolucion` int(11) NOT NULL AUTO_INCREMENT;

--
-- AUTO_INCREMENT de la tabla `tbllaminasalida`
--
ALTER TABLE `tbllaminasalida`
  MODIFY `idlaminasalida` int(11) NOT NULL AUTO_INCREMENT;

--
-- AUTO_INCREMENT de la tabla `tbllitho`
--
ALTER TABLE `tbllitho`
  MODIFY `idlitho` int(11) NOT NULL AUTO_INCREMENT, AUTO_INCREMENT=93;

--
-- AUTO_INCREMENT de la tabla `tbllithodevolucion`
--
ALTER TABLE `tbllithodevolucion`
  MODIFY `idlithodevolucion` int(11) NOT NULL AUTO_INCREMENT, AUTO_INCREMENT=8;

--
-- AUTO_INCREMENT de la tabla `tbllithosalida`
--
ALTER TABLE `tbllithosalida`
  MODIFY `idlithosalida` int(11) NOT NULL AUTO_INCREMENT, AUTO_INCREMENT=17;

--
-- AUTO_INCREMENT de la tabla `tblmaquina`
--
ALTER TABLE `tblmaquina`
  MODIFY `idmaquina` int(11) NOT NULL AUTO_INCREMENT, AUTO_INCREMENT=8;

--
-- AUTO_INCREMENT de la tabla `tblmodelo`
--
ALTER TABLE `tblmodelo`
  MODIFY `idmodelo` int(11) NOT NULL AUTO_INCREMENT, AUTO_INCREMENT=7663;

--
-- AUTO_INCREMENT de la tabla `tblproceso`
--
ALTER TABLE `tblproceso`
  MODIFY `idproceso` int(11) NOT NULL AUTO_INCREMENT, AUTO_INCREMENT=7;

--
-- AUTO_INCREMENT de la tabla `tblrevision`
--
ALTER TABLE `tblrevision`
  MODIFY `idrevision` int(11) NOT NULL AUTO_INCREMENT, AUTO_INCREMENT=822;

--
-- AUTO_INCREMENT de la tabla `tbltransferencia`
--
ALTER TABLE `tbltransferencia`
  MODIFY `idtransferancia` int(11) NOT NULL AUTO_INCREMENT, AUTO_INCREMENT=35;

--
-- AUTO_INCREMENT de la tabla `tbltrash`
--
ALTER TABLE `tbltrash`
  MODIFY `idtbltrash` int(11) NOT NULL AUTO_INCREMENT;

--
-- AUTO_INCREMENT de la tabla `turno`
--
ALTER TABLE `turno`
  MODIFY `idturno` int(11) NOT NULL AUTO_INCREMENT, AUTO_INCREMENT=3;

--
-- AUTO_INCREMENT de la tabla `users`
--
ALTER TABLE `users`
  MODIFY `id` int(10) NOT NULL AUTO_INCREMENT, AUTO_INCREMENT=28;

--
-- AUTO_INCREMENT de la tabla `users_rol`
--
ALTER TABLE `users_rol`
  MODIFY `id` int(10) NOT NULL AUTO_INCREMENT, AUTO_INCREMENT=27;

--
-- Restricciones para tablas volcadas
--

--
-- Filtros para la tabla `cliente`
--
ALTER TABLE `cliente`
  ADD CONSTRAINT `cliente_ibfk_1` FOREIGN KEY (`idusuario`) REFERENCES `users` (`id`);

--
-- Filtros para la tabla `detalleparte`
--
ALTER TABLE `detalleparte`
  ADD CONSTRAINT `detalleparte_ibfk_1` FOREIGN KEY (`idestatus`) REFERENCES `status` (`idestatus`),
  ADD CONSTRAINT `detalleparte_ibfk_2` FOREIGN KEY (`idusuario`) REFERENCES `users` (`id`),
  ADD CONSTRAINT `detalleparte_ibfk_4` FOREIGN KEY (`idlinea`) REFERENCES `linea` (`idlinea`);

--
-- Filtros para la tabla `detallestatus`
--
ALTER TABLE `detallestatus`
  ADD CONSTRAINT `detallestatus_ibfk_1` FOREIGN KEY (`iddetalleparte`) REFERENCES `detalleparte` (`iddetalleparte`),
  ADD CONSTRAINT `detallestatus_ibfk_2` FOREIGN KEY (`idstatus`) REFERENCES `status` (`idestatus`),
  ADD CONSTRAINT `detallestatus_ibfk_3` FOREIGN KEY (`idusuario`) REFERENCES `users` (`id`);

--
-- Filtros para la tabla `motivorechazo`
--
ALTER TABLE `motivorechazo`
  ADD CONSTRAINT `motivorechazo_ibfk_1` FOREIGN KEY (`idproceso`) REFERENCES `proceso` (`idproceso`);

--
-- Filtros para la tabla `ordensalida`
--
ALTER TABLE `ordensalida`
  ADD CONSTRAINT `ordensalida_ibfk_1` FOREIGN KEY (`idpalletcajas`) REFERENCES `palletcajas` (`idpalletcajas`),
  ADD CONSTRAINT `ordensalida_ibfk_2` FOREIGN KEY (`idsalida`) REFERENCES `salida` (`idsalida`),
  ADD CONSTRAINT `ordensalida_ibfk_3` FOREIGN KEY (`idusuario`) REFERENCES `users` (`id`);

--
-- Filtros para la tabla `palletcajas`
--
ALTER TABLE `palletcajas`
  ADD CONSTRAINT `palletcajas_ibfk_2` FOREIGN KEY (`idestatus`) REFERENCES `status` (`idestatus`),
  ADD CONSTRAINT `palletcajas_ibfk_4` FOREIGN KEY (`idusuario`) REFERENCES `users` (`id`),
  ADD CONSTRAINT `palletcajas_ibfk_5` FOREIGN KEY (`idtransferancia`) REFERENCES `tbltransferencia` (`idtransferancia`),
  ADD CONSTRAINT `palletcajas_ibfk_6` FOREIGN KEY (`idcajas`) REFERENCES `tblcantidad` (`idcantidad`),
  ADD CONSTRAINT `palletcajas_ibfk_7` FOREIGN KEY (`idlinea`) REFERENCES `linea` (`idlinea`);

--
-- Filtros para la tabla `palletcajasestatus`
--
ALTER TABLE `palletcajasestatus`
  ADD CONSTRAINT `palletcajasestatus_ibfk_1` FOREIGN KEY (`idmotivorechazo`) REFERENCES `motivorechazo` (`idmotivorechazo`),
  ADD CONSTRAINT `palletcajasestatus_ibfk_2` FOREIGN KEY (`idpalletcajas`) REFERENCES `palletcajas` (`idpalletcajas`),
  ADD CONSTRAINT `palletcajasestatus_ibfk_3` FOREIGN KEY (`idusuario`) REFERENCES `users` (`id`);

--
-- Filtros para la tabla `palletcajasproceso`
--
ALTER TABLE `palletcajasproceso`
  ADD CONSTRAINT `palletcajasproceso_ibfk_1` FOREIGN KEY (`idestatus`) REFERENCES `status` (`idestatus`),
  ADD CONSTRAINT `palletcajasproceso_ibfk_2` FOREIGN KEY (`idpalletcajas`) REFERENCES `palletcajas` (`idpalletcajas`),
  ADD CONSTRAINT `palletcajasproceso_ibfk_3` FOREIGN KEY (`idusuario`) REFERENCES `users` (`id`);

--
-- Filtros para la tabla `parte`
--
ALTER TABLE `parte`
  ADD CONSTRAINT `parte_ibfk_1` FOREIGN KEY (`idcliente`) REFERENCES `cliente` (`idcliente`),
  ADD CONSTRAINT `parte_ibfk_2` FOREIGN KEY (`idusuario`) REFERENCES `users` (`id`),
  ADD CONSTRAINT `parte_ibfk_3` FOREIGN KEY (`idcategoria`) REFERENCES `tblcategoria` (`idcategoria`);

--
-- Filtros para la tabla `parteposicionbodega`
--
ALTER TABLE `parteposicionbodega`
  ADD CONSTRAINT `parteposicionbodega_ibfk_2` FOREIGN KEY (`idposicion`) REFERENCES `posicionbodega` (`idposicion`),
  ADD CONSTRAINT `parteposicionbodega_ibfk_3` FOREIGN KEY (`idusuario`) REFERENCES `users` (`id`),
  ADD CONSTRAINT `parteposicionbodega_ibfk_4` FOREIGN KEY (`idpalletcajas`) REFERENCES `palletcajas` (`idpalletcajas`);

--
-- Filtros para la tabla `permission_rol`
--
ALTER TABLE `permission_rol`
  ADD CONSTRAINT `permission_rol_ibfk_1` FOREIGN KEY (`rol_id`) REFERENCES `rol` (`id`),
  ADD CONSTRAINT `permission_rol_ibfk_2` FOREIGN KEY (`permission_id`) REFERENCES `permissions` (`id`);

--
-- Filtros para la tabla `salida`
--
ALTER TABLE `salida`
  ADD CONSTRAINT `salida_ibfk_1` FOREIGN KEY (`idusuario`) REFERENCES `users` (`id`),
  ADD CONSTRAINT `salida_ibfk_2` FOREIGN KEY (`idcliente`) REFERENCES `cliente` (`idcliente`);

--
-- Filtros para la tabla `status`
--
ALTER TABLE `status`
  ADD CONSTRAINT `status_ibfk_1` FOREIGN KEY (`idproceso`) REFERENCES `proceso` (`idproceso`);

--
-- Filtros para la tabla `tblcategoria`
--
ALTER TABLE `tblcategoria`
  ADD CONSTRAINT `tblcategoria_ibfk_1` FOREIGN KEY (`idusuario`) REFERENCES `users` (`id`);

--
-- Filtros para la tabla `tbldetalle_proceso`
--
ALTER TABLE `tbldetalle_proceso`
  ADD CONSTRAINT `tbldetalle_proceso_ibfk_2` FOREIGN KEY (`idmaquina`) REFERENCES `tblmaquina` (`idmaquina`),
  ADD CONSTRAINT `tbldetalle_proceso_ibfk_3` FOREIGN KEY (`idusuario`) REFERENCES `users` (`id`),
  ADD CONSTRAINT `tbldetalle_proceso_ibfk_4` FOREIGN KEY (`idproceso`) REFERENCES `tblproceso` (`idproceso`);

--
-- Filtros para la tabla `tblentradadetalleproceso`
--
ALTER TABLE `tblentradadetalleproceso`
  ADD CONSTRAINT `tblentradadetalleproceso_ibfk_1` FOREIGN KEY (`idusuario`) REFERENCES `users` (`id`),
  ADD CONSTRAINT `tblentradadetalleproceso_ibfk_2` FOREIGN KEY (`idmaquina`) REFERENCES `tblmaquina` (`idmaquina`),
  ADD CONSTRAINT `tblentradadetalleproceso_ibfk_3` FOREIGN KEY (`identradaproceso`) REFERENCES `tblentrada_proceso` (`identradaproceso`);

--
-- Filtros para la tabla `tblentrada_proceso`
--
ALTER TABLE `tblentrada_proceso`
  ADD CONSTRAINT `tblentrada_proceso_ibfk_1` FOREIGN KEY (`idparte`) REFERENCES `parte` (`idparte`),
  ADD CONSTRAINT `tblentrada_proceso_ibfk_2` FOREIGN KEY (`idlamina`) REFERENCES `parte` (`idparte`),
  ADD CONSTRAINT `tblentrada_proceso_ibfk_3` FOREIGN KEY (`idusuario`) REFERENCES `users` (`id`),
  ADD CONSTRAINT `tblentrada_proceso_ibfk_4` FOREIGN KEY (`idproceso`) REFERENCES `tblproceso` (`idproceso`);

--
-- Filtros para la tabla `tbllamina`
--
ALTER TABLE `tbllamina`
  ADD CONSTRAINT `tbllamina_ibfk_1` FOREIGN KEY (`idparte`) REFERENCES `parte` (`idparte`),
  ADD CONSTRAINT `tbllamina_ibfk_2` FOREIGN KEY (`idusuario`) REFERENCES `users` (`id`);

--
-- Filtros para la tabla `tbllaminasalida`
--
ALTER TABLE `tbllaminasalida`
  ADD CONSTRAINT `tbllaminasalida_ibfk_1` FOREIGN KEY (`idmaquina`) REFERENCES `tblmaquina` (`idmaquina`),
  ADD CONSTRAINT `tbllaminasalida_ibfk_2` FOREIGN KEY (`idparte`) REFERENCES `parte` (`idparte`),
  ADD CONSTRAINT `tbllaminasalida_ibfk_3` FOREIGN KEY (`idusuario`) REFERENCES `users` (`id`);

--
-- Filtros para la tabla `tbllitho`
--
ALTER TABLE `tbllitho`
  ADD CONSTRAINT `tbllitho_ibfk_1` FOREIGN KEY (`idrevision`) REFERENCES `tblrevision` (`idrevision`);

--
-- Filtros para la tabla `tblmaquina`
--
ALTER TABLE `tblmaquina`
  ADD CONSTRAINT `tblmaquina_ibfk_1` FOREIGN KEY (`idusuario`) REFERENCES `users` (`id`);

--
-- Filtros para la tabla `tblmodelo`
--
ALTER TABLE `tblmodelo`
  ADD CONSTRAINT `tblmodelo_ibfk_2` FOREIGN KEY (`idusuario`) REFERENCES `users` (`id`),
  ADD CONSTRAINT `tblmodelo_ibfk_3` FOREIGN KEY (`idparte`) REFERENCES `parte` (`idparte`);

--
-- Filtros para la tabla `tblproceso`
--
ALTER TABLE `tblproceso`
  ADD CONSTRAINT `tblproceso_ibfk_1` FOREIGN KEY (`idusuario`) REFERENCES `users` (`id`);

--
-- Filtros para la tabla `tblrevision`
--
ALTER TABLE `tblrevision`
  ADD CONSTRAINT `tblrevision_ibfk_1` FOREIGN KEY (`idmodelo`) REFERENCES `tblmodelo` (`idmodelo`),
  ADD CONSTRAINT `tblrevision_ibfk_2` FOREIGN KEY (`idusuario`) REFERENCES `users` (`id`);

--
-- Filtros para la tabla `tbltransferencia`
--
ALTER TABLE `tbltransferencia`
  ADD CONSTRAINT `tbltransferencia_ibfk_1` FOREIGN KEY (`idusuario`) REFERENCES `users` (`id`);

--
-- Filtros para la tabla `users_rol`
--
ALTER TABLE `users_rol`
  ADD CONSTRAINT `users_rol_ibfk_1` FOREIGN KEY (`id_rol`) REFERENCES `rol` (`id`),
  ADD CONSTRAINT `users_rol_ibfk_2` FOREIGN KEY (`id_user`) REFERENCES `users` (`id`);
COMMIT;

/*!40101 SET CHARACTER_SET_CLIENT=@OLD_CHARACTER_SET_CLIENT */;
/*!40101 SET CHARACTER_SET_RESULTS=@OLD_CHARACTER_SET_RESULTS */;
/*!40101 SET COLLATION_CONNECTION=@OLD_COLLATION_CONNECTION */;
