-- phpMyAdmin SQL Dump
-- version 4.8.2
-- https://www.phpmyadmin.net/
--
-- Servidor: localhost
-- Tiempo de generación: 22-11-2019 a las 17:44:45
-- Versión del servidor: 10.1.34-MariaDB
-- Versión de PHP: 7.2.8

SET SQL_MODE = "NO_AUTO_VALUE_ON_ZERO";
SET AUTOCOMMIT = 0;
START TRANSACTION;
SET time_zone = "+00:00";


/*!40101 SET @OLD_CHARACTER_SET_CLIENT=@@CHARACTER_SET_CLIENT */;
/*!40101 SET @OLD_CHARACTER_SET_RESULTS=@@CHARACTER_SET_RESULTS */;
/*!40101 SET @OLD_COLLATION_CONNECTION=@@COLLATION_CONNECTION */;
/*!40101 SET NAMES utf8mb4 */;

--
-- Base de datos: `dbproduction`
--

-- --------------------------------------------------------

--
-- Estructura de tabla para la tabla `cliente`
--

CREATE TABLE `cliente` (
  `idcliente` int(11) NOT NULL,
  `rfc` varchar(20) NOT NULL,
  `nombre` varchar(200) NOT NULL,
  `abreviatura` varchar(120) NOT NULL,
  `clave` varchar(20) NOT NULL,
  `direccion` varchar(250) NOT NULL,
  `direccionfacturacion` varchar(255) NOT NULL,
  `activo` tinyint(1) NOT NULL,
  `idusuario` int(11) NOT NULL,
  `fecha` datetime DEFAULT NULL
) ENGINE=InnoDB DEFAULT CHARSET=latin1;

--
-- Volcado de datos para la tabla `cliente`
--

INSERT INTO `cliente` (`idcliente`, `rfc`, `nombre`, `abreviatura`, `clave`, `direccion`, `direccionfacturacion`, `activo`, `idusuario`, `fecha`) VALUES
(1, 'VEPP9004288D4', 'LG MXLI', 'LG', '001', 'Calle Órbita 36, Parque Industrial Mexicali II, 21397, Pimsa II, Mexicali, B.C.', 'Calle Órbita 36, Parque Industrial Mexicali II, 21397, Pimsa II, Mexicali, B.C.', 1, 3, '2019-04-25 15:06:53'),
(2, 'XXXXXXXXXXXXXXXX', 'CYS', 'CYS', '', 'NO DEFINIDO', '', 1, 3, '2019-04-10 00:00:00'),
(3, 'XXXXXXXXXXXXXXXX', 'BIO-P', 'BIO-P', '', 'NO DEFINIDO', '', 1, 3, '2019-04-10 00:00:00'),
(5, 'XXXXXXXXXXXXXXXX', 'BREG', 'BREG', '', 'NO DEFINIDO', '', 1, 3, '2019-04-10 00:00:00'),
(6, 'XXXXXXXXXXXXXXXX', 'B-RO', 'B-RO', '', 'NO DEFINIDO', '', 1, 3, '2019-04-10 00:00:00'),
(7, 'XXXXXXXXXXXXXXXX', 'C.S', 'C.S', '', 'NO DEFINIDO', '', 1, 3, '2019-04-10 00:00:00'),
(8, 'XXXXXXXXXXXXXXXX', 'CM PARTNER', 'CM PARTNER', '', 'NO DEFINIDO', '', 1, 3, '2019-04-10 00:00:00'),
(9, 'XXXXXXXXXXXXXXXX', 'DDCAM', 'DDCAM', '', 'NO DEFINIDO', '', 1, 3, '2019-04-10 00:00:00'),
(10, 'XXXXXXXXXXXXXXXX', 'EATON', 'EATON', '', 'NO DEFINIDO', '', 1, 3, '2019-04-10 00:00:00'),
(11, 'XXXXXXXXXXXXXXXX', 'FEDERICO GIL LAMADRID', 'FEDERICO GIL LAMADRID', '', 'NO DEFINIDO', '', 1, 3, '2019-04-10 00:00:00'),
(12, 'XXXXXXXXXXXXXXXX', 'FILMICO R', 'FILMICO R', '', 'NO DEFINIDO', '', 1, 3, '2019-04-10 00:00:00'),
(13, 'XXXXXXXXXXXXXXXX', 'HANNA', 'HANNA', '', 'NO DEFINIDO', '', 1, 3, '2019-04-10 00:00:00'),
(14, 'XXXXXXXXXXXXXXXX', 'J-COX', 'J-COX', '', 'NO DEFINIDO', '', 1, 3, '2019-04-10 00:00:00'),
(15, 'XXXXXXXXXXXXXXXX', 'ACE SAN DIEGO', 'ACE SAN DIEGO', '', 'NO DEFINIDO', '', 1, 3, '2019-04-10 00:00:00'),
(16, 'XXXXXXXXXXXXXXXX', 'KANG SEO', 'KANG SEO', '', 'NO DEFINIDO', '', 1, 3, '2019-04-10 00:00:00'),
(17, 'XXXXXXXXXXXXXXXX', 'LG CHICAGO', 'LG CHICAGO', '', 'NO DEFINIDO', '', 1, 3, '2019-04-10 00:00:00'),
(18, 'XXXXXXXXXXXXXXXX', 'JM', 'JM', '', 'NO DEFINIDO', '', 1, 3, '2019-04-10 00:00:00'),
(22, 'XXXXXXXXXXXXXXXX', 'LOURDES', 'LOURDES', '', 'NO DEFINIDO', '', 1, 3, '2019-04-10 00:00:00'),
(24, 'XXXXXXXXXXXXXXXX', 'OH SUNG DISPLAY', 'OH SUNG DISPLAY', '', 'NO DEFINIDO', '', 1, 3, '2019-04-10 00:00:00'),
(25, 'XXXXXXXXXXXXXXXX', 'OH SUNG ELECTRIC', 'OH SUNG ELECTRIC', '', 'NO DEFINIDO', '', 1, 3, '2019-04-10 00:00:00'),
(26, 'XXXXXXXXXXXXXXXX', 'RHEEM', 'RHEEM', '', 'NO DEFINIDO', '', 1, 3, '2019-04-10 00:00:00'),
(28, 'XXXXXXXXXXXXXXXX', 'SAMPLE', 'SAMPLE', '', 'NO DEFINIDO', '', 1, 3, '2019-04-10 00:00:00'),
(29, 'XXXXXXXXXXXXXXXX', 'SHAWMUT', 'SHAWMUT', '', 'NO DEFINIDO', '', 1, 3, '2019-04-10 00:00:00'),
(31, 'XXXXXXXXXXXXXXXX', 'SKD  (DELTA)', 'SKD  (DELTA)', '', 'NO DEFINIDO', '', 1, 3, '2019-04-10 00:00:00'),
(32, 'XXXXXXXXXXXXXXXX', 'SKYWORK', 'SKYWORK', '', 'NO DEFINIDO', '', 1, 3, '2019-04-10 00:00:00'),
(33, 'XXXXXXXXXXXXXXXX', 'TCL', 'TCL', '', 'NO DEFINIDO', '', 1, 3, '2019-04-10 00:00:00'),
(34, 'XXXXXXXXXXXXXXXX', 'TRIMEX', 'TRIMEX', '', 'NO DEFINIDO', '', 1, 3, '2019-04-10 00:00:00'),
(35, 'XXXXXXXXXXXXXXXX', 'TRIPTICO', 'TRIPTICO', '', 'NO DEFINIDO', '', 1, 3, '2019-04-10 00:00:00'),
(36, 'XXXXXXXXXXXXXXXX', 'VICTORY PACKAGING', 'VICTORY PACKAGING', '', 'NO DEFINIDO', '', 1, 3, '2019-04-10 00:00:00'),
(37, 'XXXXXXXXXXXXXXXX', 'WISE UNIVERSAL INC', 'WISE UNIVERSAL INC', '', 'NO DEFINIDO', '', 1, 3, '2019-04-10 00:00:00'),
(38, 'XXXXXXXXXXXXXXXX', 'WOORI', 'WOORI', '', 'NO DEFINIDO', '', 1, 3, '2019-04-10 00:00:00'),
(39, 'XXXXXXXXXXXXXXXX', 'OH SUNG', 'OH SUNG', '', 'SIN DEFINIR', 'SIN DEFINIR', 1, 3, '2019-11-04 00:00:00'),
(40, 'XXXXXXXXXX', 'PANTHOS', 'PANTHOS', '', 'SIN DEFINIR', 'SIN DEFINIR', 1, 3, '2019-11-04 00:00:00'),
(41, 'XXXXXXXXXXXXXXXX', '15', '15', '', 'NO DEFINIDO', 'NO DEFINIDO', 1, 3, '2019-11-04 00:00:00');

-- --------------------------------------------------------

--
-- Estructura de tabla para la tabla `detalleparte`
--

CREATE TABLE `detalleparte` (
  `iddetalleparte` int(11) NOT NULL,
  `folio` int(11) NOT NULL,
  `idparte` int(11) NOT NULL,
  `modelo` varchar(150) NOT NULL,
  `revision` varchar(120) NOT NULL,
  `pallet` int(11) NOT NULL,
  `cantidad` int(11) NOT NULL,
  `idlinea` int(11) NOT NULL,
  `idestatus` int(11) NOT NULL,
  `idusuario` int(11) NOT NULL,
  `fecharegistro` datetime NOT NULL
) ENGINE=InnoDB DEFAULT CHARSET=latin1;

--
-- Volcado de datos para la tabla `detalleparte`
--

INSERT INTO `detalleparte` (`iddetalleparte`, `folio`, `idparte`, `modelo`, `revision`, `pallet`, `cantidad`, `idlinea`, `idestatus`, `idusuario`, `fecharegistro`) VALUES
(81, 81, 3, 'Mode 1', '1', 0, 0, 3, 1, 6, '2019-03-30 18:40:52'),
(82, 82, 5, 'Mode 94', '1', 0, 0, 1, 1, 6, '2019-03-30 18:45:43'),
(83, 83, 3, 'as', 'as', 0, 0, 4, 1, 3, '2019-04-08 08:46:13'),
(84, 84, 231, 'Modelo 4', '1', 0, 0, 3, 1, 3, '2019-04-22 08:15:36'),
(85, 85, 9, 'Model 4', '1', 0, 0, 4, 1, 3, '2019-04-17 12:08:00'),
(86, 86, 230, 'Modelo 4', '1', 0, 0, 2, 1, 3, '2019-04-25 15:38:39');

-- --------------------------------------------------------

--
-- Estructura de tabla para la tabla `detallestatus`
--

CREATE TABLE `detallestatus` (
  `iddetallestatus` int(11) NOT NULL,
  `iddetalleparte` int(11) NOT NULL,
  `idstatus` int(11) NOT NULL,
  `comentariosrechazo` text NOT NULL,
  `idusuario` int(11) NOT NULL,
  `fecharegistro` datetime NOT NULL
) ENGINE=InnoDB DEFAULT CHARSET=latin1;

-- --------------------------------------------------------

--
-- Estructura de tabla para la tabla `linea`
--

CREATE TABLE `linea` (
  `idlinea` int(11) NOT NULL,
  `nombrelinea` varchar(100) NOT NULL
) ENGINE=InnoDB DEFAULT CHARSET=latin1;

--
-- Volcado de datos para la tabla `linea`
--

INSERT INTO `linea` (`idlinea`, `nombrelinea`) VALUES
(1, '1'),
(2, '2'),
(3, '3'),
(4, '4'),
(5, '5');

-- --------------------------------------------------------

--
-- Estructura de tabla para la tabla `motivorechazo`
--

CREATE TABLE `motivorechazo` (
  `idmotivorechazo` int(11) NOT NULL,
  `motivo` varchar(250) NOT NULL,
  `idproceso` int(11) NOT NULL,
  `activo` tinyint(1) NOT NULL
) ENGINE=InnoDB DEFAULT CHARSET=latin1;

--
-- Volcado de datos para la tabla `motivorechazo`
--

INSERT INTO `motivorechazo` (`idmotivorechazo`, `motivo`, `idproceso`, `activo`) VALUES
(1, 'Material mal identificado.', 2, 1),
(2, 'Cantidad de pallet errónea.', 2, 1),
(3, 'Material en mal estado.', 2, 1),
(4, 'Mal entarimado/flejado.', 2, 1),
(5, 'Hoja de transferencia mal elaborada,(consecutivo)', 2, 1),
(6, 'Producto no conforme.', 2, 1),
(7, 'No tiene hoja de transferencia.', 2, 1),
(8, 'Personal que selle y firme de liberado.', 2, 1),
(9, 'No liberado por calidad.', 3, 1),
(10, 'Cantidad incorrecta.', 3, 1),
(11, 'Mal identificado.', 3, 1),
(12, 'Estibamiento incorrecto vs spec de empaque.', 3, 1);

-- --------------------------------------------------------

--
-- Estructura de tabla para la tabla `ordensalida`
--

CREATE TABLE `ordensalida` (
  `idordensalida` int(11) NOT NULL,
  `idsalida` int(11) NOT NULL,
  `idpalletcajas` int(11) NOT NULL,
  `tipo` tinyint(4) NOT NULL,
  `pallet` int(11) NOT NULL,
  `caja` int(11) NOT NULL,
  `revision` varchar(20) NOT NULL,
  `po` varchar(100) NOT NULL,
  `idusuario` int(11) NOT NULL,
  `fecharegistro` datetime NOT NULL
) ENGINE=InnoDB DEFAULT CHARSET=latin1;

--
-- Volcado de datos para la tabla `ordensalida`
--

INSERT INTO `ordensalida` (`idordensalida`, `idsalida`, `idpalletcajas`, `tipo`, `pallet`, `caja`, `revision`, `po`, `idusuario`, `fecharegistro`) VALUES
(1, 1, 28, 1, 1, 500, '0', '', 3, '2019-11-17 15:03:28'),
(2, 1, 28, 1, 1, 320, '0', '', 3, '2019-11-17 15:03:43'),
(3, 1, 29, 1, 1, 1000, '0', '', 3, '2019-11-17 15:42:52'),
(4, 1, 33, 1, 1, 8000, '0', '', 3, '2019-11-17 15:48:25'),
(5, 1, 34, 1, 1, 1445, '0', '', 3, '2019-11-17 15:49:16'),
(6, 1, 28, 1, 1, 4000, '0', '', 3, '2019-11-17 19:30:18'),
(7, 1, 32, 1, 1, 458, '0', '', 3, '2019-11-17 19:30:34'),
(8, 1, 35, 1, 1, 1232, '0', '', 3, '2019-11-17 19:31:13'),
(9, 1, 32, 1, 1, 802, '0', '', 3, '2019-11-17 19:31:31'),
(10, 2, 29, 1, 1, 540, '0', '', 3, '2019-11-17 21:29:49'),
(11, 2, 33, 1, 1, 10000, '0', '', 3, '2019-11-17 21:30:00'),
(12, 2, 33, 1, 1, 6000, '0', '', 3, '2019-11-17 21:30:33'),
(13, 2, 33, 1, 1, 15000, '0', '', 3, '2019-11-17 21:30:45'),
(14, 2, 44, 1, 1, 2000, '0', '', 3, '2019-11-17 21:31:00'),
(15, 2, 36, 1, 1, 3000, '0', '', 3, '2019-11-17 21:31:13'),
(16, 2, 30, 1, 1, 2500, '0', '', 3, '2019-11-17 21:31:31'),
(17, 2, 31, 1, 1, 2000, '0', '', 3, '2019-11-17 21:31:42'),
(18, 2, 30, 1, 1, 400, '0', '', 3, '2019-11-17 21:31:53'),
(19, 2, 37, 1, 1, 100, '0', '', 3, '2019-11-17 21:32:03'),
(20, 2, 36, 1, 1, 984, '0', '', 3, '2019-11-17 21:32:13');

-- --------------------------------------------------------

--
-- Estructura de tabla para la tabla `palletcajas`
--

CREATE TABLE `palletcajas` (
  `idpalletcajas` int(11) NOT NULL,
  `idtransferancia` int(11) NOT NULL,
  `pallet` int(11) NOT NULL,
  `idcajas` int(11) NOT NULL,
  `idlinea` int(11) NOT NULL,
  `idestatus` int(11) NOT NULL,
  `idusuario` int(11) NOT NULL,
  `fecharegistro` datetime NOT NULL
) ENGINE=InnoDB DEFAULT CHARSET=latin1;

--
-- Volcado de datos para la tabla `palletcajas`
--

INSERT INTO `palletcajas` (`idpalletcajas`, `idtransferancia`, `pallet`, `idcajas`, `idlinea`, `idestatus`, `idusuario`, `fecharegistro`) VALUES
(27, 10, 1, 26, 3, 14, 3, '2019-11-08 09:12:19'),
(28, 11, 1, 27, 1, 8, 3, '2019-11-17 12:01:16'),
(29, 12, 1, 27, 1, 8, 3, '2019-11-17 12:07:23'),
(30, 13, 1, 27, 1, 8, 3, '2019-11-17 12:08:31'),
(31, 14, 1, 27, 1, 8, 3, '2019-11-17 12:08:50'),
(32, 14, 1, 28, 1, 8, 3, '2019-11-17 12:08:50'),
(33, 15, 1, 29, 1, 8, 3, '2019-11-17 12:09:56'),
(34, 15, 1, 30, 1, 8, 3, '2019-11-17 12:09:56'),
(35, 15, 1, 31, 1, 8, 3, '2019-11-17 12:09:56'),
(36, 15, 1, 32, 1, 8, 3, '2019-11-17 12:09:56'),
(37, 15, 1, 33, 1, 8, 3, '2019-11-17 12:09:56'),
(38, 15, 1, 34, 1, 8, 3, '2019-11-17 12:09:56'),
(39, 15, 1, 35, 1, 8, 3, '2019-11-17 12:09:56'),
(40, 15, 1, 36, 1, 8, 3, '2019-11-17 12:09:56'),
(41, 16, 1, 37, 1, 8, 3, '2019-11-17 13:09:58'),
(42, 16, 1, 38, 1, 8, 3, '2019-11-17 13:09:58'),
(43, 16, 1, 39, 1, 8, 3, '2019-11-17 13:09:58'),
(44, 16, 1, 40, 1, 8, 3, '2019-11-17 13:09:58'),
(45, 16, 1, 41, 1, 8, 3, '2019-11-17 13:09:59'),
(46, 17, 1, 42, 1, 8, 3, '2019-11-17 13:18:20'),
(47, 17, 1, 43, 1, 8, 3, '2019-11-17 13:18:20'),
(48, 17, 1, 44, 1, 8, 3, '2019-11-17 13:18:20'),
(49, 17, 1, 45, 1, 8, 3, '2019-11-17 13:18:20'),
(50, 17, 1, 46, 1, 8, 3, '2019-11-17 13:18:20'),
(51, 17, 1, 47, 1, 8, 3, '2019-11-17 13:18:20'),
(52, 18, 1, 48, 1, 8, 3, '2019-11-17 13:53:35'),
(53, 18, 1, 49, 1, 8, 3, '2019-11-17 13:53:36'),
(54, 18, 1, 50, 1, 8, 3, '2019-11-17 13:53:36'),
(55, 18, 1, 51, 1, 8, 3, '2019-11-17 13:53:36'),
(56, 19, 1, 52, 1, 8, 3, '2019-11-17 13:54:19');

-- --------------------------------------------------------

--
-- Estructura de tabla para la tabla `palletcajasestatus`
--

CREATE TABLE `palletcajasestatus` (
  `idpalletcajasestatus` int(11) NOT NULL,
  `idpalletcajas` int(11) NOT NULL,
  `idmotivorechazo` int(11) NOT NULL,
  `notas` varchar(250) DEFAULT NULL,
  `idusuario` int(11) NOT NULL,
  `fecharegistro` datetime NOT NULL
) ENGINE=InnoDB DEFAULT CHARSET=latin1;

-- --------------------------------------------------------

--
-- Estructura de tabla para la tabla `palletcajasproceso`
--

CREATE TABLE `palletcajasproceso` (
  `idpalletcajasproceso` int(11) NOT NULL,
  `idpalletcajas` int(11) NOT NULL,
  `idestatus` int(11) NOT NULL,
  `idusuario` int(11) NOT NULL,
  `fecharegistro` datetime NOT NULL
) ENGINE=InnoDB DEFAULT CHARSET=latin1;

--
-- Volcado de datos para la tabla `palletcajasproceso`
--

INSERT INTO `palletcajasproceso` (`idpalletcajasproceso`, `idpalletcajas`, `idestatus`, `idusuario`, `fecharegistro`) VALUES
(1, 40, 8, 3, '2019-11-17 14:14:33'),
(2, 40, 2, 3, '2019-11-17 14:14:33'),
(3, 35, 8, 3, '2019-11-17 14:15:33'),
(4, 36, 8, 3, '2019-11-17 14:15:33'),
(5, 37, 8, 3, '2019-11-17 14:15:33'),
(6, 38, 8, 3, '2019-11-17 14:15:33'),
(7, 39, 8, 3, '2019-11-17 14:15:33'),
(8, 35, 2, 3, '2019-11-17 14:15:33'),
(9, 36, 2, 3, '2019-11-17 14:15:33'),
(10, 37, 2, 3, '2019-11-17 14:15:33'),
(11, 38, 2, 3, '2019-11-17 14:15:33'),
(12, 39, 2, 3, '2019-11-17 14:15:33'),
(13, 33, 8, 3, '2019-11-17 14:18:26'),
(14, 34, 8, 3, '2019-11-17 14:18:26'),
(15, 33, 2, 3, '2019-11-17 14:18:26'),
(16, 34, 2, 3, '2019-11-17 14:18:26'),
(17, 31, 8, 3, '2019-11-17 14:18:59'),
(18, 32, 8, 3, '2019-11-17 14:18:59'),
(19, 31, 2, 3, '2019-11-17 14:18:59'),
(20, 32, 2, 3, '2019-11-17 14:18:59'),
(21, 30, 8, 3, '2019-11-17 14:19:21'),
(22, 30, 2, 3, '2019-11-17 14:19:21'),
(23, 29, 8, 3, '2019-11-17 14:19:34'),
(24, 29, 2, 3, '2019-11-17 14:19:34'),
(25, 28, 8, 3, '2019-11-17 14:19:46'),
(26, 28, 2, 3, '2019-11-17 14:19:46');

-- --------------------------------------------------------

--
-- Estructura de tabla para la tabla `parte`
--

CREATE TABLE `parte` (
  `idparte` int(11) NOT NULL,
  `numeroparte` varchar(200) NOT NULL,
  `idcliente` int(11) NOT NULL,
  `idcategoria` int(11) NOT NULL,
  `idusuario` int(11) NOT NULL,
  `activo` tinyint(1) NOT NULL,
  `fecharegistro` datetime DEFAULT NULL
) ENGINE=InnoDB DEFAULT CHARSET=latin1;

--
-- Volcado de datos para la tabla `parte`
--

INSERT INTO `parte` (`idparte`, `numeroparte`, `idcliente`, `idcategoria`, `idusuario`, `activo`, `fecharegistro`) VALUES
(6841, 'ANTIDOTOMEX', 2, 1, 3, 1, '2019-11-04 12:36:18'),
(6842, 'ACE BOX 16\"', 41, 1, 3, 1, '2019-11-04 12:36:18'),
(6843, 'PAD 406-311', 41, 1, 3, 1, '2019-11-04 12:36:18'),
(6844, 'BOX SPECK', 41, 1, 3, 1, '2019-11-04 12:36:19'),
(6845, 'PAD 625*428', 41, 1, 3, 1, '2019-11-04 12:36:19'),
(6846, 'ACE BOX 24\"', 41, 1, 3, 1, '2019-11-04 12:36:19'),
(6847, 'BOX HTNA', 41, 1, 3, 1, '2019-11-04 12:36:19'),
(6848, 'P.I MABE', 3, 1, 3, 1, '2019-11-04 12:36:19'),
(6849, '1150982-ALEN', 3, 1, 3, 1, '2019-11-04 12:36:19'),
(6850, 'BIO-PAPPEL-5', 3, 1, 3, 1, '2019-11-04 12:36:19'),
(6851, 'BIO-PAPPEL-3', 3, 1, 3, 1, '2019-11-04 12:36:20'),
(6852, 'BIO-PAPPEL-4', 3, 1, 3, 1, '2019-11-04 12:36:20'),
(6853, 'BIO-ALEN', 3, 1, 3, 1, '2019-11-04 12:36:20'),
(6854, 'BREG', 5, 1, 3, 1, '2019-11-04 12:36:20'),
(6855, 'CS010005 (BREG)', 5, 1, 3, 1, '2019-11-04 12:36:20'),
(6856, 'BOX HD', 6, 1, 3, 1, '2019-11-04 12:36:20'),
(6857, '15X15X10', 6, 1, 3, 1, '2019-11-04 12:36:20'),
(6858, 'DISPLAY', 7, 1, 3, 1, '2019-11-04 12:36:20'),
(6859, 'CMPM-C001', 8, 1, 3, 1, '2019-11-04 12:36:20'),
(6860, 'CMPM-TMB', 8, 1, 3, 1, '2019-11-04 12:36:20'),
(6861, 'CMPM-D001', 8, 1, 3, 1, '2019-11-04 12:36:20'),
(6862, 'CMPM-D003', 8, 1, 3, 1, '2019-11-04 12:36:20'),
(6863, 'CMPM-D002', 8, 1, 3, 1, '2019-11-04 12:36:21'),
(6864, 'CMPM-P001', 8, 1, 3, 1, '2019-11-04 12:36:21'),
(6865, 'CMPM-TIB', 8, 1, 3, 1, '2019-11-04 12:36:21'),
(6866, 'BR01BC064503100 (RASTAFRI-50)', 9, 1, 3, 1, '2019-11-04 12:36:21'),
(6867, 'AFB SILKY (CT BOX)', 9, 1, 3, 1, '2019-11-04 12:36:21'),
(6868, 'CLASSIC JUMBO', 9, 1, 3, 1, '2019-11-04 12:36:21'),
(6869, 'BR01BC065303102-JUMBO 50', 9, 1, 3, 1, '2019-11-04 12:36:21'),
(6870, '????? (RAPUNSEL 50)', 9, 1, 3, 1, '2019-11-04 12:36:21'),
(6871, '????? (TRIPLE 50)', 9, 1, 3, 1, '2019-11-04 12:36:21'),
(6872, 'BR01CB012608598 (RASTAFRI SEPA)', 9, 1, 3, 1, '2019-11-04 12:36:21'),
(6873, 'BR01CB012608500(JUMBO-SEPA)', 9, 1, 3, 1, '2019-11-04 12:36:21'),
(6874, 'MCTN-L2G808-3', 10, 1, 3, 1, '2019-11-04 12:36:22'),
(6875, 'PK514058EN', 10, 1, 3, 1, '2019-11-04 12:36:22'),
(6876, 'PK514031EN', 10, 1, 3, 1, '2019-11-04 12:36:22'),
(6877, 'PK520054ML', 10, 1, 3, 1, '2019-11-04 12:36:22'),
(6878, 'PK517023EN', 10, 1, 3, 1, '2019-11-04 12:36:22'),
(6879, 'PK520049ML', 10, 1, 3, 1, '2019-11-04 12:36:22'),
(6880, 'PK518549ML', 10, 1, 3, 1, '2019-11-04 12:36:22'),
(6881, 'PK517024EN', 10, 1, 3, 1, '2019-11-04 12:36:22'),
(6882, 'PK517027EN', 10, 1, 3, 1, '2019-11-04 12:36:22'),
(6883, 'PK517029EN', 10, 1, 3, 1, '2019-11-04 12:36:22'),
(6884, 'PK518248ML', 10, 1, 3, 1, '2019-11-04 12:36:22'),
(6885, 'PK517028EN', 10, 1, 3, 1, '2019-11-04 12:36:22'),
(6886, 'PK517021EN', 10, 1, 3, 1, '2019-11-04 12:36:23'),
(6887, 'S4649CTN', 10, 1, 3, 1, '2019-11-04 12:36:23'),
(6888, 'PK514029EN', 10, 1, 3, 1, '2019-11-04 12:36:23'),
(6889, 'PK517094ML', 10, 1, 3, 1, '2019-11-04 12:36:23'),
(6890, 'PK517061EN', 10, 1, 3, 1, '2019-11-04 12:36:23'),
(6891, 'PK517080ML', 10, 1, 3, 1, '2019-11-04 12:36:23'),
(6892, 'PK517086ML', 10, 1, 3, 1, '2019-11-04 12:36:23'),
(6893, 'PK517084ML', 10, 1, 3, 1, '2019-11-04 12:36:23'),
(6894, 'PK517078ML', 10, 1, 3, 1, '2019-11-04 12:36:23'),
(6895, 'PK517082ML', 10, 1, 3, 1, '2019-11-04 12:36:23'),
(6896, '78754CTN', 10, 1, 3, 1, '2019-11-04 12:36:23'),
(6897, 'PK517030EN', 10, 1, 3, 1, '2019-11-04 12:36:24'),
(6898, 'PK517060EN', 10, 1, 3, 1, '2019-11-04 12:36:24'),
(6899, '1583CTN', 10, 1, 3, 1, '2019-11-04 12:36:24'),
(6900, 'PK526329ML', 10, 1, 3, 1, '2019-11-04 12:36:24'),
(6901, 'PK520053ML', 10, 1, 3, 1, '2019-11-04 12:36:24'),
(6902, 'PK517063EN', 10, 1, 3, 1, '2019-11-04 12:36:24'),
(6903, 'PK520074ML', 10, 1, 3, 1, '2019-11-04 12:36:24'),
(6904, 'PK517020EN', 10, 1, 3, 1, '2019-11-04 12:36:24'),
(6905, 'PK517053EN', 10, 1, 3, 1, '2019-11-04 12:36:24'),
(6906, 'PK520073ML', 10, 1, 3, 1, '2019-11-04 12:36:24'),
(6907, '12644872', 10, 1, 3, 1, '2019-11-04 12:36:24'),
(6908, '76665', 10, 1, 3, 1, '2019-11-04 12:36:24'),
(6909, 'PK527672ML', 10, 1, 3, 1, '2019-11-04 12:36:25'),
(6910, 'PK520134ML', 10, 1, 3, 1, '2019-11-04 12:36:25'),
(6911, '76181CTN', 10, 1, 3, 1, '2019-11-04 12:36:25'),
(6912, 'PK517083ML', 10, 1, 3, 1, '2019-11-04 12:36:25'),
(6913, 'PK518787ML', 10, 1, 3, 1, '2019-11-04 12:36:25'),
(6914, 'PK527673ML', 10, 1, 3, 1, '2019-11-04 12:36:25'),
(6915, 'PK517033EN', 10, 1, 3, 1, '2019-11-04 12:36:25'),
(6916, 'PK517081EN', 10, 1, 3, 1, '2019-11-04 12:36:25'),
(6917, 'PK517052EN', 10, 1, 3, 1, '2019-11-04 12:36:25'),
(6918, 'PK520142ML', 10, 1, 3, 1, '2019-11-04 12:36:25'),
(6919, 'PK520133ML', 10, 1, 3, 1, '2019-11-04 12:36:25'),
(6920, 'PK517031EN', 10, 1, 3, 1, '2019-11-04 12:36:26'),
(6921, 'PK517092ML', 10, 1, 3, 1, '2019-11-04 12:36:26'),
(6922, 'PK520141ML', 10, 1, 3, 1, '2019-11-04 12:36:26'),
(6923, 'PK517079ML', 10, 1, 3, 1, '2019-11-04 12:36:26'),
(6924, 'PK520080ML', 10, 1, 3, 1, '2019-11-04 12:36:26'),
(6925, 'PK518796ML', 10, 1, 3, 1, '2019-11-04 12:36:26'),
(6926, 'PK517022EN', 10, 1, 3, 1, '2019-11-04 12:36:26'),
(6927, 'PK518264ML', 10, 1, 3, 1, '2019-11-04 12:36:26'),
(6928, 'PK517032EN', 10, 1, 3, 1, '2019-11-04 12:36:26'),
(6929, 'PK517073ML', 10, 1, 3, 1, '2019-11-04 12:36:26'),
(6930, 'PK520078ML', 10, 1, 3, 1, '2019-11-04 12:36:26'),
(6931, 'PK517076EN', 10, 1, 3, 1, '2019-11-04 12:36:26'),
(6932, 'PK517077ML', 10, 1, 3, 1, '2019-11-04 12:36:26'),
(6933, 'PK518788ML', 10, 1, 3, 1, '2019-11-04 12:36:27'),
(6934, 'PK517025EN', 10, 1, 3, 1, '2019-11-04 12:36:27'),
(6935, 'PK517091ML', 10, 1, 3, 1, '2019-11-04 12:36:27'),
(6936, 'PK517034EN', 10, 1, 3, 1, '2019-11-04 12:36:27'),
(6937, 'PK520079ML', 10, 1, 3, 1, '2019-11-04 12:36:27'),
(6938, '76481EUF', 10, 1, 3, 1, '2019-11-04 12:36:27'),
(6939, '76101', 10, 1, 3, 1, '2019-11-04 12:36:27'),
(6940, '76108', 10, 1, 3, 1, '2019-11-04 12:36:27'),
(6941, 'CLP0010868I', 10, 1, 3, 1, '2019-11-04 12:36:28'),
(6942, 'CTN160832', 10, 1, 3, 1, '2019-11-04 12:36:28'),
(6943, 'CTN160836', 10, 1, 3, 1, '2019-11-04 12:36:28'),
(6944, 'PK520059ML', 10, 1, 3, 1, '2019-11-04 12:36:28'),
(6945, 'PK526219 ML', 10, 1, 3, 1, '2019-11-04 12:36:28'),
(6946, 'CLP0011046I', 10, 1, 3, 1, '2019-11-04 12:36:28'),
(6947, 'P/N', 10, 1, 3, 1, '2019-11-04 12:36:28'),
(6948, 'CLP0011073I', 10, 1, 3, 1, '2019-11-04 12:36:28'),
(6949, 'CLP 0011073 I', 10, 1, 3, 1, '2019-11-04 12:36:28'),
(6950, 'CP EMPAGAES', 10, 1, 3, 1, '2019-11-04 12:36:28'),
(6951, '78733CTN', 10, 1, 3, 1, '2019-11-04 12:36:29'),
(6952, 'PK 76627', 10, 1, 3, 1, '2019-11-04 12:36:29'),
(6953, '12508953', 10, 1, 3, 1, '2019-11-04 12:36:29'),
(6954, 'PK520132 ML', 10, 1, 3, 1, '2019-11-04 12:36:29'),
(6955, 'CLP0011070C', 10, 1, 3, 1, '2019-11-04 12:36:29'),
(6956, 'MCTN-L2G808-4', 10, 1, 3, 1, '2019-11-04 12:36:29'),
(6957, '12633411', 10, 1, 3, 1, '2019-11-04 12:36:29'),
(6958, 'PAD 44X44', 10, 1, 3, 1, '2019-11-04 12:36:29'),
(6959, 'CTN76119', 10, 1, 3, 1, '2019-11-04 12:36:29'),
(6960, 'PK517034ML', 10, 1, 3, 1, '2019-11-04 12:36:29'),
(6961, 'BOX 13X13X13', 10, 1, 3, 1, '2019-11-04 12:36:29'),
(6962, 'BOX 16X16X16', 10, 1, 3, 1, '2019-11-04 12:36:30'),
(6963, 'BOX 18X18X18', 10, 1, 3, 1, '2019-11-04 12:36:30'),
(6964, 'PK518241ML', 10, 1, 3, 1, '2019-11-04 12:36:30'),
(6965, '180490', 10, 1, 3, 1, '2019-11-04 12:36:30'),
(6966, 'PK517062EN', 10, 1, 3, 1, '2019-11-04 12:36:30'),
(6967, '76637', 10, 1, 3, 1, '2019-11-04 12:36:30'),
(6968, 'AC PAD 76637', 10, 1, 3, 1, '2019-11-04 12:36:30'),
(6969, 'PAD 1500 X 1050', 10, 1, 3, 1, '2019-11-04 12:36:30'),
(6970, 'PK514067EN', 10, 1, 3, 1, '2019-11-04 12:36:31'),
(6971, 'PK514068EN', 10, 1, 3, 1, '2019-11-04 12:36:31'),
(6972, 'PK514069EN', 10, 1, 3, 1, '2019-11-04 12:36:31'),
(6973, 'PK514070EN', 10, 1, 3, 1, '2019-11-04 12:36:31'),
(6974, 'PK514071EN', 10, 1, 3, 1, '2019-11-04 12:36:31'),
(6975, 'PK514072EN', 10, 1, 3, 1, '2019-11-04 12:36:31'),
(6976, 'PK514073EN', 10, 1, 3, 1, '2019-11-04 12:36:31'),
(6977, 'PK514074EN', 10, 1, 3, 1, '2019-11-04 12:36:31'),
(6978, 'PK514075EN', 10, 1, 3, 1, '2019-11-04 12:36:31'),
(6979, 'PK514076EN', 10, 1, 3, 1, '2019-11-04 12:36:31'),
(6980, 'PK514023EN', 10, 1, 3, 1, '2019-11-04 12:36:31'),
(6981, 'PK514024EN', 10, 1, 3, 1, '2019-11-04 12:36:32'),
(6982, 'PK514025EN', 10, 1, 3, 1, '2019-11-04 12:36:32'),
(6983, 'PK514026EN', 10, 1, 3, 1, '2019-11-04 12:36:32'),
(6984, 'PK514027EN', 10, 1, 3, 1, '2019-11-04 12:36:32'),
(6985, 'PK514028EN', 10, 1, 3, 1, '2019-11-04 12:36:32'),
(6986, 'PK518795ML', 10, 1, 3, 1, '2019-11-04 12:36:32'),
(6987, 'PK514015EN', 10, 1, 3, 1, '2019-11-04 12:36:32'),
(6988, 'PK514016EN', 10, 1, 3, 1, '2019-11-04 12:36:32'),
(6989, 'PK514017EN', 10, 1, 3, 1, '2019-11-04 12:36:32'),
(6990, 'PK514018EN', 10, 1, 3, 1, '2019-11-04 12:36:32'),
(6991, 'PK514019EN', 10, 1, 3, 1, '2019-11-04 12:36:33'),
(6992, 'PK514020EN', 10, 1, 3, 1, '2019-11-04 12:36:33'),
(6993, 'PK514021EN', 10, 1, 3, 1, '2019-11-04 12:36:33'),
(6994, 'PK514022EN', 10, 1, 3, 1, '2019-11-04 12:36:33'),
(6995, 'PK526762ML', 10, 1, 3, 1, '2019-11-04 12:36:33'),
(6996, 'PK526767ML', 10, 1, 3, 1, '2019-11-04 12:36:33'),
(6997, '78746CTN', 10, 1, 3, 1, '2019-11-04 12:36:33'),
(6998, 'CLP0011096I', 10, 1, 3, 1, '2019-11-04 12:36:33'),
(6999, 'CLP0011150I', 10, 1, 3, 1, '2019-11-04 12:36:33'),
(7000, 'CLP0011024I', 10, 1, 3, 1, '2019-11-04 12:36:34'),
(7001, 'CLP0011037I', 10, 1, 3, 1, '2019-11-04 12:36:34'),
(7002, 'CLP0011018I', 10, 1, 3, 1, '2019-11-04 12:36:34'),
(7003, 'CLP0011021I', 10, 1, 3, 1, '2019-11-04 12:36:34'),
(7004, 'PK518814ML', 10, 1, 3, 1, '2019-11-04 12:36:34'),
(7005, 'CLP0011051I', 10, 1, 3, 1, '2019-11-04 12:36:34'),
(7006, '76519', 10, 1, 3, 1, '2019-11-04 12:36:34'),
(7007, 'CLP0011027I', 10, 1, 3, 1, '2019-11-04 12:36:34'),
(7008, 'CLP0011039I', 10, 1, 3, 1, '2019-11-04 12:36:34'),
(7009, 'CLP0010914I', 10, 1, 3, 1, '2019-11-04 12:36:34'),
(7010, 'CTN161050', 10, 1, 3, 1, '2019-11-04 12:36:35'),
(7011, 'PK526434ML', 10, 1, 3, 1, '2019-11-04 12:36:35'),
(7012, 'CTN161048', 10, 1, 3, 1, '2019-11-04 12:36:35'),
(7013, 'UCL2G805', 10, 1, 3, 1, '2019-11-04 12:36:35'),
(7014, 'UCL2G808-3', 10, 1, 3, 1, '2019-11-04 12:36:35'),
(7015, 'UCL2G808-4', 10, 1, 3, 1, '2019-11-04 12:36:35'),
(7016, 'CLP0011164I', 10, 1, 3, 1, '2019-11-04 12:36:35'),
(7017, 'CTN160865', 10, 1, 3, 1, '2019-11-04 12:36:35'),
(7018, 'CTN160866', 10, 1, 3, 1, '2019-11-04 12:36:36'),
(7019, 'CTN160992', 10, 1, 3, 1, '2019-11-04 12:36:36'),
(7020, 'CTNINS148M', 10, 1, 3, 1, '2019-11-04 12:36:36'),
(7021, '6680CTN', 10, 1, 3, 1, '2019-11-04 12:36:36'),
(7022, '12508954', 10, 1, 3, 1, '2019-11-04 12:36:36'),
(7023, 'PK506038EN', 10, 1, 3, 1, '2019-11-04 12:36:36'),
(7024, 'PK506039EN', 10, 1, 3, 1, '2019-11-04 12:36:36'),
(7025, '78686CTN', 10, 1, 3, 1, '2019-11-04 12:36:36'),
(7026, 'CLP0010913I', 10, 1, 3, 1, '2019-11-04 12:36:36'),
(7027, '6679CTN', 10, 1, 3, 1, '2019-11-04 12:36:37'),
(7028, 'CLP0010870I', 10, 1, 3, 1, '2019-11-04 12:36:37'),
(7029, 'CTN-160865', 10, 1, 3, 1, '2019-11-04 12:36:37'),
(7030, 'PK514081EN', 10, 1, 3, 1, '2019-11-04 12:36:37'),
(7031, 'PK517105ML', 10, 1, 3, 1, '2019-11-04 12:36:37'),
(7032, 'PK517104ML', 10, 1, 3, 1, '2019-11-04 12:36:37'),
(7033, 'PK517103ML', 10, 1, 3, 1, '2019-11-04 12:36:37'),
(7034, 'PK517102ML', 10, 1, 3, 1, '2019-11-04 12:36:37'),
(7035, 'PK517101ML', 10, 1, 3, 1, '2019-11-04 12:36:38'),
(7036, 'PK517100ML', 10, 1, 3, 1, '2019-11-04 12:36:38'),
(7037, 'PK517099ML', 10, 1, 3, 1, '2019-11-04 12:36:38'),
(7038, 'PK517098ML', 10, 1, 3, 1, '2019-11-04 12:36:38'),
(7039, 'PK517097ML', 10, 1, 3, 1, '2019-11-04 12:36:38'),
(7040, 'PK517096ML', 10, 1, 3, 1, '2019-11-04 12:36:38'),
(7041, 'CLP0011206I', 10, 1, 3, 1, '2019-11-04 12:36:38'),
(7042, 'CLP0011200I', 10, 1, 3, 1, '2019-11-04 12:36:38'),
(7043, 'CLP0011197I', 10, 1, 3, 1, '2019-11-04 12:36:39'),
(7044, 'PK514077EN', 10, 1, 3, 1, '2019-11-04 12:36:39'),
(7045, '11619291', 10, 1, 3, 1, '2019-11-04 12:36:39'),
(7046, 'CLP-78061-DCT', 10, 1, 3, 1, '2019-11-04 12:36:39'),
(7047, '78747CTN', 10, 1, 3, 1, '2019-11-04 12:36:39'),
(7048, '78553', 10, 1, 3, 1, '2019-11-04 12:36:39'),
(7049, 'CTN160986', 10, 1, 3, 1, '2019-11-04 12:36:39'),
(7050, '78667CTN', 10, 1, 3, 1, '2019-11-04 12:36:39'),
(7051, '70871', 10, 1, 3, 1, '2019-11-04 12:36:40'),
(7052, 'PK514079EN', 10, 1, 3, 1, '2019-11-04 12:36:40'),
(7053, 'PK514080EN', 10, 1, 3, 1, '2019-11-04 12:36:40'),
(7054, 'PK514082EN', 10, 1, 3, 1, '2019-11-04 12:36:40'),
(7055, 'PK525005EN', 10, 1, 3, 1, '2019-11-04 12:36:40'),
(7056, 'SLEEP BOX', 11, 1, 3, 1, '2019-11-04 12:36:40'),
(7057, 'MASTER BOX', 11, 1, 3, 1, '2019-11-04 12:36:40'),
(7058, 'FILMICO R', 12, 1, 3, 1, '2019-11-04 12:36:41'),
(7059, 'FILMICO 2018', 12, 1, 3, 1, '2019-11-04 12:36:41'),
(7060, 'BOX 20\"*20\"', 13, 1, 3, 1, '2019-11-04 12:36:41'),
(7061, 'BOX CHICA', 13, 1, 3, 1, '2019-11-04 12:36:41'),
(7062, 'HANA BOX CHICA #3', 13, 1, 3, 1, '2019-11-04 12:36:41'),
(7063, 'BOX MEDIANA', 13, 1, 3, 1, '2019-11-04 12:36:41'),
(7064, 'HANA BOX CHICA #2', 13, 1, 3, 1, '2019-11-04 12:36:41'),
(7065, 'JCSB 543A', 14, 1, 3, 1, '2019-11-04 12:36:41'),
(7066, 'PAD-JCOX', 14, 1, 3, 1, '2019-11-04 12:36:42'),
(7067, '372-831A', 14, 1, 3, 1, '2019-11-04 12:36:42'),
(7068, 'JCBC 949A', 14, 1, 3, 1, '2019-11-04 12:36:42'),
(7069, 'JCOX-580-950', 14, 1, 3, 1, '2019-11-04 12:36:42'),
(7070, 'JCOX-660-1150', 14, 1, 3, 1, '2019-11-04 12:36:42'),
(7071, 'SP1162015', 14, 1, 3, 1, '2019-11-04 12:36:42'),
(7072, 'JIN-607-457', 18, 1, 3, 1, '2019-11-04 12:36:42'),
(7073, 'JIN-533-632', 18, 1, 3, 1, '2019-11-04 12:36:42'),
(7074, 'JIN-530-400', 18, 1, 3, 1, '2019-11-04 12:36:43'),
(7075, 'JIN-BOX MEDIANA', 18, 1, 3, 1, '2019-11-04 12:36:43'),
(7076, 'KS10.5\" X 8.5\" X 6.5\"', 16, 1, 3, 1, '2019-11-04 12:36:43'),
(7077, 'KS RNG 61', 16, 1, 3, 1, '2019-11-04 12:36:43'),
(7078, 'KS BOX MED.', 16, 1, 3, 1, '2019-11-04 12:36:43'),
(7079, 'KS 16X12X8', 16, 1, 3, 1, '2019-11-04 12:36:43'),
(7080, 'PAD 325 X510', 16, 1, 3, 1, '2019-11-04 12:36:43'),
(7081, 'BOX6817', 16, 1, 3, 1, '2019-11-04 12:36:43'),
(7082, 'MAY67051001', 1, 1, 3, 1, '2019-11-04 12:36:44'),
(7083, 'MAY67613402', 1, 1, 3, 1, '2019-11-04 12:36:44'),
(7084, 'MAY65781601', 1, 1, 3, 1, '2019-11-04 12:36:44'),
(7085, 'MAY67695901', 1, 1, 3, 1, '2019-11-04 12:36:44'),
(7086, 'MAY67431603', 1, 1, 3, 1, '2019-11-04 12:36:44'),
(7087, 'MAY67034303', 1, 1, 3, 1, '2019-11-04 12:36:44'),
(7088, 'MAY66990603', 1, 1, 3, 1, '2019-11-04 12:36:44'),
(7089, 'MAY68728613', 1, 1, 3, 1, '2019-11-04 12:36:45'),
(7090, 'MAY66272901', 1, 1, 3, 1, '2019-11-04 12:36:45'),
(7091, 'MAY67714201', 1, 1, 3, 1, '2019-11-04 12:36:45'),
(7092, 'MAY67456002', 1, 1, 3, 1, '2019-11-04 12:36:45'),
(7093, 'MAY67453604', 1, 1, 3, 1, '2019-11-04 12:36:45'),
(7094, 'MAY67434301', 1, 1, 3, 1, '2019-11-04 12:36:45'),
(7095, 'MAY67248701', 1, 1, 3, 1, '2019-11-04 12:36:45'),
(7096, 'MAY67130602', 1, 1, 3, 1, '2019-11-04 12:36:45'),
(7097, 'MAY66148402', 1, 1, 3, 1, '2019-11-04 12:36:46'),
(7098, 'MAY68459202', 1, 1, 3, 1, '2019-11-04 12:36:46'),
(7099, 'MAY67450503', 1, 1, 3, 1, '2019-11-04 12:36:46'),
(7100, 'MAY68728609', 1, 1, 3, 1, '2019-11-04 12:36:46'),
(7101, 'MAY69320303', 1, 1, 3, 1, '2019-11-04 12:36:46'),
(7102, 'MAY67098301', 1, 1, 3, 1, '2019-11-04 12:36:46'),
(7103, 'MAY68496601', 1, 1, 3, 1, '2019-11-04 12:36:46'),
(7104, 'MAY67713001', 1, 1, 3, 1, '2019-11-04 12:36:46'),
(7105, 'MAY68351001', 1, 1, 3, 1, '2019-11-04 12:36:46'),
(7106, 'MAY66269802', 1, 1, 3, 1, '2019-11-04 12:36:47'),
(7107, 'MAY66270002', 1, 1, 3, 1, '2019-11-04 12:36:47'),
(7108, 'MAY67127901', 1, 1, 3, 1, '2019-11-04 12:36:47'),
(7109, 'MAY66389502', 1, 1, 3, 1, '2019-11-04 12:36:47'),
(7110, 'MAY69318901', 1, 1, 3, 1, '2019-11-04 12:36:47'),
(7111, 'MAY65776403', 1, 1, 3, 1, '2019-11-04 12:36:47'),
(7112, 'MAY69333701', 1, 1, 3, 1, '2019-11-04 12:36:47'),
(7113, 'MAY68496101', 1, 1, 3, 1, '2019-11-04 12:36:47'),
(7114, 'MAY68497101', 1, 1, 3, 1, '2019-11-04 12:36:48'),
(7115, 'MAY69353601', 1, 1, 3, 1, '2019-11-04 12:36:48'),
(7116, 'MAY68509301', 1, 1, 3, 1, '2019-11-04 12:36:48'),
(7117, 'MAY69351001', 1, 1, 3, 1, '2019-11-04 12:36:48'),
(7118, 'MAY69381001', 1, 1, 3, 1, '2019-11-04 12:36:48'),
(7119, 'MAY69321202', 1, 1, 3, 1, '2019-11-04 12:36:48'),
(7120, 'MAY65831601', 1, 1, 3, 1, '2019-11-04 12:36:48'),
(7121, 'MAY68459201', 1, 1, 3, 1, '2019-11-04 12:36:48'),
(7122, 'MAY68490004', 1, 1, 3, 1, '2019-11-04 12:36:49'),
(7123, 'MAY68493603', 1, 1, 3, 1, '2019-11-04 12:36:49'),
(7124, 'MAY68451702', 1, 1, 3, 1, '2019-11-04 12:36:49'),
(7125, 'MAY69353101', 1, 1, 3, 1, '2019-11-04 12:36:49'),
(7126, 'MAY67712403', 1, 1, 3, 1, '2019-11-04 12:36:49'),
(7127, 'MAY68635802', 1, 1, 3, 1, '2019-11-04 12:36:49'),
(7128, 'MAY68589801', 1, 1, 3, 1, '2019-11-04 12:36:49'),
(7129, 'MAY68608101', 1, 1, 3, 1, '2019-11-04 12:36:50'),
(7130, 'MAY67328803', 1, 1, 3, 1, '2019-11-04 12:36:50'),
(7131, 'MAY65725401', 1, 1, 3, 1, '2019-11-04 12:36:50'),
(7132, 'MAY68608102', 1, 1, 3, 1, '2019-11-04 12:36:50'),
(7133, 'MAY68467903', 1, 1, 3, 1, '2019-11-04 12:36:50'),
(7134, 'MAY68488703', 1, 1, 3, 1, '2019-11-04 12:36:50'),
(7135, 'MAY68273502', 1, 1, 3, 1, '2019-11-04 12:36:50'),
(7136, 'MAY68512701', 1, 1, 3, 1, '2019-11-04 12:36:50'),
(7137, 'MAY69351901', 1, 1, 3, 1, '2019-11-04 12:36:50'),
(7138, 'MAY68728608', 1, 1, 3, 1, '2019-11-04 12:36:51'),
(7139, 'MAY67711802', 1, 1, 3, 1, '2019-11-04 12:36:51'),
(7140, 'MAY69375504', 1, 1, 3, 1, '2019-11-04 12:36:51'),
(7141, 'MAY67712303', 1, 1, 3, 1, '2019-11-04 12:36:51'),
(7142, 'MAY69329101', 1, 1, 3, 1, '2019-11-04 12:36:51'),
(7143, 'MAY67459102', 1, 1, 3, 1, '2019-11-04 12:36:51'),
(7144, 'MAY69356101', 1, 1, 3, 1, '2019-11-04 12:36:51'),
(7145, 'MAY68589901', 1, 1, 3, 1, '2019-11-04 12:36:52'),
(7146, 'MAY69329102', 1, 1, 3, 1, '2019-11-04 12:36:52'),
(7147, 'MAY68631101', 1, 1, 3, 1, '2019-11-04 12:36:52'),
(7148, 'MAY68748501', 1, 1, 3, 1, '2019-11-04 12:36:52'),
(7149, 'MAY68273501', 1, 1, 3, 1, '2019-11-04 12:36:52'),
(7150, 'MAY68520601', 1, 1, 3, 1, '2019-11-04 12:36:52'),
(7151, 'MAY69374303', 1, 1, 3, 1, '2019-11-04 12:36:52'),
(7152, 'MAY68028001', 1, 1, 3, 1, '2019-11-04 12:36:52'),
(7153, 'MAY68522701', 1, 1, 3, 1, '2019-11-04 12:36:52'),
(7154, 'MAY68272606', 1, 1, 3, 1, '2019-11-04 12:36:53'),
(7155, 'MAY68808201', 1, 1, 3, 1, '2019-11-04 12:36:53'),
(7156, 'MAY69313101', 1, 1, 3, 1, '2019-11-04 12:36:53'),
(7157, 'MAY68468603', 1, 1, 3, 1, '2019-11-04 12:36:53'),
(7158, 'MAY68470105', 1, 1, 3, 1, '2019-11-04 12:36:53'),
(7159, 'MAY69328502', 1, 1, 3, 1, '2019-11-04 12:36:53'),
(7160, 'MAY68448404', 1, 1, 3, 1, '2019-11-04 12:36:53'),
(7161, 'MAY68649204', 1, 1, 3, 1, '2019-11-04 12:36:54'),
(7162, 'MAY67431201', 1, 1, 3, 1, '2019-11-04 12:36:54'),
(7163, 'MAY68520603', 1, 1, 3, 1, '2019-11-04 12:36:54'),
(7164, 'MAY68520602', 1, 1, 3, 1, '2019-11-04 12:36:54'),
(7165, 'MAY67431203', 1, 1, 3, 1, '2019-11-04 12:36:54'),
(7166, 'MAY67459103', 1, 1, 3, 1, '2019-11-04 12:36:54'),
(7167, 'MAY67582202', 1, 1, 3, 1, '2019-11-04 12:36:54'),
(7168, 'MAY68635601', 1, 1, 3, 1, '2019-11-04 12:36:54'),
(7169, 'MAY69374701', 1, 1, 3, 1, '2019-11-04 12:36:54'),
(7170, 'MAY68451703', 1, 1, 3, 1, '2019-11-04 12:36:55'),
(7171, 'MAY68503702', 1, 1, 3, 1, '2019-11-04 12:36:55'),
(7172, 'MAY69360001', 1, 1, 3, 1, '2019-11-04 12:36:55'),
(7173, 'MAY69360002', 1, 1, 3, 1, '2019-11-04 12:36:55'),
(7174, 'MAY68728604', 1, 1, 3, 1, '2019-11-04 12:36:55'),
(7175, 'MAY67695801', 1, 1, 3, 1, '2019-11-04 12:36:55'),
(7176, 'MAY67478804', 1, 1, 3, 1, '2019-11-04 12:36:55'),
(7177, 'MAY67089202', 1, 1, 3, 1, '2019-11-04 12:36:55'),
(7178, 'MAY67707801', 1, 1, 3, 1, '2019-11-04 12:36:56'),
(7179, 'MAY67089302', 1, 1, 3, 1, '2019-11-04 12:36:56'),
(7180, 'MAY68667601', 1, 1, 3, 1, '2019-11-04 12:36:56'),
(7181, 'MAY67713004', 1, 1, 3, 1, '2019-11-04 12:36:56'),
(7182, 'MAY67713007', 1, 1, 3, 1, '2019-11-04 12:36:56'),
(7183, 'MAY68728607', 1, 1, 3, 1, '2019-11-04 12:36:56'),
(7184, 'MAY67675301', 1, 1, 3, 1, '2019-11-04 12:36:56'),
(7185, 'MAY67713006', 1, 1, 3, 1, '2019-11-04 12:36:57'),
(7186, 'MAY67696101', 1, 1, 3, 1, '2019-11-04 12:36:57'),
(7187, 'MAY67895502', 1, 1, 3, 1, '2019-11-04 12:36:57'),
(7188, 'MAY69329003', 1, 1, 3, 1, '2019-11-04 12:36:57'),
(7189, 'MAY67839902', 1, 1, 3, 1, '2019-11-04 12:36:57'),
(7190, 'MAY69370001', 1, 1, 3, 1, '2019-11-04 12:36:57'),
(7191, 'MAY68728605', 1, 1, 3, 1, '2019-11-04 12:36:57'),
(7192, 'MAY68728612', 1, 1, 3, 1, '2019-11-04 12:36:57'),
(7193, 'MAY68728611', 1, 1, 3, 1, '2019-11-04 12:36:58'),
(7194, 'MAY69349001', 1, 1, 3, 1, '2019-11-04 12:36:58'),
(7195, 'MAY67654302', 1, 1, 3, 1, '2019-11-04 12:36:58'),
(7196, 'MAY69351301', 1, 1, 3, 1, '2019-11-04 12:36:58'),
(7197, 'MAY67414602', 1, 1, 3, 1, '2019-11-04 12:36:58'),
(7198, 'MAY69313201', 1, 1, 3, 1, '2019-11-04 12:36:58'),
(7199, 'MAY69329002', 1, 1, 3, 1, '2019-11-04 12:36:58'),
(7200, 'MAY67894402', 1, 1, 3, 1, '2019-11-04 12:36:59'),
(7201, 'MAY67855402', 1, 1, 3, 1, '2019-11-04 12:36:59'),
(7202, 'MAY67669604', 1, 1, 3, 1, '2019-11-04 12:36:59'),
(7203, 'MAY67675302', 1, 1, 3, 1, '2019-11-04 12:36:59'),
(7204, 'MAY67675303', 1, 1, 3, 1, '2019-11-04 12:36:59'),
(7205, 'MAY67868305', 1, 1, 3, 1, '2019-11-04 12:36:59'),
(7206, 'MAY68631301', 1, 1, 3, 1, '2019-11-04 12:36:59'),
(7207, 'MAY68488501', 1, 1, 3, 1, '2019-11-04 12:36:59'),
(7208, 'MAY67858401', 1, 1, 3, 1, '2019-11-04 12:36:59'),
(7209, 'MAY67414601', 1, 1, 3, 1, '2019-11-04 12:37:00'),
(7210, 'MAY68748701', 1, 1, 3, 1, '2019-11-04 12:37:00'),
(7211, 'MAY67858501', 1, 1, 3, 1, '2019-11-04 12:37:00'),
(7212, 'MAY67098302', 1, 1, 3, 1, '2019-11-04 12:37:00'),
(7213, 'MAY67969802', 1, 1, 3, 1, '2019-11-04 12:37:00'),
(7214, 'MAY67654301', 1, 1, 3, 1, '2019-11-04 12:37:00'),
(7215, 'MAY67713002', 1, 1, 3, 1, '2019-11-04 12:37:00'),
(7216, 'MAY68631501', 1, 1, 3, 1, '2019-11-04 12:37:00'),
(7217, 'MAY69373701', 1, 1, 3, 1, '2019-11-04 12:37:00'),
(7218, 'MAY68650502', 1, 1, 3, 1, '2019-11-04 12:37:01'),
(7219, 'MAY68530401', 1, 1, 3, 1, '2019-11-04 12:37:01'),
(7220, 'MFZ55267503', 1, 1, 3, 1, '2019-11-04 12:37:01'),
(7221, 'MAY66813105', 1, 1, 3, 1, '2019-11-04 12:37:01'),
(7222, 'MAY66548701', 1, 1, 3, 1, '2019-11-04 12:37:01'),
(7223, 'MFZ55267506', 1, 1, 3, 1, '2019-11-04 12:37:01'),
(7224, 'MFZ55267507', 1, 1, 3, 1, '2019-11-04 12:37:01'),
(7225, 'MFZ55267508', 1, 1, 3, 1, '2019-11-04 12:37:01'),
(7226, 'MFZ55267505', 1, 1, 3, 1, '2019-11-04 12:37:01'),
(7227, 'MFZ55267510', 1, 1, 3, 1, '2019-11-04 12:37:02'),
(7228, 'MAY66971601', 1, 1, 3, 1, '2019-11-04 12:37:02'),
(7229, 'AGF79482744', 1, 1, 3, 1, '2019-11-04 12:37:02'),
(7230, 'AGF79482745', 1, 1, 3, 1, '2019-11-04 12:37:02'),
(7231, 'AGF79482747', 1, 1, 3, 1, '2019-11-04 12:37:02'),
(7232, 'AGF79482743', 1, 1, 3, 1, '2019-11-04 12:37:02'),
(7233, 'MAY69332601', 1, 1, 3, 1, '2019-11-04 12:37:02'),
(7234, 'MAY69307901', 1, 1, 3, 1, '2019-11-04 12:37:02'),
(7235, 'MAY66990503', 1, 1, 3, 1, '2019-11-04 12:37:02'),
(7236, 'MAY66951701', 1, 1, 3, 1, '2019-11-04 12:37:02'),
(7237, 'MAY67130601', 1, 1, 3, 1, '2019-11-04 12:37:02'),
(7238, 'MAY69319802', 1, 1, 3, 1, '2019-11-04 12:37:03'),
(7239, 'MAY69380202', 1, 1, 3, 1, '2019-11-04 12:37:03'),
(7240, 'MAY69332302', 1, 1, 3, 1, '2019-11-04 12:37:03'),
(7241, 'MAY67093102', 1, 1, 3, 1, '2019-11-04 12:37:03'),
(7242, 'MAY67536201', 1, 1, 3, 1, '2019-11-04 12:37:03'),
(7243, 'MAY67272020', 1, 1, 3, 1, '2019-11-04 12:37:03'),
(7244, 'MAY67272003', 1, 1, 3, 1, '2019-11-04 12:37:03'),
(7245, 'MAY69380801', 1, 1, 3, 1, '2019-11-04 12:37:03'),
(7246, 'MAY68728614', 1, 1, 3, 1, '2019-11-04 12:37:03'),
(7247, 'MAY67549803', 1, 1, 3, 1, '2019-11-04 12:37:03'),
(7248, 'MAY69380802', 1, 1, 3, 1, '2019-11-04 12:37:04'),
(7249, 'MAY69388902', 1, 1, 3, 1, '2019-11-04 12:37:04'),
(7250, 'MAY69373302', 1, 1, 3, 1, '2019-11-04 12:37:04'),
(7251, 'MAY69333503', 1, 1, 3, 1, '2019-11-04 12:37:04'),
(7252, 'MAY69380803', 1, 1, 3, 1, '2019-11-04 12:37:04'),
(7253, 'MAY69330101', 1, 1, 3, 1, '2019-11-04 12:37:04'),
(7254, 'MAY69354201', 1, 1, 3, 1, '2019-11-04 12:37:04'),
(7255, 'MAY66269702', 1, 1, 3, 1, '2019-11-04 12:37:04'),
(7256, 'MAY67747701', 1, 1, 3, 1, '2019-11-04 12:37:04'),
(7257, 'MDQ65896501-#4', 17, 1, 3, 1, '2019-11-04 12:37:05'),
(7258, 'MDQ65896501-#2', 17, 1, 3, 1, '2019-11-04 12:37:05'),
(7259, 'MDQ66116301-#7', 17, 1, 3, 1, '2019-11-04 12:37:05'),
(7260, 'MDQ65896501-#3', 17, 1, 3, 1, '2019-11-04 12:37:05'),
(7261, 'MDQ66116301-#8', 17, 1, 3, 1, '2019-11-04 12:37:05'),
(7262, 'MDQ66116301-#6', 17, 1, 3, 1, '2019-11-04 12:37:05'),
(7263, 'MDQ66116301-#5', 17, 1, 3, 1, '2019-11-04 12:37:05'),
(7264, 'MDQ65896501-#1', 17, 1, 3, 1, '2019-11-04 12:37:05'),
(7265, 'MDQ66116301-#3', 17, 1, 3, 1, '2019-11-04 12:37:06'),
(7266, 'MDQ66116301-#2', 17, 1, 3, 1, '2019-11-04 12:37:06'),
(7267, 'MDQ66116301-#2-1', 17, 1, 3, 1, '2019-11-04 12:37:06'),
(7268, 'PTJOO-54020', 22, 1, 3, 1, '2019-11-04 12:37:06'),
(7269, 'OHD-49 CAJA', 24, 1, 3, 1, '2019-11-04 12:37:06'),
(7270, 'OHD-49 TAPPA', 24, 1, 3, 1, '2019-11-04 12:37:06'),
(7271, 'SEPARADOR -3', 24, 1, 3, 1, '2019-11-04 12:37:06'),
(7272, 'BC-BOX-2', 24, 1, 3, 1, '2019-11-04 12:37:07'),
(7273, 'SEPARADOR 2', 24, 1, 3, 1, '2019-11-04 12:37:07'),
(7274, 'SEPARADOR 1 (OH-DISPLAY)', 24, 1, 3, 1, '2019-11-04 12:37:07'),
(7275, 'OHD-0086Z', 25, 1, 3, 1, '2019-11-04 12:37:07'),
(7276, 'OHD-0227A', 25, 1, 3, 1, '2019-11-04 12:37:07'),
(7277, 'OHD-0163A', 25, 1, 3, 1, '2019-11-04 12:37:07'),
(7278, 'OFD-0104C(N)', 25, 1, 3, 1, '2019-11-04 12:37:07'),
(7279, 'OFD-105T', 25, 1, 3, 1, '2019-11-04 12:37:07'),
(7280, 'OFD-0567A', 25, 1, 3, 1, '2019-11-04 12:37:07'),
(7281, 'OHD-0086F(N)', 25, 1, 3, 1, '2019-11-04 12:37:08'),
(7282, 'OFD-0105B', 25, 1, 3, 1, '2019-11-04 12:37:08'),
(7283, 'OFD-0781A', 25, 1, 3, 1, '2019-11-04 12:37:08'),
(7284, 'OHD-0226A', 25, 1, 3, 1, '2019-11-04 12:37:08'),
(7285, 'OFD-0104Z', 25, 1, 3, 1, '2019-11-04 12:37:08'),
(7286, 'OFD-0424A', 25, 1, 3, 1, '2019-11-04 12:37:08'),
(7287, 'OFD-0570A', 25, 1, 3, 1, '2019-11-04 12:37:08'),
(7288, 'OFD-0383B', 25, 1, 3, 1, '2019-11-04 12:37:08'),
(7289, 'AP 16622-2', 26, 1, 3, 1, '2019-11-04 12:37:09'),
(7290, 'SAMPLE TOM 1', 28, 1, 3, 1, '2019-11-04 12:37:09'),
(7291, 'SAMPLE TOM 2', 28, 1, 3, 1, '2019-11-04 12:37:09'),
(7292, 'SAMPLE TOM 3', 28, 1, 3, 1, '2019-11-04 12:37:09'),
(7293, 'SAMPLE 32- 1', 28, 1, 3, 1, '2019-11-04 12:37:09'),
(7294, 'SAMPLE 38- 1', 28, 1, 3, 1, '2019-11-04 12:37:09'),
(7295, 'SAMPLE 32- 2', 28, 1, 3, 1, '2019-11-04 12:37:09'),
(7296, 'SAMPLE 38- 2', 28, 1, 3, 1, '2019-11-04 12:37:09'),
(7297, 'SAMPLE 32- 3', 28, 1, 3, 1, '2019-11-04 12:37:09'),
(7298, 'SAMPLE 38- 3', 28, 1, 3, 1, '2019-11-04 12:37:10'),
(7299, 'SAMPLE', 28, 1, 3, 1, '2019-11-04 12:37:10'),
(7300, '100025(ALP 1)', 29, 1, 3, 1, '2019-11-04 12:37:10'),
(7301, '100026 (ALP 1A)', 29, 1, 3, 1, '2019-11-04 12:37:10'),
(7302, 'ALP 1SM', 29, 1, 3, 1, '2019-11-04 12:37:10'),
(7303, '100018(ALP 1)', 29, 1, 3, 1, '2019-11-04 12:37:10'),
(7304, 'ALP 2XL', 29, 1, 3, 1, '2019-11-04 12:37:10'),
(7305, '100033(ALP 2)', 29, 1, 3, 1, '2019-11-04 12:37:10'),
(7306, '100093(ALP 3)', 29, 1, 3, 1, '2019-11-04 12:37:10'),
(7307, 'Z827151-1', 29, 1, 3, 1, '2019-11-04 12:37:11'),
(7308, '100-SI43-13282-JVC', 31, 1, 3, 1, '2019-11-04 12:37:11'),
(7309, 'JVC 43', 31, 1, 3, 1, '2019-11-04 12:37:11'),
(7310, 'AIWA -49', 31, 1, 3, 1, '2019-11-04 12:37:11'),
(7311, '200-SI49F-02G-JVC', 31, 1, 3, 1, '2019-11-04 12:37:11'),
(7312, 'JVC-49', 31, 1, 3, 1, '2019-11-04 12:37:11'),
(7313, 'SI51F-002G-JVC', 31, 1, 3, 1, '2019-11-04 12:37:11'),
(7314, 'SI50F-002G-JVC', 31, 1, 3, 1, '2019-11-04 12:37:12'),
(7315, '100-SI50-132AD-JVC', 31, 1, 3, 1, '2019-11-04 12:37:12'),
(7316, 'SI55F-002G-JVC', 31, 1, 3, 1, '2019-11-04 12:37:12'),
(7317, 'SI65F-002G-JVC', 31, 1, 3, 1, '2019-11-04 12:37:12'),
(7318, 'SP-LED24', 31, 1, 3, 1, '2019-11-04 12:37:12'),
(7319, '200-SI24J-02G-JVC', 31, 1, 3, 1, '2019-11-04 12:37:12'),
(7320, 'ATV24-HD', 31, 1, 3, 1, '2019-11-04 12:37:12'),
(7321, '201-SI24J-02G-JVC', 31, 1, 3, 1, '2019-11-04 12:37:12'),
(7322, '200-ATV24J-03G-ATV(BIG)', 31, 1, 3, 1, '2019-11-04 12:37:12'),
(7323, '200-24SP-03G-SP  SP-LED24', 31, 1, 3, 1, '2019-11-04 12:37:13'),
(7324, 'SP-32 SMART', 31, 1, 3, 1, '2019-11-04 12:37:13'),
(7325, 'GV-32 LED', 31, 1, 3, 1, '2019-11-04 12:37:13'),
(7326, '300-TLK32-002-TLK', 31, 1, 3, 1, '2019-11-04 12:37:13'),
(7327, '200-SI32J-02G-JVC', 31, 1, 3, 1, '2019-11-04 12:37:13'),
(7328, '200-32-HSDP-0104', 31, 1, 3, 1, '2019-11-04 12:37:13'),
(7329, '200-32CT-002G-ATV', 31, 1, 3, 1, '2019-11-04 12:37:13'),
(7330, '101-32SM-13262-ATV', 31, 1, 3, 1, '2019-11-04 12:37:13'),
(7331, '100-32SP-13282-SP', 31, 1, 3, 1, '2019-11-04 12:37:14'),
(7332, '100-32SM-13301-SP', 31, 1, 3, 1, '2019-11-04 12:37:14'),
(7333, '100-32SM-13282-ATV', 31, 1, 3, 1, '2019-11-04 12:37:14'),
(7334, 'JVC-39', 31, 1, 3, 1, '2019-11-04 12:37:14'),
(7335, 'ATV40GIFTBOX', 31, 1, 3, 1, '2019-11-04 12:37:14'),
(7336, '200-ATV24J-02G-ATV', 31, 1, 3, 1, '2019-11-04 12:37:14'),
(7337, '10A-5GTA-132082-002G-TMK', 31, 1, 3, 1, '2019-11-04 12:37:14'),
(7338, '200-SI40F-02G-JVC', 31, 1, 3, 1, '2019-11-04 12:37:14'),
(7339, 'SQY-SI40FS-02G-JVC', 31, 1, 3, 1, '2019-11-04 12:37:14'),
(7340, '200-SI49FC-JVC', 31, 1, 3, 1, '2019-11-04 12:37:14'),
(7341, 'SERVICIOS', 31, 1, 3, 1, '2019-11-04 12:37:15'),
(7342, 'INNER BOX', 32, 1, 3, 1, '2019-11-04 12:37:15'),
(7343, 'OUTBOX', 32, 1, 3, 1, '2019-11-04 12:37:15'),
(7344, 'SVS76-581050-0ATD5', 33, 1, 3, 1, '2019-11-04 12:37:15'),
(7345, 'TCL 32D1800KALLY', 33, 1, 3, 1, '2019-11-04 12:37:15'),
(7346, 'TCL32D1560 (OLIMPO)', 33, 1, 3, 1, '2019-11-04 12:37:15'),
(7347, 'ATV-32SM-76-581050-0ATT3', 33, 1, 3, 1, '2019-11-04 12:37:15'),
(7348, '76-581050-0ATWL', 33, 1, 3, 1, '2019-11-04 12:37:15'),
(7349, 'SVS76-581050-0ATWK', 33, 1, 3, 1, '2019-11-04 12:37:15'),
(7350, 'SVS765990400AT2KC', 33, 1, 3, 1, '2019-11-04 12:37:16'),
(7351, 'SVS76-54827B-2ATU1', 33, 1, 3, 1, '2019-11-04 12:37:16'),
(7352, 'SVS76-548270-0ATWP', 33, 1, 3, 1, '2019-11-04 12:37:16'),
(7353, 'SVS766068200AT2CC', 33, 1, 3, 1, '2019-11-04 12:37:16'),
(7354, 'SVS766117500AT1AC', 33, 1, 3, 1, '2019-11-04 12:37:16'),
(7355, 'SVS76-544220-0ATWP', 33, 1, 3, 1, '2019-11-04 12:37:16'),
(7356, 'SVS76-5880800AT1SC', 33, 1, 3, 1, '2019-11-04 12:37:16'),
(7357, 'SVS76-611750-0AD1A', 33, 1, 3, 1, '2019-11-04 12:37:16'),
(7358, 'SVS76-5880800AT1SC-B', 33, 1, 3, 1, '2019-11-04 12:37:16'),
(7359, '76-581050-OAT1B', 33, 1, 3, 1, '2019-11-04 12:37:16'),
(7360, 'SVS76-581050-0ATR6', 33, 1, 3, 1, '2019-11-04 12:37:17'),
(7361, 'FRAGILE BOX', 2, 1, 3, 1, '2019-11-04 12:37:17'),
(7362, 'GENERICA', 2, 1, 3, 1, '2019-11-04 12:37:17'),
(7363, 'NEW', 2, 1, 3, 1, '2019-11-04 12:37:17'),
(7364, 'SMALL LIGHT CAP', 2, 1, 3, 1, '2019-11-04 12:37:17'),
(7365, 'JAPONESA', 2, 1, 3, 1, '2019-11-04 12:37:17'),
(7366, 'F534-8090', 34, 1, 3, 1, '2019-11-04 12:37:17'),
(7367, 'F534-8089', 34, 1, 3, 1, '2019-11-04 12:37:17'),
(7368, '28\" X 39\" PAD', 35, 1, 3, 1, '2019-11-04 12:37:17'),
(7369, '36\" X 48\" PAD', 35, 1, 3, 1, '2019-11-04 12:37:18'),
(7370, 'HWMW-50050839-001', 36, 1, 3, 1, '2019-11-04 12:37:18'),
(7371, 'WOW MEATS', 37, 1, 3, 1, '2019-11-04 12:37:18'),
(7372, 'Pro Meat', 37, 1, 3, 1, '2019-11-04 12:37:18'),
(7373, 'GPS-0021-3', 38, 1, 3, 1, '2019-11-04 12:37:18'),
(7374, 'GPS-0070', 38, 1, 3, 1, '2019-11-04 12:37:18'),
(7375, 'GPS-0080-3', 38, 1, 3, 1, '2019-11-04 12:37:18'),
(7376, 'GPS-0058-4', 38, 1, 3, 1, '2019-11-04 12:37:18'),
(7377, 'GPS-0076', 38, 1, 3, 1, '2019-11-04 12:37:18'),
(7378, 'GPS-0073', 38, 1, 3, 1, '2019-11-04 12:37:19'),
(7379, 'GPS-0072', 38, 1, 3, 1, '2019-11-04 12:37:19'),
(7380, 'GPS-0067', 38, 1, 3, 1, '2019-11-04 12:37:19'),
(7381, 'GPS-0056', 38, 1, 3, 1, '2019-11-04 12:37:19'),
(7382, 'GPS-0049', 38, 1, 3, 1, '2019-11-04 12:37:19'),
(7383, 'GPS-0023', 38, 1, 3, 1, '2019-11-04 12:37:19'),
(7384, 'GPS-0022', 38, 1, 3, 1, '2019-11-04 12:37:19'),
(7385, 'GPS-0019', 38, 1, 3, 1, '2019-11-04 12:37:19'),
(7386, 'GPS-0016', 38, 1, 3, 1, '2019-11-04 12:37:19'),
(7387, 'GPS-0070 D', 38, 1, 3, 1, '2019-11-04 12:37:20'),
(7388, 'GPS-0077 D', 38, 1, 3, 1, '2019-11-04 12:37:20'),
(7389, 'GPS-0078 D', 38, 1, 3, 1, '2019-11-04 12:37:20'),
(7390, 'GPS-0073-3(D)', 38, 1, 3, 1, '2019-11-04 12:37:20'),
(7391, 'GPS-0082-3(D)', 38, 1, 3, 1, '2019-11-04 12:37:20'),
(7392, 'GPS-0081-3(D)', 38, 1, 3, 1, '2019-11-04 12:37:20'),
(7393, 'GPS-0025', 38, 1, 3, 1, '2019-11-04 12:37:20'),
(7394, 'GPS-0021', 38, 1, 3, 1, '2019-11-04 12:37:20'),
(7395, 'GPS-0069', 38, 1, 3, 1, '2019-11-04 12:37:20'),
(7396, 'GPS-0055', 38, 1, 3, 1, '2019-11-04 12:37:20'),
(7397, 'GPS-0081-3', 38, 1, 3, 1, '2019-11-04 12:37:20'),
(7398, 'GPS-0077', 38, 1, 3, 1, '2019-11-04 12:37:21'),
(7399, 'GPS-0018', 38, 1, 3, 1, '2019-11-04 12:37:21'),
(7400, 'GPS-0050', 38, 1, 3, 1, '2019-11-04 12:37:21'),
(7401, 'GPS-0079', 38, 1, 3, 1, '2019-11-04 12:37:21'),
(7402, 'PK517093ML', 10, 1, 3, 1, '2019-11-04 12:37:21'),
(7403, 'PK520058ML', 10, 1, 3, 1, '2019-11-04 12:37:21'),
(7404, 'PK520057ML', 10, 1, 3, 1, '2019-11-04 12:37:21'),
(7405, '6682CTN', 10, 1, 3, 1, '2019-11-04 12:37:21'),
(7406, 'MAY69007810', 1, 1, 3, 1, '2019-11-04 12:37:21'),
(7407, 'MAY69428201', 1, 1, 3, 1, '2019-11-04 12:37:21'),
(7408, 'MAY68514301', 1, 1, 3, 1, '2019-11-04 12:37:21'),
(7409, 'PRO MEAT SOLUTION #30', 37, 1, 3, 1, '2019-11-04 12:37:22'),
(7410, 'OFD-0104Y', 39, 1, 3, 1, '2019-11-04 12:37:22'),
(7411, 'OHD-0086Y', 39, 1, 3, 1, '2019-11-04 12:37:22'),
(7412, 'MAY68189102', 1, 1, 3, 1, '2019-11-04 12:37:22'),
(7413, 'MAY69320308', 1, 1, 3, 1, '2019-11-04 12:37:22'),
(7414, 'CLP-PR8-BULK-CTN', 10, 1, 3, 1, '2019-11-04 12:37:22'),
(7415, 'MAY66912603', 1, 1, 3, 1, '2019-11-04 12:37:22'),
(7416, 'MAY66251053', 1, 1, 3, 1, '2019-11-04 12:37:22'),
(7417, 'MAY65632418', 1, 1, 3, 1, '2019-11-04 12:37:22'),
(7418, 'MAY67055203', 1, 1, 3, 1, '2019-11-04 12:37:22'),
(7419, 'MAY67307703', 1, 1, 3, 1, '2019-11-04 12:37:23'),
(7420, 'MAY67328203', 1, 1, 3, 1, '2019-11-04 12:37:23'),
(7421, 'PK514084EN', 10, 1, 3, 1, '2019-11-04 12:37:23'),
(7422, 'MAY69363403', 1, 1, 3, 1, '2019-11-04 12:37:23'),
(7423, 'MAY68748902', 1, 1, 3, 1, '2019-11-04 12:37:23'),
(7424, 'MAY68748002', 1, 1, 3, 1, '2019-11-04 12:37:23'),
(7425, 'MAY68749001', 1, 1, 3, 1, '2019-11-04 12:37:23'),
(7426, 'MAY67613602', 1, 1, 3, 1, '2019-11-04 12:37:23'),
(7427, 'MAY69429502', 1, 1, 3, 1, '2019-11-04 12:37:24'),
(7428, 'MAY69431901', 1, 1, 3, 1, '2019-11-04 12:37:24'),
(7429, 'MAY69610903', 1, 1, 3, 1, '2019-11-04 12:37:24'),
(7430, 'N001001404', 40, 1, 3, 1, '2019-11-04 12:37:24'),
(7431, 'N001001405', 40, 1, 3, 1, '2019-11-04 12:37:24'),
(7432, 'MAY67649801', 1, 1, 3, 1, '2019-11-04 12:37:24'),
(7433, 'MAY68749101', 1, 1, 3, 1, '2019-11-04 12:37:24'),
(7434, 'CLP-78552', 10, 1, 3, 1, '2019-11-04 12:37:24'),
(7435, 'CLP0010915I', 10, 1, 3, 1, '2019-11-04 12:37:24'),
(7436, 'CMPM-TAIB', 8, 1, 3, 1, '2019-11-04 12:37:24'),
(7437, 'D49-140-LG-C', 1, 7, 3, 1, '2019-11-17 11:58:24'),
(7438, 'D49-130-LG-C', 1, 7, 3, 1, '2019-11-17 12:01:16'),
(7439, 'SW32-130-LG-C', 1, 7, 3, 1, '2019-11-17 12:09:55'),
(7440, 'SEW47-110-ET-C', 1, 7, 3, 1, '2019-11-17 12:09:56'),
(7441, 'SE40-110-ET-S', 1, 7, 3, 1, '2019-11-17 12:09:56'),
(7442, 'SE27-110-LG-C', 1, 7, 3, 1, '2019-11-17 12:09:56'),
(7443, 'SB45-110-ET-C', 1, 7, 3, 1, '2019-11-17 12:09:56'),
(7444, 'SB27-210-LG-C', 1, 7, 3, 1, '2019-11-17 12:09:56'),
(7445, 'SB27-120-LG-C', 1, 7, 3, 1, '2019-11-17 12:09:56'),
(7446, 'SB24-110-LG-C', 1, 7, 3, 1, '2019-11-17 12:09:56'),
(7447, 'SB23-110-ET-C', 1, 7, 3, 1, '2019-11-17 13:09:58'),
(7448, 'S87-120-CM-C', 1, 7, 3, 1, '2019-11-17 13:09:58'),
(7449, 'S86-111-AC-C', 1, 7, 3, 1, '2019-11-17 13:09:58'),
(7450, 'S84-121-ET-C', 1, 7, 3, 1, '2019-11-17 13:09:58'),
(7451, 'S59-121-ET-C', 1, 7, 3, 1, '2019-11-17 13:09:58'),
(7452, 'S24-150-LG-C', 1, 7, 3, 1, '2019-11-17 13:18:20'),
(7453, 'S24-120-LG-C', 1, 7, 3, 1, '2019-11-17 13:18:20'),
(7454, 'S22-140-LG-C', 1, 7, 3, 1, '2019-11-17 13:18:20'),
(7455, 'DW50-120-LG-C', 1, 7, 3, 1, '2019-11-17 13:18:20'),
(7456, 'DW49-170-LG-C', 1, 7, 3, 1, '2019-11-17 13:18:20'),
(7457, 'DW43-110-LG-C', 1, 7, 3, 1, '2019-11-17 13:18:20'),
(7458, 'S45-110-OH-S', 1, 7, 3, 1, '2019-11-17 13:53:35'),
(7459, 'S40-120-LG-C', 1, 7, 3, 1, '2019-11-17 13:53:35'),
(7460, 'S27-170-LG-C', 1, 7, 3, 1, '2019-11-17 13:53:35'),
(7461, 'S24-170-LG-C', 1, 7, 3, 1, '2019-11-17 13:53:35'),
(7462, 'D43-150-LG-C', 1, 7, 3, 1, '2019-11-17 13:54:19');

-- --------------------------------------------------------

--
-- Estructura de tabla para la tabla `parteposicionbodega`
--

CREATE TABLE `parteposicionbodega` (
  `idparteposicionbodega` int(11) NOT NULL,
  `idpalletcajas` int(11) NOT NULL,
  `numero` int(11) NOT NULL,
  `idposicion` int(11) NOT NULL,
  `ordensalida` tinyint(1) NOT NULL,
  `salida` tinyint(1) NOT NULL,
  `idusuario` int(11) NOT NULL,
  `fecharegistro` datetime NOT NULL
) ENGINE=InnoDB DEFAULT CHARSET=latin1;

--
-- Volcado de datos para la tabla `parteposicionbodega`
--

INSERT INTO `parteposicionbodega` (`idparteposicionbodega`, `idpalletcajas`, `numero`, `idposicion`, `ordensalida`, `salida`, `idusuario`, `fecharegistro`) VALUES
(1, 41, 1, 89, 0, 0, 3, '2019-11-17 13:09:58'),
(2, 42, 1, 89, 0, 0, 3, '2019-11-17 13:09:58'),
(3, 43, 1, 89, 0, 0, 3, '2019-11-17 13:09:58'),
(4, 44, 1, 89, 1, 0, 3, '2019-11-17 13:09:59'),
(5, 45, 1, 89, 0, 0, 3, '2019-11-17 13:09:59'),
(6, 46, 1, 89, 0, 0, 3, '2019-11-17 13:18:20'),
(7, 47, 1, 89, 0, 0, 3, '2019-11-17 13:18:20'),
(8, 48, 1, 89, 0, 0, 3, '2019-11-17 13:18:20'),
(9, 49, 1, 89, 0, 0, 3, '2019-11-17 13:18:20'),
(10, 50, 1, 89, 0, 0, 3, '2019-11-17 13:18:20'),
(11, 51, 1, 89, 0, 0, 3, '2019-11-17 13:18:20'),
(12, 52, 1, 89, 0, 0, 3, '2019-11-17 13:53:35'),
(13, 53, 1, 89, 0, 0, 3, '2019-11-17 13:53:36'),
(14, 54, 1, 89, 0, 0, 3, '2019-11-17 13:53:36'),
(15, 55, 1, 89, 0, 0, 3, '2019-11-17 13:53:36'),
(16, 56, 1, 89, 0, 0, 3, '2019-11-17 13:54:19'),
(17, 40, 1, 12, 0, 0, 3, '2019-11-17 14:14:33'),
(18, 35, 1, 11, 1, 0, 3, '2019-11-17 14:15:33'),
(19, 36, 1, 11, 1, 0, 3, '2019-11-17 14:15:33'),
(20, 37, 1, 11, 1, 0, 3, '2019-11-17 14:15:33'),
(21, 38, 1, 11, 0, 0, 3, '2019-11-17 14:15:33'),
(22, 39, 1, 11, 0, 0, 3, '2019-11-17 14:15:33'),
(23, 33, 1, 13, 1, 0, 3, '2019-11-17 14:18:26'),
(24, 34, 1, 13, 1, 0, 3, '2019-11-17 14:18:26'),
(25, 31, 1, 19, 1, 0, 3, '2019-11-17 14:18:59'),
(26, 32, 1, 19, 1, 0, 3, '2019-11-17 14:18:59'),
(27, 30, 1, 1, 1, 0, 3, '2019-11-17 14:19:21'),
(28, 29, 1, 2, 1, 0, 3, '2019-11-17 14:19:34'),
(29, 28, 1, 11, 1, 0, 3, '2019-11-17 14:19:46');

-- --------------------------------------------------------

--
-- Estructura de tabla para la tabla `permissions`
--

CREATE TABLE `permissions` (
  `id` int(10) NOT NULL,
  `uri` varchar(255) COLLATE utf8_unicode_ci NOT NULL,
  `description` varchar(120) COLLATE utf8_unicode_ci NOT NULL
) ENGINE=InnoDB DEFAULT CHARSET=utf8 COLLATE=utf8_unicode_ci;

--
-- Volcado de datos para la tabla `permissions`
--

INSERT INTO `permissions` (`id`, `uri`, `description`) VALUES
(14, 'permiso/*', 'Permisos'),
(21, 'client/*', 'Cliente'),
(22, 'transferencia/*', 'Modulo Packing'),
(24, 'rol/*', 'Roles'),
(25, 'user/*', 'Usuarios'),
(26, 'turno/*', 'Turnos'),
(27, 'reporte/*', 'Modulo Reportes'),
(28, 'calidadp/*', 'Modulo Calidad'),
(29, 'bodegap/*', 'Modulo Almacen'),
(30, 'salida/*', 'Modulo Salida'),
(31, 'inventario/*', 'Modulo Inventario'),
(32, 'orden/*', 'Ordenes de Salidas'),
(48, 'parte/*', 'Partes'),
(49, 'catalogo/*', 'Catalogo'),
(50, 'modelo/*', 'Modelo'),
(51, 'revision/*', 'Revision'),
(52, 'cantidad/*', 'Cantidad'),
(53, 'linea/*', 'Linea'),
(54, 'ubicacion/*', 'Ubicacion'),
(55, 'motivorechazo/*', 'Motivos de rechazo'),
(56, 'warehouse/*', 'Movimientos'),
(57, 'almacen/*', 'Locacion'),
(58, 'categoria/*', 'Modulo de categorias'),
(59, 'hold/*', 'Modulo Hold');

-- --------------------------------------------------------

--
-- Estructura de tabla para la tabla `permission_rol`
--

CREATE TABLE `permission_rol` (
  `id` int(10) NOT NULL,
  `permission_id` int(10) NOT NULL,
  `rol_id` int(10) NOT NULL
) ENGINE=InnoDB DEFAULT CHARSET=latin1;

--
-- Volcado de datos para la tabla `permission_rol`
--

INSERT INTO `permission_rol` (`id`, `permission_id`, `rol_id`) VALUES
(40, 30, 5),
(58, 29, 4),
(62, 22, 3),
(65, 28, 2),
(69, 14, 1),
(70, 21, 1),
(71, 22, 1),
(72, 24, 1),
(73, 25, 1),
(74, 26, 1),
(75, 27, 1),
(76, 28, 1),
(77, 29, 1),
(78, 30, 1),
(79, 31, 1),
(80, 32, 1),
(81, 48, 1),
(82, 49, 1),
(83, 50, 1),
(84, 51, 1),
(85, 52, 1),
(86, 53, 1),
(87, 54, 1),
(88, 55, 1),
(89, 56, 1),
(90, 57, 1),
(91, 58, 1),
(92, 59, 1);

-- --------------------------------------------------------

--
-- Estructura de tabla para la tabla `posicionbodega`
--

CREATE TABLE `posicionbodega` (
  `idposicion` int(11) NOT NULL,
  `nombreposicion` varchar(150) NOT NULL,
  `activo` tinyint(1) NOT NULL
) ENGINE=InnoDB DEFAULT CHARSET=latin1;

--
-- Volcado de datos para la tabla `posicionbodega`
--

INSERT INTO `posicionbodega` (`idposicion`, `nombreposicion`, `activo`) VALUES
(1, 'A1', 1),
(2, 'A2', 1),
(3, 'A3', 1),
(4, 'A4', 1),
(5, 'A5', 1),
(6, 'A6', 1),
(7, 'A7', 1),
(8, 'A8', 1),
(9, 'A9', 1),
(10, 'A10', 1),
(11, 'A11', 1),
(12, 'A12', 1),
(13, 'A13', 1),
(14, 'A14', 1),
(15, 'A15', 1),
(16, 'A18', 1),
(17, 'B1', 1),
(18, 'B2', 1),
(19, 'B3', 1),
(20, 'B4', 1),
(21, 'B5', 1),
(22, 'B6', 1),
(23, 'B7', 1),
(24, 'B8', 1),
(25, 'B9', 1),
(26, 'B10', 1),
(27, 'B11', 1),
(28, 'B12', 1),
(29, 'B13', 1),
(30, 'B14', 1),
(31, 'B15', 1),
(32, 'B16', 1),
(33, 'B17', 1),
(34, 'B18', 1),
(35, 'C1', 1),
(36, 'C2', 1),
(37, 'C3', 1),
(38, 'C4', 1),
(39, 'C5', 1),
(40, 'C6', 1),
(41, 'C7', 1),
(42, 'C8', 1),
(43, 'C9', 1),
(44, 'C10', 1),
(45, 'C11', 1),
(46, 'C12', 1),
(47, 'C13', 1),
(48, 'C14', 1),
(49, 'C15', 1),
(50, 'C16', 1),
(51, 'C17', 1),
(52, 'C18', 1),
(53, 'C19', 1),
(54, 'C20', 1),
(55, 'C21', 1),
(56, 'C22', 1),
(57, 'C23', 1),
(58, 'C24', 1),
(59, 'C25', 1),
(60, 'C26', 1),
(61, 'C27', 1),
(62, 'C28', 1),
(63, 'C29', 1),
(64, 'C30', 1),
(65, 'C31', 1),
(66, 'C32', 1),
(67, 'C33', 1),
(68, 'C34', 1),
(69, 'C35', 1),
(70, 'C36', 1),
(71, 'D1', 1),
(72, 'D2', 1),
(73, 'D3', 1),
(74, 'D4', 1),
(75, 'D5', 1),
(76, 'D6', 1),
(77, 'D7', 1),
(78, 'D8', 1),
(79, 'D9', 1),
(80, 'D10', 1),
(81, 'D11', 1),
(82, 'D12', 1),
(83, 'D13', 1),
(84, 'D14', 1),
(85, 'D15', 1),
(86, 'D16', 1),
(87, 'D17', 1),
(88, 'D18', 1),
(89, 'AREA LAMINA', 1);

-- --------------------------------------------------------

--
-- Estructura de tabla para la tabla `proceso`
--

CREATE TABLE `proceso` (
  `idproceso` int(11) NOT NULL,
  `nombreproceso` varchar(200) NOT NULL
) ENGINE=InnoDB DEFAULT CHARSET=latin1;

--
-- Volcado de datos para la tabla `proceso`
--

INSERT INTO `proceso` (`idproceso`, `nombreproceso`) VALUES
(1, 'PACKING'),
(2, 'CALIDAD'),
(3, 'BODEGA'),
(4, 'SALIDA');

-- --------------------------------------------------------

--
-- Estructura de tabla para la tabla `rol`
--

CREATE TABLE `rol` (
  `id` int(10) NOT NULL,
  `rol` varchar(200) NOT NULL
) ENGINE=InnoDB DEFAULT CHARSET=latin1;

--
-- Volcado de datos para la tabla `rol`
--

INSERT INTO `rol` (`id`, `rol`) VALUES
(1, 'Administrador'),
(2, 'Calidad'),
(3, 'Packing'),
(4, 'Bodega'),
(5, 'Salida');

-- --------------------------------------------------------

--
-- Estructura de tabla para la tabla `salida`
--

CREATE TABLE `salida` (
  `idsalida` int(11) NOT NULL,
  `numerosalida` varchar(50) NOT NULL,
  `idcliente` int(11) NOT NULL,
  `po` varchar(150) NOT NULL,
  `notas` varchar(250) NOT NULL,
  `orden` tinyint(1) NOT NULL,
  `finalizado` tinyint(1) NOT NULL,
  `idusuario` int(11) NOT NULL,
  `fecharegistro` datetime NOT NULL
) ENGINE=InnoDB DEFAULT CHARSET=latin1;

--
-- Volcado de datos para la tabla `salida`
--

INSERT INTO `salida` (`idsalida`, `numerosalida`, `idcliente`, `po`, `notas`, `orden`, `finalizado`, `idusuario`, `fecharegistro`) VALUES
(1, 'LG-20191117-1', 1, '', '', 0, 1, 3, '2019-11-17 19:32:46'),
(2, 'LG-20191117-2', 1, 'Test', 'Notas', 0, 1, 3, '2019-11-17 21:34:23'),
(3, 'LG-20191118-3', 1, '', '', 0, 0, 3, '2019-11-18 12:04:15');

-- --------------------------------------------------------

--
-- Estructura de tabla para la tabla `status`
--

CREATE TABLE `status` (
  `idestatus` int(11) NOT NULL,
  `nombrestatus` varchar(200) NOT NULL,
  `idproceso` int(11) NOT NULL
) ENGINE=InnoDB DEFAULT CHARSET=latin1;

--
-- Volcado de datos para la tabla `status`
--

INSERT INTO `status` (`idestatus`, `nombrestatus`, `idproceso`) VALUES
(1, 'ENVIADO A CALIDAD', 1),
(2, 'TERMINADO', 1),
(3, 'RECHAZADO A PACKING', 1),
(4, 'ENVIADO A ALMACEN', 2),
(5, 'TERMINADO', 2),
(6, 'RECHAZADO A CALIDAD', 2),
(7, 'ENVIADO', 3),
(8, 'EN BODEGA', 3),
(9, 'RECHAZADO', 3),
(12, 'EN HOLD', 2),
(13, 'SCRAP', 2),
(14, 'EN ESPERA', 1),
(15, 'EN ESPERA', 2),
(16, 'EN ESPERA', 3),
(17, 'ELIMINADO', 1);

-- --------------------------------------------------------

--
-- Estructura de tabla para la tabla `tblcantidad`
--

CREATE TABLE `tblcantidad` (
  `idcantidad` int(11) NOT NULL,
  `idrevision` int(11) NOT NULL,
  `cantidad` int(11) NOT NULL,
  `idusuario` int(11) NOT NULL,
  `fecharegistro` datetime NOT NULL
) ENGINE=InnoDB DEFAULT CHARSET=latin1;

--
-- Volcado de datos para la tabla `tblcantidad`
--

INSERT INTO `tblcantidad` (`idcantidad`, `idrevision`, `cantidad`, `idusuario`, `fecharegistro`) VALUES
(26, 416, 1050, 3, '2019-11-08 09:12:19'),
(27, 606, 4820, 3, '2019-11-17 12:01:16'),
(28, 607, 1260, 3, '2019-11-17 12:01:16'),
(29, 608, 30200, 3, '2019-11-17 12:09:56'),
(30, 609, 1445, 3, '2019-11-17 12:09:56'),
(31, 610, 11000, 3, '2019-11-17 12:09:56'),
(32, 611, 3984, 3, '2019-11-17 12:09:56'),
(33, 612, 100, 3, '2019-11-17 12:09:56'),
(34, 613, 7390, 3, '2019-11-17 12:09:56'),
(35, 614, 6008, 3, '2019-11-17 12:09:56'),
(36, 615, 3540, 3, '2019-11-17 12:09:56'),
(37, 616, 3350, 3, '2019-11-17 13:09:58'),
(38, 617, 5850, 3, '2019-11-17 13:09:58'),
(39, 618, 1100, 3, '2019-11-17 13:09:58'),
(40, 619, 2650, 3, '2019-11-17 13:09:58'),
(41, 620, 3000, 3, '2019-11-17 13:09:58'),
(42, 621, 2750, 3, '2019-11-17 13:18:20'),
(43, 622, 6000, 3, '2019-11-17 13:18:20'),
(44, 623, 2620, 3, '2019-11-17 13:18:20'),
(45, 624, 1980, 3, '2019-11-17 13:18:20'),
(46, 625, 6040, 3, '2019-11-17 13:18:20'),
(47, 626, 18880, 3, '2019-11-17 13:18:20'),
(48, 627, 2425, 3, '2019-11-17 13:53:35'),
(49, 628, 5730, 3, '2019-11-17 13:53:35'),
(50, 629, 1175, 3, '2019-11-17 13:53:35'),
(51, 630, 15092, 3, '2019-11-17 13:53:35'),
(52, 631, 1530, 3, '2019-11-17 13:54:19');

-- --------------------------------------------------------

--
-- Estructura de tabla para la tabla `tblcategoria`
--

CREATE TABLE `tblcategoria` (
  `idcategoria` int(11) NOT NULL,
  `nombrecategoria` varchar(120) NOT NULL,
  `activo` tinyint(4) NOT NULL,
  `idusuario` int(11) NOT NULL,
  `fecha` datetime NOT NULL
) ENGINE=InnoDB DEFAULT CHARSET=latin1;

--
-- Volcado de datos para la tabla `tblcategoria`
--

INSERT INTO `tblcategoria` (`idcategoria`, `nombrecategoria`, `activo`, `idusuario`, `fecha`) VALUES
(1, 'CAJA OTROS', 1, 3, '2019-11-13 11:29:44'),
(2, 'SEPARADORES', 1, 3, '2019-11-13 11:29:57'),
(3, 'CAJA', 1, 3, '2019-11-13 11:30:04'),
(4, 'CAJA TV', 1, 3, '2019-11-13 11:30:14'),
(5, 'CAJA MONITOR', 1, 3, '2019-11-13 11:30:24'),
(6, 'MANUAL', 1, 3, '2019-11-13 11:30:34'),
(7, 'LAMINA', 1, 3, '2019-11-13 11:30:43'),
(8, 'BOLSAS', 1, 3, '2019-11-13 11:31:10'),
(9, 'SHEET SLIP', 1, 3, '2019-11-13 11:31:21'),
(10, 'TINTA', 1, 3, '2019-11-13 11:31:28');

-- --------------------------------------------------------

--
-- Estructura de tabla para la tabla `tbldocumento`
--

CREATE TABLE `tbldocumento` (
  `iddocumento` int(11) NOT NULL,
  `identificador` varchar(50) NOT NULL,
  `numeroparte` varchar(200) NOT NULL,
  `modelo` varchar(200) NOT NULL,
  `revision` varchar(200) NOT NULL,
  `cantidadcajas` varchar(200) NOT NULL,
  `cantidadpallet` varchar(200) NOT NULL,
  `cliente` varchar(200) NOT NULL,
  `proveedor` varchar(200) DEFAULT NULL,
  `locacion` varchar(200) NOT NULL,
  `fechaentrada` varchar(200) NOT NULL,
  `categoria` varchar(200) NOT NULL,
  `subido` tinyint(4) NOT NULL,
  `idusuario` int(11) NOT NULL,
  `fecharegistro` datetime NOT NULL
) ENGINE=MyISAM DEFAULT CHARSET=latin1;

--
-- Volcado de datos para la tabla `tbldocumento`
--

INSERT INTO `tbldocumento` (`iddocumento`, `identificador`, `numeroparte`, `modelo`, `revision`, `cantidadcajas`, `cantidadpallet`, `cliente`, `proveedor`, `locacion`, `fechaentrada`, `categoria`, `subido`, `idusuario`, `fecharegistro`) VALUES
(4025, '13112019', 'SW32-130-LG-C', '32LJ550B-SA/32LJ550D-DA', 'N/A', '30200', '1', '1', 'ISC (IP)', 'AREA LAMINA', '', '7', 0, 3, '2019-11-13 09:44:13'),
(4026, '13112019', 'SEW47-110-ET-C', 'CTNINS148M', 'N/A', '1445', '1', '1', 'SINIL', 'AREA LAMINA', '', '7', 0, 3, '2019-11-13 09:44:13'),
(4027, '13112019', 'SE40-110-ET-S', 'CLP0011164I (EATON)', 'N/A', '11000', '1', '1', 'DYNAPACK CO.', 'AREA LAMINA', '', '7', 0, 3, '2019-11-13 09:44:13'),
(4028, '13112019', 'SE27-110-LG-C', 'MAY67649801', 'N/A', '3984', '1', '1', 'SINIL', 'AREA LAMINA', '', '7', 0, 3, '2019-11-13 09:44:13'),
(4029, '13112019', 'SB45-110-ET-C', 'PK526434ML (EATON)', 'N/A', '100', '1', '1', 'SINIL', 'AREA LAMINA', '', '7', 0, 3, '2019-11-13 09:44:13'),
(4030, '13112019', 'SB27-210-LG-C', 'MAY68748002', 'N/A', '7390', '1', '1', 'ISC', 'AREA LAMINA', '', '7', 0, 3, '2019-11-13 09:44:13'),
(4031, '13112019', 'SB27-120-LG-C', 'MAY68749001', 'N/A', '6008', '1', '1', 'ISC', 'AREA LAMINA', '', '7', 0, 3, '2019-11-13 09:44:13'),
(4032, '13112019', 'SB24-110-LG-C', 'MAY68749101', 'N/A', '3540', '1', '1', 'ISC', 'AREA LAMINA', '', '7', 1, 3, '2019-11-13 09:44:13'),
(4033, '13112019', 'SB23-110-ET-C', ' PK514015EN-20EN (EATON)', 'N/A', '3350', '1', '1', 'SINIL', 'AREA LAMINA', '', '7', 0, 3, '2019-11-13 09:44:13'),
(4034, '13112019', 'S87-120-CM-C', 'CMPM-C001', 'N/A', '5850', '1', '1', 'ISC', 'AREA LAMINA', '', '7', 0, 3, '2019-11-13 09:44:13'),
(4035, '13112019', 'S86-111-AC-C', 'ACE BOX 24´´', 'N/A', '1100', '1', '1', 'SINIL/ROCKTENN', 'AREA LAMINA', '', '7', 0, 3, '2019-11-13 09:44:13'),
(4036, '13112019', 'S84-121-ET-C', 'PK518248ML', 'N/A', '2650', '1', '1', 'IP', 'AREA LAMINA', '', '7', 0, 3, '2019-11-13 09:44:13'),
(4037, '13112019', 'S59-121-ET-C', 'PK517021EN (EATON)', 'N/A', '3000', '1', '1', 'SINIL', 'AREA LAMINA', '', '7', 1, 3, '2019-11-13 09:44:13'),
(4038, '13112019', 'S48-111-OH-C', 'CK-259-4 GLOBAL OH BOX CHICA', 'N/A', '1200', '1', '1', 'N/A', 'AREA LAMINA', '', '7', 0, 3, '2019-11-13 09:44:13'),
(4039, '13112019', 'S45-110-OH-S', 'SEPARADOR 1 y 2', 'N/A', '2425', '1', '1', 'SINIL', 'AREA LAMINA', '', '7', 0, 3, '2019-11-13 09:44:13'),
(4040, '13112019', 'S40-120-LG-C', 'MAY67089302', 'N/A', '5730', '1', '1', 'N/A', 'AREA LAMINA', '', '7', 0, 3, '2019-11-13 09:44:13'),
(4041, '13112019', 'S28-140-LG-C', 'MAY67868203/MAY67868201/MAY67868202', 'N/A', '600', '1', '1', 'NA', 'AREA LAMINA', '', '7', 0, 3, '2019-11-13 09:44:13'),
(4042, '13112019', 'S28-120-LG-C', 'MAY67130601 /MAY67130602 /MAY67578802 /MAY67578801', 'N/A', '1100', '1', '1', 'N/A', 'AREA LAMINA', '', '7', 0, 3, '2019-11-13 09:44:13'),
(4043, '13112019', 'S28-110-LG-C', 'MAY67248701 /66951701 /67478803 /67453604 67434301/67456002', 'N/A', '9544', '1', '1', 'N/A', 'AREA LAMINA', '', '7', 0, 3, '2019-11-13 09:44:13'),
(4044, '13112019', 'S27-170-LG-C', 'MAY69332302', 'N/A', '1175', '1', '1', 'ISC', 'AREA LAMINA', '', '7', 0, 3, '2019-11-13 09:44:13'),
(4045, '13112019', 'S24-170-LG-C', 'MAY67712303', 'N/A', '15092', '1', '1', 'IP', 'AREA LAMINA', '', '7', 1, 3, '2019-11-13 09:44:13'),
(4046, '13112019', 'S24-150-LG-C', 'MAY67127901', 'N/A', '2750', '1', '1', 'N/A', 'AREA LAMINA', '', '7', 0, 3, '2019-11-13 09:44:13'),
(4047, '13112019', 'S24-120-LG-C', 'MAY66269802', 'N/A', '6000', '1', '1', 'N/A', 'AREA LAMINA', '', '7', 0, 3, '2019-11-13 09:44:13'),
(4048, '13112019', 'S24-110-LG-C', 'MAY67478804/67459103/67713004/67713007/67450501', 'N/A', '11130', '1', '1', 'SINIL', 'AREA LAMINA', '', '7', 0, 3, '2019-11-13 09:44:13'),
(4049, '13112019', 'S22-140-LG-C', 'MAY67098302', 'N/A', '2620', '1', '1', 'SINIL', 'AREA LAMINA', '', '7', 0, 3, '2019-11-13 09:44:13'),
(4050, '13112019', 'S22-120-LG-C', 'MAY67098301 /MAY66389402 /MAY67434201', 'N/A', '2550', '1', '1', 'N/A', 'AREA LAMINA', '', '7', 0, 3, '2019-11-13 09:44:13'),
(4051, '13112019', 'DW50-120-LG-C', 'MAY69333701', 'N/A', '1980', '1', '1', 'IP', 'AREA LAMINA', '', '7', 0, 3, '2019-11-13 09:44:13'),
(4052, '13112019', 'DW50-110-LG-C', 'MAY69307901/ MAY69353101/ MAY69332601/ MAY69333701/ MAY69374701', 'N/A', '6680', '1', '1', 'ISC', 'AREA LAMINA', '', '7', 0, 3, '2019-11-13 09:44:13'),
(4053, '13112019', 'DW49-170-LG-C', '49UM69', 'N/A', '6040', '1', '1', 'ISC', 'AREA LAMINA', '', '7', 0, 3, '2019-11-13 09:44:13'),
(4054, '13112019', 'DW49-150-LG-C', 'MAY68452601/ MAY68452602', 'N/A', '4310', '1', '1', 'IP', 'AREA LAMINA', '', '7', 0, 3, '2019-11-13 09:44:13'),
(4055, '13112019', 'DW49-140-LG-C', 'MAY68589901/ MAY68631101', 'N/A', '1440', '1', '1', 'IP', 'AREA LAMINA', '', '7', 0, 3, '2019-11-13 09:44:13'),
(4056, '13112019', 'DW43-110-LG-C', 'MAY67313402\r\n', 'N/A', '18880', '1', '1', 'IP', 'AREA LAMINA', '', '7', 1, 3, '2019-11-13 09:44:13'),
(4057, '13112019', 'D55-110-LG-C', 'MAY67307703/MAY67328203', 'N/A', '1830', '1', '1', 'N/A', 'AREA LAMINA', '', '7', 0, 3, '2019-11-13 09:44:13'),
(4058, '13112019', 'D49-140-LG-C', '49LT340H0UA', 'N/A', '4820', '1', '1', 'ROCKTENN', 'AREA LAMINA', '', '7', 0, 3, '2019-11-13 09:44:13'),
(4059, '13112019', 'D49-130-LG-C', 'MAY67899401/67897701', 'N/A', '1260', '1', '1', 'IP', 'AREA LAMINA', '', '7', 1, 3, '2019-11-13 09:44:13'),
(4060, '13112019', 'D49-110-LG-C', 'MAY68288101- MAY68288102- MAY68270505-MAY68608102', 'N/A', '180', '1', '1', 'IP', 'AREA LAMINA', '', '7', 0, 3, '2019-11-13 09:44:13'),
(4061, '13112019', 'D43-160-LG-C', 'MAY67894402', 'N/A', '5820', '1', '1', 'IP', 'AREA LAMINA', '', '7', 0, 3, '2019-11-13 09:44:13'),
(4062, '13112019', 'D43-150-LG-C', 'MAY69374303', 'N/A', '1530', '1', '1', 'ISC', 'AREA LAMINA', '', '7', 1, 3, '2019-11-13 09:44:13'),
(4063, '13112019', 'D43-110-LG-C', 'SIZE 725*2460/', 'N/A', '720', '1', '1', 'IP', 'AREA LAMINA', '', '7', 0, 3, '2019-11-13 09:44:13'),
(4064, '13112019', 'D32-220-TC-C', 'TCL32D1560 (olimpo)/ ATV-32SM-76-581050-0ATT3', 'N/A', '4694', '1', '1', 'IP', 'AREA LAMINA', '', '7', 0, 3, '2019-11-13 09:44:13'),
(4065, '13112019', 'D27-110-LG-C', 'MAY69373302', 'N/A', '300', '1', '1', 'SINIL', 'AREA LAMINA', '', '7', 0, 3, '2019-11-13 09:44:13'),
(4066, '13112019', 'PK526762ML', 'RL460WH69276PK', 'N/A', '1750', '1', '1', 'WOORI', 'AREA LITHO', '', 'LITHO', 0, 3, '2019-11-13 09:44:13'),
(4067, '13112019', 'PK518814ML-B', 'E750RICATLA560WH6930-4PK LITHO BACK (EATON)', 'N/A', '900', '1', '1', 'WOORI', 'AREA LITHO', '', 'LITHO', 0, 3, '2019-11-13 09:44:13'),
(4068, '13112019', 'PK518795ML', 'E750RICATLA56930 LITHO LABEL', 'N/A', '450', '1', '1', 'WOORI', 'AREA LITHO', '', 'LITHO', 0, 3, '2019-11-13 09:44:13'),
(4069, '13112019', 'PK514076EN', 'AXCENT SMALL 52W LITHO LABEL', 'N/A', '3400', '1', '1', 'WOORI', 'AREA LITHO', '', 'LITHO', 0, 3, '2019-11-13 09:44:13'),
(4070, '13112019', 'PK514075EN', 'AXCENT SMALL 44W LITHO LABEL', 'N/A', '1200', '1', '1', 'WOORI', 'AREA LITHO', '', 'LITHO', 0, 3, '2019-11-13 09:44:13'),
(4071, '13112019', 'PK514074EN', 'AXCENT SMALL 27W LITHO LABEL', 'N/A', '900', '1', '1', 'WOORI', 'AREA LITHO', '', 'LITHO', 0, 3, '2019-11-13 09:44:13'),
(4072, '13112019', 'PK514073EN', 'AXCENT SMALL 21W LITHO LABEL', 'N/A', '900', '1', '1', 'WOORI', 'AREA LITHO', '', 'LITHO', 0, 3, '2019-11-13 09:44:13'),
(4073, '13112019', 'PK514071EN', 'AXCENT SMALL 52W LITHO LABEL', 'N/A', '850', '1', '1', 'WOORI', 'AREA LITHO', '', 'LITHO', 0, 3, '2019-11-13 09:44:13'),
(4074, '13112019', 'PK514069EN', 'AXCENT SMALL 27W LITHO LABEL', 'N/A', '300', '1', '1', 'WOORI', 'AREA LITHO', '', 'LITHO', 0, 3, '2019-11-13 09:44:13'),
(4075, '13112019', 'PK514028EN', 'CROSS TOUR 102W FULL', 'N/A', '3900', '1', '1', 'WOORI', 'AREA LITHO', '', 'LITHO', 0, 3, '2019-11-13 09:44:13'),
(4076, '13112019', 'PK514026EN', 'CROSS TOUR MAXX 81W FULL', 'N/A', '2400', '1', '1', 'WOORI', 'AREA LITHO', '', 'LITHO', 0, 3, '2019-11-13 09:44:13'),
(4077, '13112019', 'PK514025EN', 'CROSS TOUR MAXX REFRACTIVE', 'N/A', '1820', '1', '1', 'WOORI', 'AREA LITHO', '', 'LITHO', 0, 3, '2019-11-13 09:44:13'),
(4078, '13112019', 'PK514024EN', 'CROSS TOUR MAXX 58W FULL', 'N/A', '400', '1', '1', 'WOORI', 'AREA LITHO', '', 'LITHO', 0, 3, '2019-11-13 09:44:13'),
(4079, '13112019', 'PK514022EN', 'CROSSTOUR 38W SUMMIT WHITE', 'N/A', '400', '1', '1', 'WOORI', 'AREA LITHO', '', 'LITHO', 0, 3, '2019-11-13 09:44:13'),
(4080, '13112019', 'PK514021EN', 'CROSSTOUR 38W CARBON', 'N/A', '3300', '1', '1', 'WOORI', 'AREA LITHO', '', 'LITHO', 0, 3, '2019-11-13 09:44:13'),
(4081, '13112019', 'PK506039EN', 'PK506039EN', 'N/A', '1900', '1', '1', 'WOORI', 'AREA LITHO', '', 'LITHO', 0, 3, '2019-11-13 09:44:13'),
(4082, '13112019', 'PK506038EN', 'PK506038EN  ', 'N/A', '2990', '1', '1', 'WOORI', 'AREA LITHO', '', 'LITHO', 0, 3, '2019-11-13 09:44:13'),
(4083, '13112019', 'MAY69431901', '49UM69', 'N/A', '5100', '1', '1', 'WOORI', 'AREA LITHO', '', 'LITHO', 0, 3, '2019-11-13 09:44:13'),
(4084, '13112019', 'MAY69380803', '43UM6910PUA', 'N/A', '5670', '1', '1', 'WOORI', 'AREA LITHO', '', 'LITHO', 0, 3, '2019-11-13 09:44:13'),
(4085, '13112019', 'MAY69380801', '43UM69', 'N/A', '6070', '1', '1', 'WOORI', 'AREA LITHO', '', 'LITHO', 0, 3, '2019-11-13 09:44:13'),
(4086, '13112019', 'MAY69374701 1.1', '50UM74300AUE', 'N/A', '10600', '1', '1', 'WOORI', 'AREA LITHO', '', 'LITHO', 0, 3, '2019-11-13 09:44:13'),
(4087, '13112019', 'MAY69373701 1.1', '49SM800', 'N/A', '3150', '1', '1', 'WOORI', 'AREA LITHO', '', 'LITHO', 0, 3, '2019-11-13 09:44:13'),
(4088, '13112019', 'MAY69373701', '49SM8000PSA ONE LITHO ', 'N/A', '750', '1', '1', 'WOORI', 'AREA LITHO', '', 'LITHO', 0, 3, '2019-11-13 09:44:13'),
(4089, '13112019', 'MAY69360001 1.2', '49UM69', 'N/A', '6300', '1', '1', 'WOORI', 'AREA LITHO', '', 'LITHO', 0, 3, '2019-11-13 09:44:13'),
(4090, '13112019', 'MAY69356101 1.1', '43UM7300', 'N/A', '4800', '1', '1', 'WOORI', 'AREA LITHO', '', 'LITHO', 0, 3, '2019-11-13 09:44:13'),
(4091, '13112019', 'MAY69351001', '49SM86 LITHO LABEL NEW', 'N/A', '2210', '1', '1', 'WOORI', 'AREA LITHO', '', 'LITHO', 0, 3, '2019-11-13 09:44:13'),
(4092, '13112019', 'MAY69349001 1.1', '49UM7300', 'N/A', '3620', '1', '1', 'WOORI', 'AREA LITHO', '', 'LITHO', 0, 3, '2019-11-13 09:44:13'),
(4093, '13112019', 'MAY69349001', '49UM7300AUE ONE LITHO', 'N/A', '80', '1', '1', 'WOORI', 'AREA LITHO', '', 'LITHO', 0, 3, '2019-11-13 09:44:13'),
(4094, '13112019', 'MAY69333701', '50M7400PUA', 'N/A', '2650', '1', '1', 'WOORI', 'AREA LITHO', '', 'LITHO', 0, 3, '2019-11-13 09:44:13'),
(4095, '13112019', 'MAY69332601 1.1', '50UM7310PUA', 'N/A', '5500', '1', '1', 'WOORI', 'AREA LITHO', '', 'LITHO', 0, 3, '2019-11-13 09:44:13'),
(4096, '13112019', 'MAY68748902 FRONT', '24MD4KL', 'N/A', '1760', '1', '1', 'WOORI', 'AREA LITHO', '', 'LITHO', 0, 3, '2019-11-13 09:44:13'),
(4097, '13112019', 'MAY68748902 BACK', '24MD4KL', 'N/A', '1670', '1', '1', 'WOORI', 'AREA LITHO', '', 'LITHO', 0, 3, '2019-11-13 09:44:13'),
(4098, '13112019', 'MAY68748701', '43UK60 ONE LITHO', 'N/A', '1100', '1', '1', 'WOORI/FOSTER', 'AREA LITHO', '', 'LITHO', 0, 3, '2019-11-13 09:44:13'),
(4099, '13112019', 'MAY68589801', '43UK6300', 'N/A', '910', '1', '1', 'WOORI', 'AREA LITHO', '', 'LITHO', 0, 3, '2019-11-13 09:44:13'),
(4100, '13112019', 'MAY69431901', '49UM69', 'N/A', '1034', '1', 'LG', 'N/A', 'N/A', '', 'CAJA TV', 0, 3, '2019-11-13 09:44:13'),
(4101, '13112019', 'MAY69381001', '49UM71', 'N/A', '1110', '1', 'LG', 'N/A', 'N/A', '', 'CAJA TV', 0, 3, '2019-11-13 09:44:13'),
(4102, '13112019', 'MAY69380803', '43UM79', 'N/A', '19591', '1', 'LG', 'N/A', 'N/A', '', 'CAJA TV', 0, 3, '2019-11-13 09:44:13'),
(4103, '13112019', 'MAY69380802', '43UM69', 'N/A', '267', '1', 'LG', 'N/A', 'N/A', '', 'CAJA TV', 0, 3, '2019-11-13 09:44:13'),
(4104, '13112019', 'MAY69375504', '43UM7300PDA', 'N/A', '193', '1', 'LG', 'N/A', 'N/A', '', 'CAJA TV', 0, 3, '2019-11-13 09:44:13'),
(4105, '13112019', 'MAY69374701', '50UM73', 'N/A', '3874', '1', 'LG', 'N/A', 'N/A', '', 'CAJA TV', 0, 3, '2019-11-13 09:44:13'),
(4106, '13112019', 'MAY69374303', '43UT570HOUA', 'N/A', '186', '1', 'LG', 'N/A', 'N/A', '', 'CAJA TV', 0, 3, '2019-11-13 09:44:13'),
(4107, '13112019', 'MAY69373701', '49SM80', 'N/A', '1010', '1', 'LG', 'N/A', 'N/A', '', 'CAJA TV', 0, 3, '2019-11-13 09:44:13'),
(4108, '13112019', 'MAY69360002', '49UM69', 'N/A', '1172', '1', 'LG', 'N/A', 'N/A', '', 'CAJA TV', 0, 3, '2019-11-13 09:44:13'),
(4109, '13112019', 'MAY69360001', '49UM69', 'N/A', '574', '1', 'LG', 'N/A', 'N/A', '', 'CAJA TV', 0, 3, '2019-11-13 09:44:13'),
(4110, '13112019', 'MAY69356101', '43UM73', 'N/A', '269', '1', 'LG', 'N/A', 'N/A', '', 'CAJA TV', 0, 3, '2019-11-13 09:44:13'),
(4111, '13112019', 'MAY69353601', '49UM73', 'N/A', '757', '1', 'LG', 'N/A', 'N/A', '', 'CAJA TV', 0, 3, '2019-11-13 09:44:13'),
(4112, '13112019', 'MAY69353101', '50UM73', 'N/A', '1993', '1', 'LG', 'N/A', 'N/A', '', 'CAJA TV', 0, 3, '2019-11-13 09:44:13'),
(4113, '13112019', 'MAY69351901', '49UM73', 'N/A', '3116', '1', 'LG', 'N/A', 'N/A', '', 'CAJA TV', 0, 3, '2019-11-13 09:44:13'),
(4114, '13112019', 'MAY69351301', '32LM630', 'N/A', '5492', '1', 'LG', 'N/A', 'N/A', '', 'CAJA TV', 0, 3, '2019-11-13 09:44:13'),
(4115, '13112019', 'MAY69351001', '49SM86 ', 'N/A', '1832', '1', 'LG', 'N/A', 'N/A', '', 'CAJA TV', 0, 3, '2019-11-13 09:44:13'),
(4116, '13112019', 'MAY69349001', '49UM73', 'N/A', '142', '1', 'LG', 'N/A', 'N/A', '', 'CAJA TV', 0, 3, '2019-11-13 09:44:13'),
(4117, '13112019', 'MAY69333701', '50UM74', 'N/A', '483', '1', 'LG', 'N/A', 'N/A', '', 'CAJA TV', 0, 3, '2019-11-13 09:44:13'),
(4118, '13112019', 'MAY69333503', '49UT761UH', 'N/A', '704', '1', 'LG', 'N/A', 'N/A', '', 'CAJA TV', 0, 3, '2019-11-13 09:44:13'),
(4119, '13112019', 'MAY69332601', '50UM73', 'N/A', '437', '1', 'LG', 'N/A', 'N/A', '', 'CAJA TV', 0, 3, '2019-11-13 09:44:13'),
(4120, '13112019', 'MAY69329002', '32LM570BPUA', 'N/A', '1503', '1', 'LG', 'N/A', 'N/A', '', 'CAJA TV', 0, 3, '2019-11-13 09:44:13'),
(4121, '13112019', 'MAY69328502', '43LM63', 'N/A', '169', '1', 'LG', 'N/A', 'N/A', '', 'CAJA TV', 0, 3, '2019-11-13 09:44:13'),
(4122, '13112019', 'MAY69320308', '28LM400B-PU', 'N/A', '3540', '1', 'LG', 'N/A', 'N/A', '', 'CAJA TV', 0, 3, '2019-11-13 09:44:13'),
(4123, '13112019', 'MAY69318901', '43UM71', 'N/A', '2123', '1', 'LG', 'N/A', 'N/A', '', 'CAJA TV', 0, 3, '2019-11-13 09:44:13'),
(4124, '13112019', 'MAY69313201', '43UM73', 'N/A', '5986', '1', 'LG', 'N/A', 'N/A', '', 'CAJA TV', 0, 3, '2019-11-13 09:44:13'),
(4125, '13112019', 'MAY69313101', '43ML57', 'N/A', '320', '1', 'LG', 'N/A', 'N/A', '', 'CAJA TV', 0, 3, '2019-11-13 09:44:13'),
(4126, '13112019', 'MAY69307901', '50UM73', 'N/A', '87', '1', 'LG', 'N/A', 'N/A', '', 'CAJA TV', 0, 3, '2019-11-13 09:44:13'),
(4127, '13112019', 'MAY68748701', '43UK60', 'N/A', '85', '1', 'LG', 'N/A', 'N/A', '', 'CAJA TV', 0, 3, '2019-11-13 09:44:13'),
(4128, '13112019', 'MAY68608102', '50 LCD SVC', 'N/A', '311', '1', 'LG', 'N/A', 'N/A', '', 'CAJA TV', 0, 3, '2019-11-13 09:44:13'),
(4129, '13112019', 'MAY68608101', '42 LCD SVC', 'N/A', '732', '1', 'LG', 'N/A', 'N/A', '', 'CAJA TV', 0, 3, '2019-11-13 09:44:13'),
(4130, '13112019', 'MAY68589801', '43UK63', 'N/A', '37', '1', 'LG', 'N/A', 'N/A', '', 'CAJA TV', 0, 3, '2019-11-13 09:44:13'),
(4131, '13112019', 'MAY68514301', '34BL650-BK', 'N/A', '332', '1', 'LG', 'N/A', 'N/A', '', 'CAJA TV', 0, 3, '2019-11-13 09:44:13'),
(4132, '13112019', 'MAY68496601', '49LK57', 'N/A', '783', '1', 'LG', 'N/A', 'N/A', '', 'CAJA TV', 0, 3, '2019-11-13 09:44:13'),
(4133, '13112019', 'MAY68273502', '43LU340C', 'N/A', '1761', '1', 'LG', 'N/A', 'N/A', '', 'CAJA TV', 0, 3, '2019-11-13 09:44:13'),
(4134, '13112019', 'MAY68273501', '43LK61', 'N/A', '378', '1', 'LG', 'N/A', 'N/A', '', 'CAJA TV', 0, 3, '2019-11-13 09:44:13'),
(4135, '13112019', 'MAY67894402', '43LV761H', 'N/A', '1175', '1', 'LG', 'N/A', 'N/A', '', 'CAJA TV', 0, 3, '2019-11-13 09:44:13'),
(4136, '13112019', 'MAY67855402', '32LV34', 'N/A', '607', '1', 'LG', 'N/A', 'N/A', '', 'CAJA TV', 0, 3, '2019-11-13 09:44:13'),
(4137, '13112019', 'MAY67839902', '49LT340H0UA', 'N/A', '674', '1', 'LG', 'N/A', 'N/A', '', 'CAJA TV', 0, 3, '2019-11-13 09:44:13'),
(4138, '13112019', 'MAY67711802', '49LT340C0UB', 'N/A', '290', '1', 'LG', 'N/A', 'N/A', '', 'CAJA TV', 0, 3, '2019-11-13 09:44:13'),
(4139, '13112019', 'MAY67654302', '32LJ51', 'N/A', '1655', '1', 'LG', 'N/A', 'N/A', '', 'CAJA TV', 0, 3, '2019-11-13 09:44:13'),
(4140, '13112019', 'MAY67654301', '32LJ61', 'N/A', '214', '1', 'LG', 'N/A', 'N/A', '', 'CAJA TV', 0, 3, '2019-11-13 09:44:13'),
(4141, '13112019', 'MAY67414602', '43LH65', 'N/A', '650', '1', 'LG', 'N/A', 'N/A', '', 'CAJA TV', 0, 3, '2019-11-13 09:44:13'),
(4142, '13112019', 'MAY67414601', '43LH65', 'N/A', '41', '1', 'LG', 'N/A', 'N/A', '', 'CAJA TV', 0, 3, '2019-11-13 09:44:13'),
(4143, '13112019', 'MAY67328203', '55SE3B', 'N/A', '34', '1', 'LG', 'N/A', 'N/A', '', 'CAJA TV', 0, 3, '2019-11-13 09:44:13'),
(4144, '13112019', 'MAY67307703', '55LV / 55VH', 'N/A', '291', '1', 'LG', 'N/A', 'N/A', '', 'CAJA TV', 0, 3, '2019-11-13 09:44:13'),
(4145, '13112019', 'MAY67089302', '40LX570H-UA', 'N/A', '506', '1', 'LG', 'N/A', 'N/A', '', 'CAJA TV', 0, 3, '2019-11-13 09:44:13'),
(4146, '13112019', 'MAY67055203', '43SE3B', 'N/A', '451', '1', 'LG', 'N/A', 'N/A', '', 'CAJA TV', 0, 3, '2019-11-13 09:44:13'),
(4147, '13112019', 'MAY66389502', '28LY560M-UA', 'N/A', '578', '1', 'LG', 'N/A', 'N/A', '', 'CAJA TV', 0, 3, '2019-11-13 09:44:13'),
(4148, '13112019', 'MAY65632418', 'BOTTOM (65UHSE)', 'N/A', '87', '1', 'LG', 'N/A', 'N/A', '', 'CAJA TV', 0, 3, '2019-11-13 09:44:13'),
(4149, '13112019', 'MFZ65495101', 'SEPARADOR RG', 'N/A', '129', '1', 'LG', 'N/A', 'N/A', '', 'SEPARADOR', 0, 3, '2019-11-13 09:44:13'),
(4150, '13112019', 'MFZ55267508', 'PAD 696* 1024', 'N/A', '2636', '1', 'LG', 'N/A', 'N/A', '', 'SEPARADOR', 0, 3, '2019-11-13 09:44:13'),
(4151, '13112019', 'MFZ55267507', 'PAD 972* 1193', 'N/A', '821', '1', 'LG', 'N/A', 'N/A', '', 'SEPARADOR', 0, 3, '2019-11-13 09:44:13'),
(4152, '13112019', 'MFZ55267505', 'PAD 795* 1390 ', 'N/A', '190', '1', 'LG', 'N/A', 'N/A', '', 'SEPARADOR', 0, 3, '2019-11-13 09:44:13'),
(4153, '13112019', 'MAY69610903', '55VH7E-AH/55VM5E-AJ', 'N/A', '73', '1', 'LG', 'N/A', 'N/A', '', 'CAJA MONITOR', 0, 3, '2019-11-13 09:44:13'),
(4154, '13112019', 'MAY69429502', '24CK550', 'N/A', '421', '1', 'LG', 'N/A', 'N/A', '', 'CAJA MONITOR', 0, 3, '2019-11-13 09:44:13'),
(4155, '13112019', 'MAY69428201', '28TL525S', 'N/A', '168', '1', 'LG', 'N/A', 'N/A', '', 'CAJA MONITOR', 0, 3, '2019-11-13 09:44:13'),
(4156, '13112019', 'MAY69388902', '24BL650C', 'N/A', '497', '1', 'LG', 'N/A', 'N/A', '', 'CAJA MONITOR', 0, 3, '2019-11-13 09:44:13'),
(4157, '13112019', 'MAY69380202', '24BL450', 'N/A', '409', '1', 'LG', 'N/A', 'N/A', '', 'CAJA MONITOR', 0, 3, '2019-11-13 09:44:13'),
(4158, '13112019', 'MAY69373302', '27BL650C', 'N/A', '265', '1', 'LG', 'N/A', 'N/A', '', 'CAJA MONITOR', 0, 3, '2019-11-13 09:44:13'),
(4159, '13112019', 'MAY69370001', '28LM520S-W', 'N/A', '1244', '1', 'LG', 'N/A', 'N/A', '', 'CAJA MONITOR', 0, 3, '2019-11-13 09:44:13'),
(4160, '13112019', 'MAY69363403', 'N/A', 'N/A', '859', '1', 'LG', 'N/A', 'N/A', '', 'CAJA MONITOR', 0, 3, '2019-11-13 09:44:13'),
(4161, '13112019', 'MAY69332302', '27BL450', 'N/A', '226', '1', 'LG', 'N/A', 'N/A', '', 'CAJA MONITOR', 0, 3, '2019-11-13 09:44:13'),
(4162, '13112019', 'MAY69329102', '24LM520S-W', 'N/A', '2356', '1', 'LG', 'N/A', 'N/A', '', 'CAJA MONITOR', 0, 3, '2019-11-13 09:44:13'),
(4163, '13112019', 'MAY69329101', '24LM520D-WU', 'N/A', '1199', '1', 'LG', 'N/A', 'N/A', '', 'CAJA MONITOR', 0, 3, '2019-11-13 09:44:13'),
(4164, '13112019', 'MAY69321202', '34BL85C', 'N/A', '207', '1', 'LG', 'N/A', 'N/A', '', 'CAJA MONITOR', 0, 3, '2019-11-13 09:44:13'),
(4165, '13112019', 'MAY69320307', '28LM430B-PU', 'N/A', '48', '1', 'LG', 'N/A', 'N/A', '', 'CAJA MONITOR', 0, 3, '2019-11-13 09:44:13'),
(4166, '13112019', 'MAY69320303', '28TL430D', 'N/A', '488', '1', 'LG', 'N/A', 'N/A', '', 'CAJA MONITOR', 0, 3, '2019-11-13 09:44:13'),
(4167, '13112019', 'MAY69319802', '22BL450', 'N/A', '228', '1', 'LG', 'N/A', 'N/A', '', 'CAJA MONITOR', 0, 3, '2019-11-13 09:44:13'),
(4168, '13112019', 'MAY69007810', '27BL55U', 'N/A', '211', '1', 'LG', 'N/A', 'N/A', '', 'CAJA MONITOR', 0, 3, '2019-11-13 09:44:13'),
(4169, '13112019', 'MAY68749101', '24MD4KL', 'N/A', '112', '1', 'LG', 'N/A', 'N/A', '', 'CAJA MONITOR', 0, 3, '2019-11-13 09:44:13'),
(4170, '13112019', 'MAY68749001', '24MD4KL', 'N/A', '40', '1', 'LG', 'N/A', 'N/A', '', 'CAJA MONITOR', 0, 3, '2019-11-13 09:44:13'),
(4171, '13112019', 'MAY68728613', '24TL520A', 'N/A', '2619', '1', 'LG', 'N/A', 'N/A', '', 'CAJA MONITOR', 0, 3, '2019-11-13 09:44:13'),
(4172, '13112019', 'MAY68728612', '24TL520V', 'N/A', '45', '1', 'LG', 'N/A', 'N/A', '', 'CAJA MONITOR', 0, 3, '2019-11-13 09:44:13'),
(4173, '13112019', 'MAY68728611', '24TL520V-PD/', 'N/A', '101', '1', 'LG', 'N/A', 'N/A', '', 'CAJA MONITOR', 0, 3, '2019-11-13 09:44:13'),
(4174, '13112019', 'MAY68728609', '24TL520D', 'N/A', '658', '1', 'LG', 'N/A', 'N/A', '', 'CAJA MONITOR', 0, 3, '2019-11-13 09:44:13'),
(4175, '13112019', 'MAY68728608', '24TL520D-WU/', 'N/A', '437', '1', 'LG', 'N/A', 'N/A', '', 'CAJA MONITOR', 0, 3, '2019-11-13 09:44:13'),
(4176, '13112019', 'MAY68728607', '24TL520S-PU/', 'N/A', '1728', '1', 'LG', 'N/A', 'N/A', '', 'CAJA MONITOR', 0, 3, '2019-11-13 09:44:13'),
(4177, '13112019', 'MAY68728605', '24TL520A', 'N/A', '301', '1', 'LG', 'N/A', 'N/A', '', 'CAJA MONITOR', 0, 3, '2019-11-13 09:44:13'),
(4178, '13112019', 'MAY68728604', '24TL520D-PU/', 'N/A', '689', '1', 'LG', 'N/A', 'N/A', '', 'CAJA MONITOR', 0, 3, '2019-11-13 09:44:13'),
(4179, '13112019', 'MAY68650502', '24CK550', 'N/A', '500', '1', 'LG', 'N/A', 'N/A', '', 'CAJA MONITOR', 0, 3, '2019-11-13 09:44:13'),
(4180, '13112019', 'MAY68635802', '27BK430', 'N/A', '412', '1', 'LG', 'N/A', 'N/A', '', 'CAJA MONITOR', 0, 3, '2019-11-13 09:44:13'),
(4181, '13112019', 'MAY68520603', '24TK410D', 'N/A', '2586', '1', 'LG', 'N/A', 'N/A', '', 'CAJA MONITOR', 0, 3, '2019-11-13 09:44:13'),
(4182, '13112019', 'MAY68451702', '28LK430B', 'N/A', '615', '1', 'LG', 'N/A', 'N/A', '', 'CAJA MONITOR', 0, 3, '2019-11-13 09:44:13'),
(4183, '13112019', 'MAY68351001', '22TK410A', 'N/A', '746', '1', 'LG', 'N/A', 'N/A', '', 'CAJA MONITOR', 0, 3, '2019-11-13 09:44:13'),
(4184, '13112019', 'MAY68272606', '32MU59', 'N/A', '1151', '1', 'LG', 'N/A', 'N/A', '', 'CAJA MONITOR', 0, 3, '2019-11-13 09:44:13'),
(4185, '13112019', 'MAY68189102', '24LT572MBUB', 'N/A', '378', '1', 'LG', 'N/A', 'N/A', '', 'CAJA MONITOR', 0, 3, '2019-11-13 09:44:13'),
(4186, '13112019', 'MAY68028001', '43UM79', 'N/A', '313', '1', 'LG', 'N/A', 'N/A', '', 'CAJA MONITOR', 0, 3, '2019-11-13 09:44:13'),
(4187, '13112019', 'MAY67858401', '28MT49S', 'N/A', '486', '1', 'LG', 'N/A', 'N/A', '', 'CAJA MONITOR', 0, 3, '2019-11-13 09:44:13'),
(4188, '13112019', 'MAY67713006', '24LJ4540-W', 'N/A', '416', '1', 'LG', 'N/A', 'N/A', '', 'CAJA MONITOR', 0, 3, '2019-11-13 09:44:13'),
(4189, '13112019', 'MAY67713002', '24LJ4540', 'N/A', '644', '1', 'LG', 'N/A', 'N/A', '', 'CAJA MONITOR', 0, 3, '2019-11-13 09:44:13'),
(4190, '13112019', 'MAY67713001', '22LJ4540', 'N/A', '1441', '1', 'LG', 'N/A', 'N/A', '', 'CAJA MONITOR', 0, 3, '2019-11-13 09:44:13'),
(4191, '13112019', 'MAY67712403', '27BK55', 'N/A', '755', '1', 'LG', 'N/A', 'N/A', '', 'CAJA MONITOR', 0, 3, '2019-11-13 09:44:13'),
(4192, '13112019', 'MAY67712303', '24BK55', 'N/A', '3777', '1', 'LG', 'N/A', 'N/A', '', 'CAJA MONITOR', 0, 3, '2019-11-13 09:44:13'),
(4193, '13112019', 'MAY67695801', '20MT49', 'N/A', '1055', '1', 'LG', 'N/A', 'N/A', '', 'CAJA MONITOR', 0, 3, '2019-11-13 09:44:13'),
(4194, '13112019', 'MAY67649801', '27MD5KL (accessory)', 'N/A', '57', '1', 'LG', 'N/A', 'N/A', '', 'CAJA MONITOR', 0, 3, '2019-11-13 09:44:13'),
(4195, '13112019', 'MAY67549803', 'PAD', 'N/A', '1367', '1', 'LG', 'N/A', 'N/A', '', 'CAJA MONITOR', 0, 3, '2019-11-13 09:44:13'),
(4196, '13112019', 'MAY67478804', '24LH4830', 'N/A', '1156', '1', 'LG', 'N/A', 'N/A', '', 'CAJA MONITOR', 0, 3, '2019-11-13 09:44:13'),
(4197, '13112019', 'MAY67328803', '49SE3B', 'N/A', '80', '1', 'LG', 'N/A', 'N/A', '', 'CAJA MONITOR', 0, 3, '2019-11-13 09:44:13'),
(4198, '13112019', 'MAY67127901', '24CAV37K-BL/', 'N/A', '559', '1', 'LG', 'N/A', 'N/A', '', 'CAJA MONITOR', 0, 3, '2019-11-13 09:44:13'),
(4199, '13112019', 'MAY67098302', '22MB35P-IE/22MB35PU-IH/', 'N/A', '937', '1', 'LG', 'N/A', 'N/A', '', 'CAJA MONITOR', 0, 3, '2019-11-13 09:44:13'),
(4200, '13112019', 'MAY67098301', '22MB35', 'N/A', '127', '1', 'LG', 'N/A', 'N/A', '', 'CAJA MONITOR', 0, 3, '2019-11-13 09:44:13'),
(4201, '13112019', 'MAY66270002', '24MB35P', 'N/A', '1047', '1', 'LG', 'N/A', 'N/A', '', 'CAJA MONITOR', 0, 3, '2019-11-13 09:44:13'),
(4202, '13112019', 'MAY66269802', '24MB35D-BE/24MB35DM-BF/', 'N/A', '215', '1', 'LG', 'N/A', 'N/A', '', 'CAJA MONITOR', 0, 3, '2019-11-13 09:44:13'),
(4203, '13112019', 'MAY66251053', 'BOTTOM (55LV)', 'N/A', '948', '1', 'LG', 'N/A', 'N/A', '', 'CAJA MONITOR', 0, 3, '2019-11-13 09:44:13'),
(4204, '13112019', 'MAY65831601', 'CBV42-BL', 'N/A', '481', '1', 'LG', 'N/A', 'N/A', '', 'CAJA MONITOR', 0, 3, '2019-11-13 09:44:13'),
(4205, '13112019', 'MAY65776403', '23CAV42', 'N/A', '512', '1', 'LG', 'N/A', 'N/A', '', 'CAJA MONITOR', 0, 3, '2019-11-13 09:44:13'),
(4206, '13112019', 'MAY65725401', 'Caja/Accesorios', 'N/A', '1750', '1', 'LG', 'N/A', 'N/A', '', 'CAJA MONITOR', 0, 3, '2019-11-13 09:44:13'),
(4207, '13112019', 'wow meats box', '1045*1045 box', 'N/A', '4200', '1', '1', 'N/A', 'N/A', '', 'CAJA OTRO', 0, 3, '2019-11-13 09:44:13'),
(4208, '13112019', 'UCL2G808-3', 'UCL2G808-3 (EATON)', 'N/A', '488', '1', '1', 'N/A', 'N/A', '', 'CAJA OTRO', 0, 3, '2019-11-13 09:44:13'),
(4209, '13112019', 'SILKY SLEEVE', 'RASTAFRI', 'N/A', '17337', '1', '1', 'N/A', 'N/A', '', 'CAJA OTRO', 0, 3, '2019-11-13 09:44:13'),
(4210, '13112019', 'SEPARADOR PAD 3', '542*542 OH DISPLAY', 'N/A', '6470', '1', '1', 'N/A', 'N/A', '', 'CAJA OTRO', 0, 3, '2019-11-13 09:44:13'),
(4211, '13112019', 'SEPARADOR JUMBO ', '368*660 DDCAM', 'N/A', '12800', '1', '1', 'N/A', 'N/A', '', 'CAJA OTRO', 0, 3, '2019-11-13 09:44:13'),
(4212, '13112019', 'SEPARADOR DDCAM RASTAFRI', '635*285', 'N/A', '17978', '1', '1', 'N/A', 'N/A', '', 'CAJA OTRO', 0, 3, '2019-11-13 09:44:13'),
(4213, '13112019', 'SEPARADOR 2 (OH-DISPLAY)', '547*547*580', 'N/A', '20689', '1', '1', 'N/A', 'N/A', '', 'CAJA OTRO', 0, 3, '2019-11-13 09:44:13'),
(4214, '13112019', 'SEPARADOR 1 (OH-DISPLAY)', '547*547*580', 'N/A', '43080', '1', '1', 'N/A', 'N/A', '', 'CAJA OTRO', 0, 3, '2019-11-13 09:44:13'),
(4215, '13112019', 'S4649CTN', 'S4649CTN', 'N/A', '1506', '1', '1', 'N/A', 'N/A', '', 'CAJA OTRO', 0, 3, '2019-11-13 09:44:13'),
(4216, '13112019', 'RASTAFRI TRIPLE', 'RASTAFRI TRIPLE (DDCAM)', 'N/A', '196', '1', '1', 'N/A', 'N/A', '', 'CAJA OTRO', 0, 3, '2019-11-13 09:44:13'),
(4217, '13112019', 'RASTAFRI RAPUNSEL', 'RAPUNSEL (DDCAM)', 'N/A', '132', '1', '1', 'N/A', 'N/A', '', 'CAJA OTRO', 0, 3, '2019-11-13 09:44:13'),
(4218, '13112019', 'RASTAFRI JUMBO', 'JUMBO (DDCAM)', 'N/A', '1007', '1', '1', 'N/A', 'N/A', '', 'CAJA OTRO', 0, 3, '2019-11-13 09:44:13'),
(4219, '13112019', 'RASTAFRI BOX', 'RASTAFRI BOX DDCAM', 'N/A', '2357', '1', '1', 'N/A', 'N/A', '', 'CAJA OTRO', 0, 3, '2019-11-13 09:44:13'),
(4220, '13112019', 'PK527673ML', 'PK527673ML', 'N/A', '605', '1', '1', 'N/A', 'N/A', '', 'CAJA OTRO', 0, 3, '2019-11-13 09:44:13'),
(4221, '13112019', 'PK526767ML', 'EATON', 'N/A', '4251', '1', '1', 'N/A', 'N/A', '', 'CAJA OTRO', 0, 3, '2019-11-13 09:44:13'),
(4222, '13112019', 'PK526762ML', ' PK526762ML (EATON)', 'N/A', '1800', '1', '1', 'N/A', 'N/A', '', 'CAJA OTRO', 0, 3, '2019-11-13 09:44:13'),
(4223, '13112019', 'PK526434MLCTN', 'PK526434MLCTN  EATON', 'N/A', '153', '1', '1', 'N/A', 'N/A', '', 'CAJA OTRO', 0, 3, '2019-11-13 09:44:13'),
(4224, '13112019', 'PK526329ML', 'PK526329ML EATON', 'N/A', '3785', '1', '1', 'N/A', 'N/A', '', 'CAJA OTRO', 0, 3, '2019-11-13 09:44:13'),
(4225, '13112019', 'PK520080ML', 'PK520080ML', 'N/A', '45', '1', '1', 'N/A', 'N/A', '', 'CAJA OTRO', 0, 3, '2019-11-13 09:44:13'),
(4226, '13112019', 'PK520079ML', 'PK520079ML (EATON)', 'N/A', '516', '1', '1', 'N/A', 'N/A', '', 'CAJA OTRO', 0, 3, '2019-11-13 09:44:13'),
(4227, '13112019', 'PK520078ML', 'PK520078ML', 'N/A', '2318', '1', '1', 'N/A', 'N/A', '', 'CAJA OTRO', 0, 3, '2019-11-13 09:44:13'),
(4228, '13112019', 'PK520074ML', 'LED-OUT BOX EATON', 'N/A', '867', '1', '1', 'N/A', 'N/A', '', 'CAJA OTRO', 0, 3, '2019-11-13 09:44:13'),
(4229, '13112019', 'PK520073ML', 'LED-PORTFOLIO EATON', 'N/A', '2900', '1', '1', 'N/A', 'N/A', '', 'CAJA OTRO', 0, 3, '2019-11-13 09:44:13'),
(4230, '13112019', 'PK520049ML', 'PK520049ML', 'N/A', '634', '1', '1', 'N/A', 'N/A', '', 'CAJA OTRO', 0, 3, '2019-11-13 09:44:13'),
(4231, '13112019', 'PK518795ML', 'EATON', 'N/A', '3560', '1', '1', 'N/A', 'N/A', '', 'CAJA OTRO', 0, 3, '2019-11-13 09:44:13'),
(4232, '13112019', 'PK518788ML', 'EATON', 'N/A', '300', '1', '1', 'N/A', 'N/A', '', 'CAJA OTRO', 0, 3, '2019-11-13 09:44:13'),
(4233, '13112019', 'PK518787ML', 'PK518787ML (EATON)', 'N/A', '725', '1', '1', 'N/A', 'N/A', '', 'CAJA OTRO', 0, 3, '2019-11-13 09:44:13'),
(4234, '13112019', 'PK518549ML', 'PK518549ML', 'N/A', '250', '1', '1', 'N/A', 'N/A', '', 'CAJA OTRO', 0, 3, '2019-11-13 09:44:13'),
(4235, '13112019', 'PK517105ML', 'PK517105ML', 'N/A', '1035', '1', '1', 'N/A', 'N/A', '', 'CAJA OTRO', 0, 3, '2019-11-13 09:44:13'),
(4236, '13112019', 'PK517102ML', 'PK517102ML (EATON)', 'N/A', '1142', '1', '1', 'N/A', 'N/A', '', 'CAJA OTRO', 0, 3, '2019-11-13 09:44:13'),
(4237, '13112019', 'PK517099ML', 'PK517099ML (EATON)', 'N/A', '1500', '1', '1', 'N/A', 'N/A', '', 'CAJA OTRO', 0, 3, '2019-11-13 09:44:13'),
(4238, '13112019', 'PK517093ML', 'PK517093ML (EATON)', 'N/A', '17', '1', '1', 'N/A', 'N/A', '', 'CAJA OTRO', 0, 3, '2019-11-13 09:44:13'),
(4239, '13112019', 'PK517092ML', 'PK517092ML', 'N/A', '75', '1', '1', 'N/A', 'N/A', '', 'CAJA OTRO', 0, 3, '2019-11-13 09:44:13'),
(4240, '13112019', 'PK517091ML', 'PK517091ML (EATON)', 'N/A', '236', '1', '1', 'N/A', 'N/A', '', 'CAJA OTRO', 0, 3, '2019-11-13 09:44:13'),
(4241, '13112019', 'PK517084ML', 'PK517084ML (EATON)', 'N/A', '2114', '1', '1', 'N/A', 'N/A', '', 'CAJA OTRO', 0, 3, '2019-11-13 09:44:13'),
(4242, '13112019', 'PK517083ML', 'PK517083ML (EATON)', 'N/A', '2000', '1', '1', 'N/A', 'N/A', '', 'CAJA OTRO', 0, 3, '2019-11-13 09:44:13'),
(4243, '13112019', 'PK517082ML', 'PK517082ML (EATON)', 'N/A', '980', '1', '1', 'N/A', 'N/A', '', 'CAJA OTRO', 0, 3, '2019-11-13 09:44:13'),
(4244, '13112019', 'PK517081ML', 'PK517081ML (EATON)', 'N/A', '2609', '1', '1', 'N/A', 'N/A', '', 'CAJA OTRO', 0, 3, '2019-11-13 09:44:13'),
(4245, '13112019', 'PK517079ML', 'PK517079ML(EATON)', 'N/A', '180', '1', '1', 'N/A', 'N/A', '', 'CAJA OTRO', 0, 3, '2019-11-13 09:44:13'),
(4246, '13112019', 'PK517078ML', 'PK517078ML (EATON)', 'N/A', '4400', '1', '1', 'N/A', 'N/A', '', 'CAJA OTRO', 0, 3, '2019-11-13 09:44:13'),
(4247, '13112019', 'PK517077ML', 'PK517077ML (EATON)', 'N/A', '4400', '1', '1', 'N/A', 'N/A', '', 'CAJA OTRO', 0, 3, '2019-11-13 09:44:13'),
(4248, '13112019', 'PK517076EN', 'PK517076EN (EATON)', 'N/A', '10399', '1', '1', 'N/A', 'N/A', '', 'CAJA OTRO', 0, 3, '2019-11-13 09:44:13'),
(4249, '13112019', 'PK517073ML', 'PK517073ML (EATON)', 'N/A', '890', '1', '1', 'N/A', 'N/A', '', 'CAJA OTRO', 0, 3, '2019-11-13 09:44:13'),
(4250, '13112019', 'PK517063en', 'PK517063en', 'N/A', '9034', '1', '1', 'N/A', 'N/A', '', 'CAJA OTRO', 0, 3, '2019-11-13 09:44:13'),
(4251, '13112019', 'PK517062EN', 'PK517062EN', 'N/A', '2174', '1', '1', 'N/A', 'N/A', '', 'CAJA OTRO', 0, 3, '2019-11-13 09:44:13'),
(4252, '13112019', 'PK517061EN', 'PK517061EN', 'N/A', '3206', '1', '1', 'N/A', 'N/A', '', 'CAJA OTRO', 0, 3, '2019-11-13 09:44:13'),
(4253, '13112019', 'PK517060EN', 'PK517060EN', 'N/A', '22062', '1', '1', 'N/A', 'N/A', '', 'CAJA OTRO', 0, 3, '2019-11-13 09:44:13'),
(4254, '13112019', 'PK517053EN', 'PK517053EN', 'N/A', '500', '1', '1', 'N/A', 'N/A', '', 'CAJA OTRO', 0, 3, '2019-11-13 09:44:13'),
(4255, '13112019', 'PK517052EN', 'PK517052EN', 'N/A', '100', '1', '1', 'N/A', 'N/A', '', 'CAJA OTRO', 0, 3, '2019-11-13 09:44:13'),
(4256, '13112019', 'PK517034EN', 'PK517034EN (EATON)', 'N/A', '10383', '1', '1', 'N/A', 'N/A', '', 'CAJA OTRO', 0, 3, '2019-11-13 09:44:13'),
(4257, '13112019', 'PK517033EN', 'PK517033EN', 'N/A', '3080', '1', '1', 'N/A', 'N/A', '', 'CAJA OTRO', 0, 3, '2019-11-13 09:44:13'),
(4258, '13112019', 'PK517032EN', 'PK517032EN (EATON)', 'N/A', '13704', '1', '1', 'N/A', 'N/A', '', 'CAJA OTRO', 0, 3, '2019-11-13 09:44:13'),
(4259, '13112019', 'PK517031EN', 'PK517031EN', 'N/A', '10684', '1', '1', 'N/A', 'N/A', '', 'CAJA OTRO', 0, 3, '2019-11-13 09:44:13'),
(4260, '13112019', 'PK517030EN', 'PK517030EN', 'N/A', '6438', '1', '1', 'N/A', 'N/A', '', 'CAJA OTRO', 0, 3, '2019-11-13 09:44:13'),
(4261, '13112019', 'PK517029EN', 'PK517029EN', 'N/A', '2400', '1', '1', 'N/A', 'N/A', '', 'CAJA OTRO', 0, 3, '2019-11-13 09:44:13'),
(4262, '13112019', 'PK517027EN', 'PK517027EN', 'N/A', '9000', '1', '1', 'N/A', 'N/A', '', 'CAJA OTRO', 0, 3, '2019-11-13 09:44:13'),
(4263, '13112019', 'PK517025EN', 'PK517025EN', 'N/A', '6820', '1', '1', 'N/A', 'N/A', '', 'CAJA OTRO', 0, 3, '2019-11-13 09:44:13'),
(4264, '13112019', 'PK517024EN', 'PK517024EN', 'N/A', '109', '1', '1', 'N/A', 'N/A', '', 'CAJA OTRO', 0, 3, '2019-11-13 09:44:13'),
(4265, '13112019', 'PK517023EN', 'PK517023EN', 'N/A', '300', '1', '1', 'N/A', 'N/A', '', 'CAJA OTRO', 0, 3, '2019-11-13 09:44:13'),
(4266, '13112019', 'PK517022EN', 'PK517022EN (EATON)', 'N/A', '3169', '1', '1', 'N/A', 'N/A', '', 'CAJA OTRO', 0, 3, '2019-11-13 09:44:13'),
(4267, '13112019', 'PK517021EN', 'PK517021EN', 'N/A', '1269', '1', '1', 'N/A', 'N/A', '', 'CAJA OTRO', 0, 3, '2019-11-13 09:44:13'),
(4268, '13112019', 'PK517020EN', 'PK517020EN', 'N/A', '6426', '1', '1', 'N/A', 'N/A', '', 'CAJA OTRO', 0, 3, '2019-11-13 09:44:13'),
(4269, '13112019', 'PK514084EN', 'PK514084EN (EATON)', 'N/A', '339', '1', '1', 'N/A', 'N/A', '', 'CAJA OTRO', 0, 3, '2019-11-13 09:44:13'),
(4270, '13112019', 'PK514079EN', 'PK514079EN (EATON)', 'N/A', '375', '1', '1', 'N/A', 'N/A', '', 'CAJA OTRO', 0, 3, '2019-11-13 09:44:13'),
(4271, '13112019', 'PK514075EN', 'PK514075EN (EATON)', 'N/A', '2448', '1', '1', 'N/A', 'N/A', '', 'CAJA OTRO', 0, 3, '2019-11-13 09:44:13'),
(4272, '13112019', 'PK514074EN', 'PK514074EN (EATON)', 'N/A', '103', '1', '1', 'N/A', 'N/A', '', 'CAJA OTRO', 0, 3, '2019-11-13 09:44:13'),
(4273, '13112019', 'PK514072EN', 'PK514072EN (EATON)', 'N/A', '375', '1', '1', 'N/A', 'N/A', '', 'CAJA OTRO', 0, 3, '2019-11-13 09:44:13'),
(4274, '13112019', 'PK514070EN', 'PK514070EN (EATON)', 'N/A', '2005', '1', '1', 'N/A', 'N/A', '', 'CAJA OTRO', 0, 3, '2019-11-13 09:44:13'),
(4275, '13112019', 'PK514067EN', 'PK514067EN (EATON)', 'N/A', '1149', '1', '1', 'N/A', 'N/A', '', 'CAJA OTRO', 0, 3, '2019-11-13 09:44:13'),
(4276, '13112019', 'PK514058EN', 'PK514058EN', 'N/A', '261', '1', '1', 'N/A', 'N/A', '', 'CAJA OTRO', 0, 3, '2019-11-13 09:44:13'),
(4277, '13112019', 'PK514057', 'PK514057EN (EATON)', 'N/A', '5126', '1', '1', 'N/A', 'N/A', '', 'CAJA OTRO', 0, 3, '2019-11-13 09:44:13'),
(4278, '13112019', 'PK514056EN', 'PK514056EN (EATON)', 'N/A', '3427', '1', '1', 'N/A', 'N/A', '', 'CAJA OTRO', 0, 3, '2019-11-13 09:44:13'),
(4279, '13112019', 'PK514053EN', 'BOX EATON', 'N/A', '1353', '1', '1', 'N/A', 'N/A', '', 'CAJA OTRO', 0, 3, '2019-11-13 09:44:13'),
(4280, '13112019', 'PK514042EN', 'PK514042EN (EATON)', 'N/A', '4856', '1', '1', 'N/A', 'N/A', '', 'CAJA OTRO', 0, 3, '2019-11-13 09:44:13'),
(4281, '13112019', 'PK514028EN', 'PK514028EN', 'N/A', '1618', '1', '1', 'N/A', 'N/A', '', 'CAJA OTRO', 0, 3, '2019-11-13 09:44:13'),
(4282, '13112019', 'PK514027EN', 'PK514027EN', 'N/A', '204', '1', '1', 'N/A', 'N/A', '', 'CAJA OTRO', 0, 3, '2019-11-13 09:44:13'),
(4283, '13112019', 'PK514026EN', 'PK514026EN', 'N/A', '1008', '1', '1', 'N/A', 'N/A', '', 'CAJA OTRO', 0, 3, '2019-11-13 09:44:13'),
(4284, '13112019', 'PK514025EN', 'PK514025EN (EATON)', 'N/A', '326', '1', '1', 'N/A', 'N/A', '', 'CAJA OTRO', 0, 3, '2019-11-13 09:44:13'),
(4285, '13112019', 'PK514024EN', 'PK514024EN', 'N/A', '2310', '1', '1', 'N/A', 'N/A', '', 'CAJA OTRO', 0, 3, '2019-11-13 09:44:13'),
(4286, '13112019', 'PK514022EN', 'PK514022EN (EATON)', 'N/A', '1240', '1', '1', 'N/A', 'N/A', '', 'CAJA OTRO', 0, 3, '2019-11-13 09:44:13'),
(4287, '13112019', 'PK514020EN', 'PK514020EN (EATON)', 'N/A', '2792', '1', '1', 'N/A', 'N/A', '', 'CAJA OTRO', 0, 3, '2019-11-13 09:44:13'),
(4288, '13112019', 'PK514019EN', 'PK514019EN (EATON)', 'N/A', '7183', '1', '1', 'N/A', 'N/A', '', 'CAJA OTRO', 0, 3, '2019-11-13 09:44:13'),
(4289, '13112019', 'PK514018EN', 'PK514018EN (EATON)', 'N/A', '2000', '1', '1', 'N/A', 'N/A', '', 'CAJA OTRO', 0, 3, '2019-11-13 09:44:13'),
(4290, '13112019', 'PK514016EN', 'PK514016EN', 'N/A', '192', '1', '1', 'N/A', 'N/A', '', 'CAJA OTRO', 0, 3, '2019-11-13 09:44:13'),
(4291, '13112019', 'PK506039EN', 'PK506039EN (EATON)', 'N/A', '551', '1', '1', 'N/A', 'N/A', '', 'CAJA OTRO', 0, 3, '2019-11-13 09:44:13'),
(4292, '13112019', 'PK506038EN', 'PK506038EN (EATON)', 'N/A', '33', '1', '1', 'N/A', 'N/A', '', 'CAJA OTRO', 0, 3, '2019-11-13 09:44:13'),
(4293, '13112019', 'PAD 44*44 ', 'PAD 44*44 (EATON)', 'N/A', '500', '1', '1', 'N/A', 'N/A', '', 'CAJA OTRO', 0, 3, '2019-11-13 09:44:13'),
(4294, '13112019', 'OHD-49TAPA', '(OH-DISPLAY) 49 TAPA', 'N/A', '356', '1', '1', 'N/A', 'N/A', '', 'CAJA OTRO', 0, 3, '2019-11-13 09:44:13'),
(4295, '13112019', 'OHD-49CAJA', '(OH-DISPLAY)  49 CAJA', 'N/A', '161', '1', '1', 'N/A', 'N/A', '', 'CAJA OTRO', 0, 3, '2019-11-13 09:44:13'),
(4296, '13112019', 'OHD-0227A', '(OH-DISPLAY)  CARTON BOX', 'N/A', '3933', '1', '1', 'N/A', 'N/A', '', 'CAJA OTRO', 0, 3, '2019-11-13 09:44:13'),
(4297, '13112019', 'OHD-0226A', '(OH-DISPLAY)  CARTON INNER', 'N/A', '497', '1', '1', 'N/A', 'N/A', '', 'CAJA OTRO', 0, 3, '2019-11-13 09:44:13'),
(4298, '13112019', 'OHD-0163A', 'RSC-BOX', 'N/A', '345', '1', '1', 'N/A', 'N/A', '', 'CAJA OTRO', 0, 3, '2019-11-13 09:44:13'),
(4299, '13112019', 'OHD-0086Z-MR', '(OH- SUNG ELECTRONICS) OHSUNG MED RECTIFICADA', 'N/A', '3301', '1', '1', 'N/A', 'N/A', '', 'CAJA OTRO', 0, 3, '2019-11-13 09:44:13'),
(4300, '13112019', 'OHD-0086Z', '(OH- SUNG ELECTRONICS)  OHSUNG', 'N/A', '7948', '1', '1', 'N/A', 'N/A', '', 'CAJA OTRO', 0, 3, '2019-11-13 09:44:13'),
(4301, '13112019', 'OHD-0086F', '(OH- SUNG ELECTRONICS) RSC GLUED CARTON BOX', 'N/A', '1388', '1', '1', 'N/A', 'N/A', '', 'CAJA OTRO', 0, 3, '2019-11-13 09:44:13'),
(4302, '13112019', 'OH-SUNGDISPLAY 49', 'BOX OH-SUNG', 'N/A', '22', '1', '1', 'N/A', 'N/A', '', 'CAJA OTRO', 0, 3, '2019-11-13 09:44:13'),
(4303, '13112019', 'OFD-0781A', 'OFD-0781A', 'N/A', '350', '1', '1', 'N/A', 'N/A', '', 'CAJA OTRO', 0, 3, '2019-11-13 09:44:13'),
(4304, '13112019', 'OFD-0718A', '(OH- SUNG ELECTRONICS)  SEPARADOR', 'N/A', '7040', '1', '1', 'N/A', 'N/A', '', 'CAJA OTRO', 0, 3, '2019-11-13 09:44:13'),
(4305, '13112019', 'OFD-0570A', 'SEPARADOR OHS', 'N/A', '21772', '1', '1', 'N/A', 'N/A', '', 'CAJA OTRO', 0, 3, '2019-11-13 09:44:13'),
(4306, '13112019', 'OFD-0567A', '430*590 SEPARADOR', 'N/A', '995', '1', '1', 'N/A', 'N/A', '', 'CAJA OTRO', 0, 3, '2019-11-13 09:44:13'),
(4307, '13112019', 'OFD-0425A', 'SEPARADOR OHS', 'N/A', '14080', '1', '1', 'N/A', 'N/A', '', 'CAJA OTRO', 0, 3, '2019-11-13 09:44:13'),
(4308, '13112019', 'OFD-0424A', 'SEPARADOR OHS', 'N/A', '6717', '1', '1', 'N/A', 'N/A', '', 'CAJA OTRO', 0, 3, '2019-11-13 09:44:13'),
(4309, '13112019', 'OFD-0383B', 'SEPARADOR OHS', 'N/A', '14199', '1', '1', 'N/A', 'N/A', '', 'CAJA OTRO', 0, 3, '2019-11-13 09:44:13'),
(4310, '13112019', 'OFD-0105T', '(OH- SUNG ELECTRONICS)  PAD (310*470) OHSUNG', 'N/A', '19045', '1', '1', 'N/A', 'N/A', '', 'CAJA OTRO', 0, 3, '2019-11-13 09:44:13'),
(4311, '13112019', 'OFD-0105B', '(OH- SUNG ELECTRONICS)  SEPARADOR OHSUNG', 'N/A', '237195', '1', '1', 'N/A', 'N/A', '', 'CAJA OTRO', 0, 3, '2019-11-13 09:44:13'),
(4312, '13112019', 'OFD-0104Z-A', '(OH- SUNG ELECTRONICS) INNER BOX-LARGO', 'N/A', '504', '1', '1', 'N/A', 'N/A', '', 'CAJA OTRO', 0, 3, '2019-11-13 09:44:13'),
(4313, '13112019', 'OFD-0104Z', '(OH- SUNG ELECTRONICS)  INNER BOX', 'N/A', '9159', '1', '1', 'N/A', 'N/A', '', 'CAJA OTRO', 0, 3, '2019-11-13 09:44:13'),
(4314, '13112019', 'OFD-0104C', '(OH- SUNG ELECTRONICS)  RSC GLUED CARTON INNER', 'N/A', '587', '1', '1', 'N/A', 'N/A', '', 'CAJA OTRO', 0, 3, '2019-11-13 09:44:13'),
(4315, '13112019', 'N001001405', '(PHANTOS) CAJA DE ACCESORIO', 'N/A', '918', '1', '1', 'N/A', 'N/A', '', 'CAJA OTRO', 0, 3, '2019-11-13 09:44:13'),
(4316, '13112019', 'N001001404', '(PHANTOS) CAJA DE ACCESORIO', 'N/A', '7038', '1', '1', 'N/A', 'N/A', '', 'CAJA OTRO', 0, 3, '2019-11-13 09:44:13'),
(4317, '13112019', 'MCTN-L2G808-4', 'MCTN-L2G808-4 (EATON)', 'N/A', '1289', '1', '1', 'N/A', 'N/A', '', 'CAJA OTRO', 0, 3, '2019-11-13 09:44:13'),
(4318, '13112019', 'KS-BOX 6817', 'BOX 267*216*165 KANG SEO', 'N/A', '580', '1', '1', 'N/A', 'N/A', '', 'CAJA OTRO', 0, 3, '2019-11-13 09:44:13'),
(4319, '13112019', 'KS PAD 1', '(KANG SEO) SEPARADOR 325*510', 'N/A', '4200', '1', '1', 'N/A', 'N/A', '', 'CAJA OTRO', 0, 3, '2019-11-13 09:44:13'),
(4320, '13112019', 'JCSB-543A', 'J.COX', 'N/A', '1946', '1', '1', 'N/A', 'N/A', '', 'CAJA OTRO', 0, 3, '2019-11-13 09:44:13'),
(4321, '13112019', 'JCOX-580*950', '43\\\' PAD (JCOX)', 'N/A', '3025', '1', '1', 'N/A', 'N/A', '', 'CAJA OTRO', 0, 3, '2019-11-13 09:44:13'),
(4322, '13112019', 'HANNA MEDIANA', 'HANNA MEDIANA (446X304X223)', 'N/A', '2261', '1', '1', 'N/A', 'N/A', '', 'CAJA OTRO', 0, 3, '2019-11-13 09:44:13'),
(4323, '13112019', 'HANNA CHICA 3', 'HANNA CHICA 3 (310X190X160)', 'N/A', '750', '1', '1', 'N/A', 'N/A', '', 'CAJA OTRO', 0, 3, '2019-11-13 09:44:13'),
(4324, '13112019', 'HANNA CHICA 2', 'HANNA CHICA 2 (290X190X160)', 'N/A', '1498', '1', '1', 'N/A', 'N/A', '', 'CAJA OTRO', 0, 3, '2019-11-13 09:44:13'),
(4325, '13112019', 'HANNA CHICA 1', 'HANNA CHICA 1 (257X208X149)', 'N/A', '5936', '1', '1', 'N/A', 'N/A', '', 'CAJA OTRO', 0, 3, '2019-11-13 09:44:13'),
(4326, '13112019', 'HANNA BOX 20*20', 'BOX HANNA', 'N/A', '832', '1', '1', 'N/A', 'N/A', '', 'CAJA OTRO', 0, 3, '2019-11-13 09:44:13'),
(4327, '13112019', 'GPS-0021-3', 'BOX (WOORI USA)', 'N/A', '5529', '1', '1', 'N/A', 'N/A', '', 'CAJA OTRO', 0, 3, '2019-11-13 09:44:13'),
(4328, '13112019', 'ETN-18', '(EATON) 18*18*18', 'N/A', '4715', '1', '1', 'N/A', 'N/A', '', 'CAJA OTRO', 0, 3, '2019-11-13 09:44:13'),
(4329, '13112019', 'ETN-16', '(EATON) 16*16*16', 'N/A', '4961', '1', '1', 'N/A', 'N/A', '', 'CAJA OTRO', 0, 3, '2019-11-13 09:44:13'),
(4330, '13112019', 'ETN-13', '13*13*13 CP EMPAQUES eaton ', 'N/A', '376', '1', '1', 'N/A', 'N/A', '', 'CAJA OTRO', 0, 3, '2019-11-13 09:44:13'),
(4331, '13112019', 'CTN78627', '(EATON) INSERT', 'N/A', '8594', '1', '1', 'N/A', 'N/A', '', 'CAJA OTRO', 0, 3, '2019-11-13 09:44:13'),
(4332, '13112019', 'CTN76119', '(EATON) INSERT', 'N/A', '400', '1', '1', 'N/A', 'N/A', '', 'CAJA OTRO', 0, 3, '2019-11-13 09:44:13'),
(4333, '13112019', 'CTN1610986', 'CTN1610986 (EATON)', 'N/A', '5400', '1', '1', 'N/A', 'N/A', '', 'CAJA OTRO', 0, 3, '2019-11-13 09:44:13'),
(4334, '13112019', 'CTN161050', '(EATON) PAD 273*340', 'N/A', '17985', '1', '1', 'N/A', 'N/A', '', 'CAJA OTRO', 0, 3, '2019-11-13 09:44:13'),
(4335, '13112019', 'CTN161048', '(EATON) PAD 318*340', 'N/A', '5960', '1', '1', 'N/A', 'N/A', '', 'CAJA OTRO', 0, 3, '2019-11-13 09:44:13'),
(4336, '13112019', 'CTN160986', 'PAD (EATON)', 'N/A', '39764', '1', '1', 'N/A', 'N/A', '', 'CAJA OTRO', 0, 3, '2019-11-13 09:44:13'),
(4337, '13112019', 'CTN160836', 'CTN160836 INSERT (EATON)', 'N/A', '931', '1', '1', 'N/A', 'N/A', '', 'CAJA OTRO', 0, 3, '2019-11-13 09:44:13'),
(4338, '13112019', 'CTN-160992', 'INSERT (EATON)', 'N/A', '6291', '1', '1', 'N/A', 'N/A', '', 'CAJA OTRO', 0, 3, '2019-11-13 09:44:13'),
(4339, '13112019', 'CTN-160866', 'CTN-160866 (EATON)', 'N/A', '410', '1', '1', 'N/A', 'N/A', '', 'CAJA OTRO', 0, 3, '2019-11-13 09:44:13'),
(4340, '13112019', 'CS010049-00', 'AW-CS010049 BOX (BREG)', 'N/A', '3392', '1', '1', 'N/A', 'N/A', '', 'CAJA OTRO', 0, 3, '2019-11-13 09:44:13'),
(4341, '13112019', 'CS010005', 'BOX CARRIER (BREG)', 'N/A', '4446', '1', '1', 'N/A', 'N/A', '', 'CAJA OTRO', 0, 3, '2019-11-13 09:44:13'),
(4342, '13112019', 'CMPM-P001', 'PAD SEPARADOR', 'N/A', '875', '1', '1', 'N/A', 'N/A', '', 'CAJA OTRO', 0, 3, '2019-11-13 09:44:13'),
(4343, '13112019', 'CLP0011200I', 'CLP0011200I (EATON)', 'N/A', '800', '1', '1', 'N/A', 'N/A', '', 'CAJA OTRO', 0, 3, '2019-11-13 09:44:13'),
(4344, '13112019', 'CLP0011197I', 'CLP0011197I (EATON)', 'N/A', '7680', '1', '1', 'N/A', 'N/A', '', 'CAJA OTRO', 0, 3, '2019-11-13 09:44:13'),
(4345, '13112019', 'CLP0011164I', 'CLP0011164I (EATON)', 'N/A', '400', '1', '1', 'N/A', 'N/A', '', 'CAJA OTRO', 0, 3, '2019-11-13 09:44:13'),
(4346, '13112019', 'CLP0011150I', 'CLP0011150I', 'N/A', '2518', '1', '1', 'N/A', 'N/A', '', 'CAJA OTRO', 0, 3, '2019-11-13 09:44:13'),
(4347, '13112019', 'CLP0011146I', 'CLP0011146I', 'N/A', '773', '1', '1', 'N/A', 'N/A', '', 'CAJA OTRO', 0, 3, '2019-11-13 09:44:13'),
(4348, '13112019', 'CLP0011096I', 'CLP0011096I', 'N/A', '1200', '1', '1', 'N/A', 'N/A', '', 'CAJA OTRO', 0, 3, '2019-11-13 09:44:13'),
(4349, '13112019', 'CLP0011070C', 'CLP0011070C', 'N/A', '1905', '1', '1', 'N/A', 'N/A', '', 'CAJA OTRO', 0, 3, '2019-11-13 09:44:13'),
(4350, '13112019', 'CLP0011039I-1', 'CLP0011039I-1  EATON', 'N/A', '1484', '1', '1', 'N/A', 'N/A', '', 'CAJA OTRO', 0, 3, '2019-11-13 09:44:13'),
(4351, '13112019', 'CLP0011039I', 'CLP0011039I', 'N/A', '1484', '1', '1', 'N/A', 'N/A', '', 'CAJA OTRO', 0, 3, '2019-11-13 09:44:13'),
(4352, '13112019', 'CLP0011037I', 'CLP0011037I', 'N/A', '950', '1', '1', 'N/A', 'N/A', '', 'CAJA OTRO', 0, 3, '2019-11-13 09:44:13'),
(4353, '13112019', 'CLP0011021I', 'CLP0011021I', 'N/A', '2191', '1', '1', 'N/A', 'N/A', '', 'CAJA OTRO', 0, 3, '2019-11-13 09:44:13'),
(4354, '13112019', 'CLP0010914I', 'CLP0010914I (EATON)', 'N/A', '506', '1', '1', 'N/A', 'N/A', '', 'CAJA OTRO', 0, 3, '2019-11-13 09:44:13'),
(4355, '13112019', 'CLP0010913I', 'CLP0010913I (EATON)', 'N/A', '2400', '1', '1', 'N/A', 'N/A', '', 'CAJA OTRO', 0, 3, '2019-11-13 09:44:13'),
(4356, '13112019', 'CLP001087I', 'CLP001087I', 'N/A', '2500', '1', '1', 'N/A', 'N/A', '', 'CAJA OTRO', 0, 3, '2019-11-13 09:44:13'),
(4357, '13112019', 'CAJA MEDIANA', 'JINMYUNG', 'N/A', '150', '1', '1', 'N/A', 'N/A', '', 'CAJA OTRO', 0, 3, '2019-11-13 09:44:13'),
(4358, '13112019', 'BX-600-14AP', 'QUALITECH', 'N/A', '3676', '1', '1', 'N/A', 'N/A', '', 'CAJA OTRO', 0, 3, '2019-11-13 09:44:13'),
(4359, '13112019', 'BX-16', 'QUALITECH', 'N/A', '742', '1', '1', 'N/A', 'N/A', '', 'CAJA OTRO', 0, 3, '2019-11-13 09:44:13'),
(4360, '13112019', 'BREG', 'BREG', 'N/A', '341', '1', '1', 'N/A', 'N/A', '', 'CAJA OTRO', 0, 3, '2019-11-13 09:44:13'),
(4361, '13112019', 'BC-BOX-2', 'COVER BOX (OH-SUNG DISPLAY)', 'N/A', '4962', '1', '1', 'N/A', 'N/A', '', 'CAJA OTRO', 0, 3, '2019-11-13 09:44:13'),
(4362, '13112019', 'AW-200232', 'BREG BOX', 'N/A', '30878', '1', '1', 'N/A', 'N/A', '', 'CAJA OTRO', 0, 3, '2019-11-13 09:44:13'),
(4363, '13112019', 'AW-200174', 'AW-200174', 'N/A', '22517', '1', '1', 'N/A', 'N/A', '', 'CAJA OTRO', 0, 3, '2019-11-13 09:44:13'),
(4364, '13112019', '9619 BOX', 'KANG SEO', 'N/A', '710', '1', '1', 'N/A', 'N/A', '', 'CAJA OTRO', 0, 3, '2019-11-13 09:44:13'),
(4365, '13112019', '78754CTN', '78754CTN (EATON)', 'N/A', '1551', '1', '1', 'N/A', 'N/A', '', 'CAJA OTRO', 0, 3, '2019-11-13 09:44:13'),
(4366, '13112019', '78747CTN', '78747CTN (EATON)', 'N/A', '33', '1', '1', 'N/A', 'N/A', '', 'CAJA OTRO', 0, 3, '2019-11-13 09:44:13'),
(4367, '13112019', '78746CTN', '78746CTN (EATON)', 'N/A', '1243', '1', '1', 'N/A', 'N/A', '', 'CAJA OTRO', 0, 3, '2019-11-13 09:44:13'),
(4368, '13112019', '76665', '76665 (EATON)', 'N/A', '1013', '1', '1', 'N/A', 'N/A', '', 'CAJA OTRO', 0, 3, '2019-11-13 09:44:13'),
(4369, '13112019', '76637', '(eaton) AC PAD', 'N/A', '10655', '1', '1', 'N/A', 'N/A', '', 'CAJA OTRO', 0, 3, '2019-11-13 09:44:13'),
(4370, '13112019', '76519', '(EATON) INSERT', 'N/A', '1435', '1', '1', 'N/A', 'N/A', '', 'CAJA OTRO', 0, 3, '2019-11-13 09:44:13'),
(4371, '13112019', '76481EUF', '76481EUF', 'N/A', '2100', '1', '1', 'N/A', 'N/A', '', 'CAJA OTRO', 0, 3, '2019-11-13 09:44:13'),
(4372, '13112019', '76181CTN', '76181CTN (EATON\\\')', 'N/A', '1048', '1', '1', 'N/A', 'N/A', '', 'CAJA OTRO', 0, 3, '2019-11-13 09:44:13'),
(4373, '13112019', '70871', '70871 (EATON)', 'N/A', '470', '1', '1', 'N/A', 'N/A', '', 'CAJA OTRO', 0, 3, '2019-11-13 09:44:13'),
(4374, '13112019', '6680CTN', '6680CTN (RSC BOX) EATON', 'N/A', '160', '1', '1', 'N/A', 'N/A', '', 'CAJA OTRO', 0, 3, '2019-11-13 09:44:13'),
(4375, '13112019', '6679CTN', '6679CTN', 'N/A', '644', '1', '1', 'N/A', 'N/A', '', 'CAJA OTRO', 0, 3, '2019-11-13 09:44:13'),
(4376, '13112019', '3450451', '(TETRAPAK) 15*15*14', 'N/A', '27', '1', '1', 'N/A', 'N/A', '', 'CAJA OTRO', 0, 3, '2019-11-13 09:44:13'),
(4377, '13112019', '3450450 BOX', '23*15*14 TETRAPAK', 'N/A', '31', '1', '1', 'N/A', 'N/A', '', 'CAJA OTRO', 0, 3, '2019-11-13 09:44:13'),
(4378, '13112019', '200236 ', 'BREG BOX ', 'N/A', '17849', '1', '1', 'N/A', 'N/A', '', 'CAJA OTRO', 0, 3, '2019-11-13 09:44:13'),
(4379, '13112019', '200234', 'BREG BOX ', 'N/A', '13428', '1', '1', 'N/A', 'N/A', '', 'CAJA OTRO', 0, 3, '2019-11-13 09:44:13'),
(4380, '13112019', '200036', 'BOX BREG', 'N/A', '17744', '1', '1', 'N/A', 'N/A', '', 'CAJA OTRO', 0, 3, '2019-11-13 09:44:13'),
(4381, '13112019', '12644872', '12644872 AETON', 'N/A', '547', '1', '1', 'N/A', 'N/A', '', 'CAJA OTRO', 0, 3, '2019-11-13 09:44:13'),
(4382, '13112019', '12633411', 'EATON', 'N/A', '300', '1', '1', 'N/A', 'N/A', '', 'CAJA OTRO', 0, 3, '2019-11-13 09:44:13'),
(4383, '13112019', '12508954', 'INSERT (EATON)', 'N/A', '1170', '1', '1', 'N/A', 'N/A', '', 'CAJA OTRO', 0, 3, '2019-11-13 09:44:13'),
(4384, '13112019', '11619291', 'Pad separador EATON', 'N/A', '4800', '1', '1', 'N/A', 'N/A', '', 'CAJA OTRO', 0, 3, '2019-11-13 09:44:13'),
(4385, '13112019', 'SLEEVE SHEET CS NEW PRICE', '48*40', 'N/A', '51000', '1', '1', 'N/A', 'N/A', '', 'CAJA OTRO', 0, 3, '2019-11-13 09:44:13'),
(4386, '13112019', 'VERDE PMS 347 C (K)', 'TINTA SANCHEZ', 'N/A', '2', '1', '1', 'N/A', 'ALMACEN', '', 'PINTURA', 0, 3, '2019-11-13 09:44:13'),
(4387, '13112019', 'VERDE G 20 (K) CARTONFLEX', 'TINTA SANCHEZ', 'N/A', '8', '1', '1', 'N/A', 'ALMACEN', '', 'PINTURA', 0, 3, '2019-11-13 09:44:13');
INSERT INTO `tbldocumento` (`iddocumento`, `identificador`, `numeroparte`, `modelo`, `revision`, `cantidadcajas`, `cantidadpallet`, `cliente`, `proveedor`, `locacion`, `fechaentrada`, `categoria`, `subido`, `idusuario`, `fecharegistro`) VALUES
(4388, '13112019', 'VERDE 363 (K)', 'TINTA SANCHEZ', 'N/A', '4', '1', '1', 'N/A', 'ALMACEN', '', 'PINTURA', 0, 3, '2019-11-13 09:44:13'),
(4389, '13112019', 'Rojo pms 207 U (B) Alt Res Fast Dry', 'TINTA ', 'N/A', '4', '1', '1', 'N/A', 'ALMACEN', '', 'PINTURA', 0, 3, '2019-11-13 09:44:13'),
(4390, '13112019', 'ROJO PMS 207 CRAFT (K)', 'TINTA SANCHEZ 207 KRAFT', 'N/A', '16', '1', '1', 'N/A', 'ALMACEN', '', 'PINTURA', 0, 3, '2019-11-13 09:44:13'),
(4391, '13112019', 'ROJO PMS 186 U (K)', 'TINTA SANCHEZ', 'N/A', '4', '1', '1', 'N/A', 'ALMACEN', '', 'PINTURA', 0, 3, '2019-11-13 09:44:13'),
(4392, '13112019', 'ROJO GCMI 609 (K)', 'TINTA SANCHEZ VERDE GCMI 609', 'N/A', '4', '1', '1', 'N/A', 'ALMACEN', '', 'PINTURA', 0, 3, '2019-11-13 09:44:13'),
(4393, '13112019', 'ROJO 207 (K)', 'TINTA SANCHEZ', 'N/A', '30', '1', '1', 'N/A', 'ALMACEN', '', 'PINTURA', 0, 3, '2019-11-13 09:44:13'),
(4394, '13112019', 'ROJO 207 (B)', 'TINTA GENERAL PRODUCTS', 'N/A', '30', '1', '1', 'N/A', 'ALMACEN', '', 'PINTURA', 0, 3, '2019-11-13 09:44:13'),
(4395, '13112019', 'Negro intenso (B) Alt Rest Fast Dry', 'TINTA SANCHEZ', 'N/A', '8', '1', '1', 'N/A', 'ALMACEN', '', 'PINTURA', 0, 3, '2019-11-13 09:44:13'),
(4396, '13112019', 'naranja psm 172 u B', 'TINTA SANCHEZ', 'N/A', '4', '1', '1', 'N/A', 'ALMACEN', '', 'PINTURA', 0, 3, '2019-11-13 09:44:13'),
(4397, '13112019', 'MORADO PMS PLUS 216 RED (K)', 'TIINTA SANCHEZ', 'N/A', '46', '1', '1', 'N/A', 'ALMACEN', '', 'PINTURA', 0, 3, '2019-11-13 09:44:13'),
(4398, '13112019', 'MORADO PMS 267 (K)', 'TINTA SANCHEZ', 'N/A', '2', '1', '1', 'N/A', 'ALMACEN', '', 'PINTURA', 0, 3, '2019-11-13 09:44:13'),
(4399, '13112019', 'Morado pms 216 U (B) Alt rest Fast', 'Tinta sanchez', 'N/A', '88', '1', '1', 'N/A', 'ALMACEN', '', 'PINTURA', 0, 3, '2019-11-13 09:44:13'),
(4400, '13112019', 'HUMECTANTE SANCHEZ', 'TINTA SANCHEZ', 'N/A', '4', '1', '1', 'N/A', 'ALMACEN', '', 'PINTURA', 0, 3, '2019-11-13 09:44:13'),
(4401, '13112019', 'Gris pms cool gray 11 U (B) AR FD', 'TINTA SANCHEZ', 'N/A', '8', '1', '1', 'N/A', 'ALMACEN', '', 'PINTURA', 0, 3, '2019-11-13 09:44:13'),
(4402, '13112019', 'GREEN PANTONE 363 C (K)', 'TINTA SANCHEZ', 'N/A', '1', '1', '1', 'N/A', 'ALMACEN', '', 'PINTURA', 0, 3, '2019-11-13 09:44:13'),
(4403, '13112019', 'GRAY LGK80 (B) ALT RES. FAST DRY', 'TINTA SANCHEZ', 'N/A', '10', '1', '1', 'N/A', 'ALMACEN', '', 'PINTURA', 0, 3, '2019-11-13 09:44:13'),
(4404, '13112019', 'FLEXOTRANSFER SANCHEZ', 'TINTA SANCHEZ', 'N/A', '4', '1', '1', 'N/A', 'ALMACEN', '', 'PINTURA', 0, 3, '2019-11-13 09:44:13'),
(4405, '13112019', 'FLEXO GRAPHIC BLACK INK (LATAS)', 'TINTA KOREANA', 'N/A', '4', '1', '1', 'N/A', 'ALMACEN', '', 'PINTURA', 0, 3, '2019-11-13 09:44:13'),
(4406, '13112019', 'BLANCO INTENSO (K)', 'TINTA SANCHEZ ALTAR MODEL', 'N/A', '4', '1', '1', 'N/A', 'ALMACEN', '', 'PINTURA', 0, 3, '2019-11-13 09:44:13'),
(4407, '13112019', 'AZUL PMS 300CK', 'TINTA GENERAL PRODUCTS', 'N/A', '2', '1', '1', 'N/A', 'ALMACEN', '', 'PINTURA', 0, 3, '2019-11-13 09:44:13'),
(4408, '13112019', 'AZUL GCMI 31 (K) CARTONFLEZX', 'TINTA SANCHEZ', 'N/A', '4', '1', '1', 'N/A', 'ALMACEN', '', 'PINTURA', 0, 3, '2019-11-13 09:44:13'),
(4409, '13112019', 'AZUL 2935 (K)', 'TINTA SANCHEZ', 'N/A', '4', '1', '1', 'N/A', 'ALMACEN', '', 'PINTURA', 0, 3, '2019-11-13 09:44:13'),
(4410, '13112019', 'ANTIESPUMANTE SANCHEZ', 'TINTA SANCHEZ', 'N/A', '2', '1', '1', 'N/A', 'ALMACEN', '', 'PINTURA', 0, 3, '2019-11-13 09:44:13'),
(4411, '13112019', 'ALCALINIZANTE', 'TINTA SANCHEZ', 'N/A', '1', '1', '1', 'N/A', 'ALMACEN', '', 'PINTURA', 0, 3, '2019-11-13 09:44:13'),
(4412, '13112019', 'WD-40 (AFLOJA TODO)', 'MATERIAL PARA MTO.', 'N/A', '1', '1', '1', 'N/A', 'ALMACEN', '', 'MANTEMIMIENTO', 0, 3, '2019-11-13 09:44:13'),
(4413, '13112019', 'WATER BASED ADHESIVE FORSTC-43458', 'GOMA', 'N/A', '14', '1', '1', 'N/A', 'ALMACEN', '', 'MANTEMIMIENTO', 0, 3, '2019-11-13 09:44:13'),
(4414, '13112019', 'TRAPOS', 'ARTICULO DE LIMPIEZA', 'N/A', '2', '1', '1', 'N/A', 'ALMACEN', '', 'MANTEMIMIENTO', 0, 3, '2019-11-13 09:44:13'),
(4415, '13112019', 'TRAPEADOR SUELTO', 'Art. de limpieza', 'N/A', '4', '1', '1', 'N/A', 'ALMACEN', '', 'MANTEMIMIENTO', 0, 3, '2019-11-13 09:44:13'),
(4416, '13112019', 'TRAPEADOR', 'Art. de limpieza', 'N/A', '3', '1', '1', 'N/A', 'ALMACEN', '', 'MANTEMIMIENTO', 0, 3, '2019-11-13 09:44:13'),
(4417, '13112019', 'TOUCH FOOM', 'MANTENIMIENTO', 'N/A', '3', '1', '1', 'N/A', 'ALMACEN', '', 'MANTEMIMIENTO', 0, 3, '2019-11-13 09:44:13'),
(4418, '13112019', 'TORNILLO PARA MADERA DE 2 PULGADAS', 'Material p/mto.', 'N/A', '300', '1', '1', 'N/A', 'ALMACEN', '', 'MANTEMIMIENTO', 0, 3, '2019-11-13 09:44:13'),
(4419, '13112019', 'TORNILLO PARA MADERA 3 PULGADAS', 'Material p/mto.', 'N/A', '300', '1', '1', 'N/A', 'ALMACEN', '', 'MANTEMIMIENTO', 0, 3, '2019-11-13 09:44:13'),
(4420, '13112019', 'TORNILLO PARA MADERA 2 1/2 PULGADAS', 'Material p/mto', 'N/A', '300', '1', '1', 'N/A', 'ALMACEN', '', 'MANTEMIMIENTO', 0, 3, '2019-11-13 09:44:13'),
(4421, '13112019', 'TORNILLO PARA MADERA 1 1/2 PULGADAS', 'Material p/mto', 'N/A', '300', '1', '1', 'N/A', 'ALMACEN', '', 'MANTEMIMIENTO', 0, 3, '2019-11-13 09:44:13'),
(4422, '13112019', 'TAPONES PARA OIDOS', 'SEGURIDAD PERSONAL', 'N/A', '94', '1', '1', 'N/A', 'ALMACEN', '', 'MANTEMIMIENTO', 0, 3, '2019-11-13 09:44:13'),
(4423, '13112019', 'TAPE VERDE', 'TAPE', 'N/A', '49', '1', '1', 'N/A', 'ALMACEN', '', 'MANTEMIMIENTO', 0, 3, '2019-11-13 09:44:13'),
(4424, '13112019', 'TAPE TRAFICO', 'TAPE', 'N/A', '24', '1', '1', 'N/A', 'ALMACEN', '', 'MANTEMIMIENTO', 0, 3, '2019-11-13 09:44:13'),
(4425, '13112019', 'TAPE ROJO', 'TAPE', 'N/A', '21', '1', '1', 'N/A', 'ALMACEN', '', 'MANTEMIMIENTO', 0, 3, '2019-11-13 09:44:13'),
(4426, '13112019', 'TAPE NEGRO', 'TAPE', 'N/A', '8', '1', '1', 'N/A', 'ALMACEN', '', 'MANTEMIMIENTO', 0, 3, '2019-11-13 09:44:13'),
(4427, '13112019', 'TAPE DOBLE', 'TAPE', 'N/A', '17', '1', '1', 'N/A', 'ALMACEN', '', 'MANTEMIMIENTO', 0, 3, '2019-11-13 09:44:13'),
(4428, '13112019', 'TAPE CRISTALINO', 'TAPE', 'N/A', '544', '1', '1', 'N/A', 'ALMACEN', '', 'MANTEMIMIENTO', 0, 3, '2019-11-13 09:44:13'),
(4429, '13112019', 'TAPE CANELA', 'TAPE', 'N/A', '64', '1', '1', 'N/A', 'ALMACEN', '', 'MANTEMIMIENTO', 0, 3, '2019-11-13 09:44:13'),
(4430, '13112019', 'TAPE BLANCO', 'TAPE', 'N/A', '14', '1', '1', 'N/A', 'ALMACEN', '', 'MANTEMIMIENTO', 0, 3, '2019-11-13 09:44:13'),
(4431, '13112019', 'TAPE AZUL', 'TAPE', 'N/A', '16', '1', '1', 'N/A', 'ALMACEN', '', 'MANTEMIMIENTO', 0, 3, '2019-11-13 09:44:13'),
(4432, '13112019', 'TAPE AMARILLO', 'Mat. para locacionar', 'N/A', '150', '1', '1', 'N/A', 'ALMACEN', '', 'MANTEMIMIENTO', 0, 3, '2019-11-13 09:44:13'),
(4433, '13112019', 'TAKE IT OFF 3LBS', 'DESCRISTALIZADOR SANCHEZ', 'N/A', '7', '1', '1', 'N/A', 'ALMACEN', '', 'MANTEMIMIENTO', 0, 3, '2019-11-13 09:44:13'),
(4434, '13112019', 'SINCHO PARA LA MOSCA', 'FLEJE PARA EMPAQUE', 'N/A', '35', '1', '1', 'N/A', 'ALMACEN', '', 'MANTEMIMIENTO', 0, 3, '2019-11-13 09:44:13'),
(4435, '13112019', 'SINCHO DE 10 PULGADAS', 'MATERIAL PARA MTO', 'N/A', '100', '1', '1', 'N/A', 'ALMACEN', '', 'MANTEMIMIENTO', 0, 3, '2019-11-13 09:44:13'),
(4436, '13112019', 'SINCHO 8 PULGADAS', 'Material p/mto.', 'N/A', '200', '1', '1', 'N/A', 'ALMACEN', '', 'MANTEMIMIENTO', 0, 3, '2019-11-13 09:44:13'),
(4437, '13112019', 'SINCHO 6 PULGADAS', 'Material p/mto.', 'N/A', '100', '1', '1', 'N/A', 'ALMACEN', '', 'MANTEMIMIENTO', 0, 3, '2019-11-13 09:44:13'),
(4438, '13112019', 'SINCHADORA MANUAL', 'INDUSTRIAL TENSIONER', 'N/A', '2', '1', '1', 'N/A', 'ALMACEN', '', 'MANTEMIMIENTO', 0, 3, '2019-11-13 09:44:13'),
(4439, '13112019', 'SILICON ROJO', 'QUIMICA TF', 'N/A', '7', '1', '1', 'N/A', 'ALMACEN', '', 'MANTEMIMIENTO', 0, 3, '2019-11-13 09:44:13'),
(4440, '13112019', 'SILICON CRISTALINO', 'SISTA', 'N/A', '11', '1', '1', 'N/A', 'ALMACEN', '', 'MANTEMIMIENTO', 0, 3, '2019-11-13 09:44:13'),
(4441, '13112019', 'SEGURO DE PASADOR', 'Chapa para puertas', 'N/A', '4', '1', '1', 'N/A', 'ALMACEN', '', 'MANTEMIMIENTO', 0, 3, '2019-11-13 09:44:13'),
(4442, '13112019', 'ROTOFLEXO ACONDICIONADOR 313', 'ACONDICIONADOR SANCHEZ', 'N/A', '2', '1', '1', 'N/A', 'ALMACEN', '', 'MANTEMIMIENTO', 0, 3, '2019-11-13 09:44:13'),
(4443, '13112019', 'rollos para cirel', 'plastico', 'N/A', '4', '1', '1', 'N/A', 'ALMACEN', '', 'MANTEMIMIENTO', 0, 3, '2019-11-13 09:44:13'),
(4444, '13112019', 'ROLL CLEANER SANCHEZ TIBOR', 'JABÓN SANCHEZ', 'N/A', '1', '1', '1', 'N/A', 'ALMACEN', '', 'MANTEMIMIENTO', 0, 3, '2019-11-13 09:44:13'),
(4445, '13112019', 'RODILLO PARA PINTAR 9 PULGADAS', 'Material p/mantenimiento', 'N/A', '2', '1', '1', 'N/A', 'ALMACEN', '', 'MANTEMIMIENTO', 0, 3, '2019-11-13 09:44:13'),
(4446, '13112019', 'RODILLO PARA PINTAR 3 PULGADAS', 'Material p/mto', 'N/A', '12', '1', '1', 'N/A', 'ALMACEN', '', 'MANTEMIMIENTO', 0, 3, '2019-11-13 09:44:13'),
(4447, '13112019', 'REPUESTOS DE NAVAJAS', 'MATERIAL PARA RETRABAJO', 'N/A', '24', '1', '1', 'N/A', 'ALMACEN', '', 'MANTEMIMIENTO', 0, 3, '2019-11-13 09:44:13'),
(4448, '13112019', 'RECOGEDOR', 'Art. de limpieza', 'N/A', '12', '1', '1', 'N/A', 'ALMACEN', '', 'MANTEMIMIENTO', 0, 3, '2019-11-13 09:44:13'),
(4449, '13112019', 'QD ELECTRONIC', 'MANTENIMIENTO', 'N/A', '2', '1', '1', 'N/A', 'ALMACEN', '', 'MANTEMIMIENTO', 0, 3, '2019-11-13 09:44:13'),
(4450, '13112019', 'QC PASSED (IMPRESA)', 'ETIQUETA HANA', 'N/A', '7', '1', '1', 'N/A', 'ALMACEN', '', 'MANTEMIMIENTO', 0, 3, '2019-11-13 09:44:13'),
(4451, '13112019', 'PISTOLAS ATOMIZADOR', 'Art. de limpieza', 'N/A', '31', '1', '1', 'N/A', 'ALMACEN', '', 'MANTEMIMIENTO', 0, 3, '2019-11-13 09:44:13'),
(4452, '13112019', 'PINTURA SPRAY ROJO', 'Aerosol mantenimiento', 'N/A', '12', '1', '1', 'N/A', 'ALMACEN', '', 'MANTEMIMIENTO', 0, 3, '2019-11-13 09:44:13'),
(4453, '13112019', 'PINTURA SPRAY NEGRO', 'Aerosol mantenimiento', 'N/A', '13', '1', '1', 'N/A', 'ALMACEN', '', 'MANTEMIMIENTO', 0, 3, '2019-11-13 09:44:13'),
(4454, '13112019', 'PINTURA SPRAY GRIS', 'Aerosol mantenimiento', 'N/A', '13', '1', '1', 'N/A', 'ALMACEN', '', 'MANTEMIMIENTO', 0, 3, '2019-11-13 09:44:13'),
(4455, '13112019', 'PINTURA SPRAY BLANCO', 'Aerosol mantenimiento', 'N/A', '16', '1', '1', 'N/A', 'ALMACEN', '', 'MANTEMIMIENTO', 0, 3, '2019-11-13 09:44:13'),
(4456, '13112019', 'PINTURA SPRAY AMARILLO', 'Aerosol mantenimiento ', 'N/A', '11', '1', '1', 'N/A', 'ALMACEN', '', 'MANTEMIMIENTO', 0, 3, '2019-11-13 09:44:13'),
(4457, '13112019', 'PIJA 3/4*1/4 CABEZA EXSAGONAL', 'TORNILLERIA MTO', 'N/A', '78', '1', '1', 'N/A', 'ALMACEN', '', 'MANTEMIMIENTO', 0, 3, '2019-11-13 09:44:13'),
(4458, '13112019', 'PIJA 3/4*1/4 CABEZA DE CRUZ', 'TORNILLERIA MTO', 'N/A', '180', '1', '1', 'N/A', 'ALMACEN', '', 'MANTEMIMIENTO', 0, 3, '2019-11-13 09:44:13'),
(4459, '13112019', 'PIJA 3*1/4 CABEZA EXAGONAL', 'TORNILLERIA MTO', 'N/A', '180', '1', '1', 'N/A', 'ALMACEN', '', 'MANTEMIMIENTO', 0, 3, '2019-11-13 09:44:13'),
(4460, '13112019', 'PIJA 2*1/4 CABEZA EXAGONAL', 'TORNILLERIA MTO', 'N/A', '140', '1', '1', 'N/A', 'ALMACEN', '', 'MANTEMIMIENTO', 0, 3, '2019-11-13 09:44:13'),
(4461, '13112019', 'PIJA 1*1/4 CABEZA ESXAGONAL', 'TORNILLERIA MTO', 'N/A', '120', '1', '1', 'N/A', 'ALMACEN', '', 'MANTEMIMIENTO', 0, 3, '2019-11-13 09:44:13'),
(4462, '13112019', 'PIJA 1 1/2*1/8 CABEZA DE CRUZ', 'TORNILLERIA MTO', 'N/A', '141', '1', '1', 'N/A', 'ALMACEN', '', 'MANTEMIMIENTO', 0, 3, '2019-11-13 09:44:13'),
(4463, '13112019', 'PEGAMENTO MADERA', 'MANTENIMIENTO', 'N/A', '1', '1', '1', 'N/A', 'ALMACEN', '', 'MANTEMIMIENTO', 0, 3, '2019-11-13 09:44:13'),
(4464, '13112019', 'PALOS PARA RODILLOS', 'Material p/mto', 'N/A', '7', '1', '1', 'N/A', 'ALMACEN', '', 'MANTEMIMIENTO', 0, 3, '2019-11-13 09:44:13'),
(4465, '13112019', 'PALOS MOTA', 'Art. de limpieza', 'N/A', '11', '1', '1', 'N/A', 'ALMACEN', '', 'MANTEMIMIENTO', 0, 3, '2019-11-13 09:44:13'),
(4466, '13112019', 'PALO TRAPEADOR', 'Art. de limpieza', 'N/A', '5', '1', '1', 'N/A', 'ALMACEN', '', 'MANTEMIMIENTO', 0, 3, '2019-11-13 09:44:13'),
(4467, '13112019', 'OMNI FILL P/LITHO', 'PINTURA MAQUINA LITHO', 'N/A', '12', '1', '1', 'N/A', 'ALMACEN', '', 'MANTEMIMIENTO', 0, 3, '2019-11-13 09:44:13'),
(4468, '13112019', 'OMNI FILL', 'MANTENIMIENTO', 'N/A', '3', '1', '1', 'N/A', 'ALMACEN', '', 'MANTEMIMIENTO', 0, 3, '2019-11-13 09:44:13'),
(4469, '13112019', 'NAVAJAS', 'MATERIAL PARA RETRABAJO', 'N/A', '1', '1', '1', 'N/A', 'ALMACEN', '', 'MANTEMIMIENTO', 0, 3, '2019-11-13 09:44:13'),
(4470, '13112019', 'MOTA IND.', 'ARTICULO DE LIMPIEZA', 'N/A', '10', '1', '1', 'N/A', 'ALMACEN', '', 'MANTEMIMIENTO', 0, 3, '2019-11-13 09:44:13'),
(4471, '13112019', 'MASKING TAPE', 'TAPE', 'N/A', '30', '1', '1', 'N/A', 'ALMACEN', '', 'MANTEMIMIENTO', 0, 3, '2019-11-13 09:44:13'),
(4472, '13112019', 'MANGERA 3/4 ', 'PARA DRENAR LA FLEXO 3200', 'N/A', '11', '1', '1', 'N/A', 'ALMACEN', '', 'MANTEMIMIENTO', 0, 3, '2019-11-13 09:44:13'),
(4473, '13112019', 'MANGAS', 'Art. de proteccion personal', 'N/A', '6', '1', '1', 'N/A', 'ALMACEN', '', 'MANTEMIMIENTO', 0, 3, '2019-11-13 09:44:13'),
(4474, '13112019', 'MANCHA SAYER', 'MANTENIMIENTO', 'N/A', '1', '1', '1', 'N/A', 'ALMACEN', '', 'MANTEMIMIENTO', 0, 3, '2019-11-13 09:44:13'),
(4475, '13112019', 'LLAVE DE PASO DE 1 1/2 PULGADAS', 'MATERIAL P/MTO', 'N/A', '1', '1', '1', 'N/A', 'ALMACEN', '', 'MANTEMIMIENTO', 0, 3, '2019-11-13 09:44:13'),
(4476, '13112019', 'LENTES', 'Art. de seguridad personal', 'N/A', '8', '1', '1', 'N/A', 'ALMACEN', '', 'MANTEMIMIENTO', 0, 3, '2019-11-13 09:44:13'),
(4477, '13112019', 'KOLA LOKA 454.4G', 'E-Z BOND', 'N/A', '12', '1', '1', 'N/A', 'ALMACEN', '', 'MANTEMIMIENTO', 0, 3, '2019-11-13 09:44:13'),
(4478, '13112019', 'KOLA LOKA 2G', 'KRAZY INDIVIDUAL', 'N/A', '14', '1', '1', 'N/A', 'ALMACEN', '', 'MANTEMIMIENTO', 0, 3, '2019-11-13 09:44:13'),
(4479, '13112019', 'JABON NEUTRO', 'LIMPIEZA', 'N/A', '8', '1', '1', 'N/A', 'ALMACEN', '', 'MANTEMIMIENTO', 0, 3, '2019-11-13 09:44:13'),
(4480, '13112019', 'HG-250', 'DESENGRASANTE ', 'N/A', '1', '1', '1', 'N/A', 'ALMACEN', '', 'MANTEMIMIENTO', 0, 3, '2019-11-13 09:44:13'),
(4481, '13112019', 'GUANTES PARA SOLDAR', 'MANTENIMIENTO', 'N/A', '4', '1', '1', 'N/A', 'ALMACEN', '', 'MANTEMIMIENTO', 0, 3, '2019-11-13 09:44:13'),
(4482, '13112019', 'GUANTES LATEX', 'Art. de proteccion personal', 'N/A', '20', '1', '1', 'N/A', 'ALMACEN', '', 'MANTEMIMIENTO', 0, 3, '2019-11-13 09:44:13'),
(4483, '13112019', 'GUANTES DE PLASTICO', 'MANTENIMIENTO', 'N/A', '18', '1', '1', 'N/A', 'ALMACEN', '', 'MANTEMIMIENTO', 0, 3, '2019-11-13 09:44:13'),
(4484, '13112019', 'GUANTE ROJO', 'Paquete con 12 pares', 'N/A', '3', '1', '1', 'N/A', 'ALMACEN', '', 'MANTEMIMIENTO', 0, 3, '2019-11-13 09:44:13'),
(4485, '13112019', 'GUANTE AZUL', 'Seguridad personal', 'N/A', '106', '1', '1', 'N/A', 'ALMACEN', '', 'MANTEMIMIENTO', 0, 3, '2019-11-13 09:44:13'),
(4486, '13112019', 'FOCO FLUORESCENTE 8FT P/INTERIOR', 'FOCOS 59W', 'N/A', '17', '1', '1', 'N/A', 'ALMACEN', '', 'MANTEMIMIENTO', 0, 3, '2019-11-13 09:44:13'),
(4487, '13112019', 'FOCO 40W T12', 'FOCO DE 6 PULGADAS', 'N/A', '8', '1', '1', 'N/A', 'ALMACEN', '', 'MANTEMIMIENTO', 0, 3, '2019-11-13 09:44:13'),
(4488, '13112019', 'FINIS GLOSS', 'LIMPIEZA', 'N/A', '2', '1', '1', 'N/A', 'ALMACEN', '', 'MANTEMIMIENTO', 0, 3, '2019-11-13 09:44:13'),
(4489, '13112019', 'FILTRO PARA  TINTA', 'FILTRO', 'N/A', '10', '1', '1', 'N/A', 'ALMACEN', '', 'MANTEMIMIENTO', 0, 3, '2019-11-13 09:44:13'),
(4490, '13112019', 'FIFO SEP', 'ETIQUETA HANA', 'N/A', '7', '1', '1', 'N/A', 'ALMACEN', '', 'MANTEMIMIENTO', 0, 3, '2019-11-13 09:44:13'),
(4491, '13112019', 'FIFO OCT', 'ETIQUETA HANA', 'N/A', '6', '1', '1', 'N/A', 'ALMACEN', '', 'MANTEMIMIENTO', 0, 3, '2019-11-13 09:44:13'),
(4492, '13112019', 'FIFO NOV', 'ETIQUETA HANA', 'N/A', '6', '1', '1', 'N/A', 'ALMACEN', '', 'MANTEMIMIENTO', 0, 3, '2019-11-13 09:44:13'),
(4493, '13112019', 'FIFO MAYO', 'ETIQUETA HANA', 'N/A', '4', '1', '1', 'N/A', 'ALMACEN', '', 'MANTEMIMIENTO', 0, 3, '2019-11-13 09:44:13'),
(4494, '13112019', 'FIFO MAR', 'ETIQUETA HANA', 'N/A', '3', '1', '1', 'N/A', 'ALMACEN', '', 'MANTEMIMIENTO', 0, 3, '2019-11-13 09:44:13'),
(4495, '13112019', 'FIFO JUN', 'ETIQUETA HANA', 'N/A', '5', '1', '1', 'N/A', 'ALMACEN', '', 'MANTEMIMIENTO', 0, 3, '2019-11-13 09:44:13'),
(4496, '13112019', 'FIFO JUL', 'ETIQUETA HANA', 'N/A', '5', '1', '1', 'N/A', 'ALMACEN', '', 'MANTEMIMIENTO', 0, 3, '2019-11-13 09:44:13'),
(4497, '13112019', 'FIFO JAN', 'ETIQUETA HANA', 'N/A', '5', '1', '1', 'N/A', 'ALMACEN', '', 'MANTEMIMIENTO', 0, 3, '2019-11-13 09:44:13'),
(4498, '13112019', 'FIFO FEB', 'ETIQUETA HANA', 'N/A', '3', '1', '1', 'N/A', 'ALMACEN', '', 'MANTEMIMIENTO', 0, 3, '2019-11-13 09:44:13'),
(4499, '13112019', 'FIFO DEC', 'ETIQUETA HANA', 'N/A', '3', '1', '1', 'N/A', 'ALMACEN', '', 'MANTEMIMIENTO', 0, 3, '2019-11-13 09:44:13'),
(4500, '13112019', 'FIFO AUG', 'ETIQUETAS HANA', 'N/A', '5', '1', '1', 'N/A', 'ALMACEN', '', 'MANTEMIMIENTO', 0, 3, '2019-11-13 09:44:13'),
(4501, '13112019', 'FIFO APR', 'ETIQUETA HANA', 'N/A', '6', '1', '1', 'N/A', 'ALMACEN', '', 'MANTEMIMIENTO', 0, 3, '2019-11-13 09:44:13'),
(4502, '13112019', 'FELPA PARA PULIR PISO', 'articulo de limpieza', 'N/A', '8', '1', '1', 'N/A', 'ALMACEN', '', 'MANTEMIMIENTO', 0, 3, '2019-11-13 09:44:13'),
(4503, '13112019', 'FAJAS', 'Seguridad personal', 'N/A', '9', '1', '1', 'N/A', 'ALMACEN', '', 'MANTEMIMIENTO', 0, 3, '2019-11-13 09:44:13'),
(4504, '13112019', 'ETIQUETA PACKING', 'PACKING', 'N/A', '7300', '1', '1', 'N/A', 'ALMACEN', '', 'MANTEMIMIENTO', 0, 3, '2019-11-13 09:44:13'),
(4505, '13112019', 'ETIQUETA P/LITHO NUEVO', 'ETIQUETA P/LITHO NUEVO', 'N/A', '3', '1', '1', 'N/A', 'ALMACEN', '', 'MANTEMIMIENTO', 0, 3, '2019-11-13 09:44:13'),
(4506, '13112019', 'ETIQUETA GOOGLE', 'etiqueta hana', 'N/A', '4', '1', '1', 'N/A', 'ALMACEN', '', 'MANTEMIMIENTO', 0, 3, '2019-11-13 09:44:13'),
(4507, '13112019', 'ETIQUETA 4*3', 'ETIQUETA HANA', 'N/A', '1', '1', '1', 'N/A', 'ALMACEN', '', 'MANTEMIMIENTO', 0, 3, '2019-11-13 09:44:13'),
(4508, '13112019', 'ETIQUETA 3 1/8', 'ETIQUETA HANA', 'N/A', '14', '1', '1', 'N/A', 'ALMACEN', '', 'MANTEMIMIENTO', 0, 3, '2019-11-13 09:44:13'),
(4509, '13112019', 'ESCOBA', 'Art. de limpieza', 'N/A', '4', '1', '1', 'N/A', 'ALMACEN', '', 'MANTEMIMIENTO', 0, 3, '2019-11-13 09:44:13'),
(4510, '13112019', 'DISCO PARA MAQUITA ', 'MATERIAL PARA MTO', 'N/A', '3', '1', '1', 'N/A', 'ALMACEN', '', 'MANTEMIMIENTO', 0, 3, '2019-11-13 09:44:13'),
(4511, '13112019', 'DESENGRASANTE TRESYPLUS', 'MANTENIMIENTO', 'N/A', '1', '1', '1', 'N/A', 'ALMACEN', '', 'MANTEMIMIENTO', 0, 3, '2019-11-13 09:44:13'),
(4512, '13112019', 'Desengrasante emulgras', 'Mantenimiento', 'N/A', '1', '1', '1', 'N/A', 'ALMACEN', '', 'MANTEMIMIENTO', 0, 3, '2019-11-13 09:44:13'),
(4513, '13112019', 'BROCHA 6 PULGADAS', 'Material p/mantenimiento', 'N/A', '10', '1', '1', 'N/A', 'ALMACEN', '', 'MANTEMIMIENTO', 0, 3, '2019-11-13 09:44:13'),
(4514, '13112019', 'BROCHA 5 PULGADAS', 'Material p/mantenimiento', 'N/A', '5', '1', '1', 'N/A', 'ALMACEN', '', 'MANTEMIMIENTO', 0, 3, '2019-11-13 09:44:13'),
(4515, '13112019', 'BROCHA 4 PULGADAS', 'Material p/mantenimiento', 'N/A', '11', '1', '1', 'N/A', 'ALMACEN', '', 'MANTEMIMIENTO', 0, 3, '2019-11-13 09:44:13'),
(4516, '13112019', 'BROCHA 3 PULGADAS', 'Material p/mantenimiento', 'N/A', '9', '1', '1', 'N/A', 'ALMACEN', '', 'MANTEMIMIENTO', 0, 3, '2019-11-13 09:44:13'),
(4517, '13112019', 'BROCHA 2 PULGADAS', 'Material p/mto', 'N/A', '5', '1', '1', 'N/A', 'ALMACEN', '', 'MANTEMIMIENTO', 0, 3, '2019-11-13 09:44:13'),
(4518, '13112019', 'BROCHA 1 PULGADA', 'MATERIAL PARA MTO', 'N/A', '3', '1', '1', 'N/A', 'ALMACEN', '', 'MANTEMIMIENTO', 0, 3, '2019-11-13 09:44:13'),
(4519, '13112019', 'BROCHA  DE 1/2  PULGADA', 'MATERIAL PARA MTO', 'N/A', '2', '1', '1', 'N/A', 'ALMACEN', '', 'MANTEMIMIENTO', 0, 3, '2019-11-13 09:44:13'),
(4520, '13112019', 'BOTE ROJO', 'Art. de limpieza', 'N/A', '10', '1', '1', 'N/A', 'ALMACEN', '', 'MANTEMIMIENTO', 0, 3, '2019-11-13 09:44:13'),
(4521, '13112019', 'BOTE BLANCO', 'Art. de limpieza', 'N/A', '15', '1', '1', 'N/A', 'ALMACEN', '', 'MANTEMIMIENTO', 0, 3, '2019-11-13 09:44:13'),
(4522, '13112019', 'BOTE AZUL', 'Art. de limpieza', 'N/A', '12', '1', '1', 'N/A', 'ALMACEN', '', 'MANTEMIMIENTO', 0, 3, '2019-11-13 09:44:13'),
(4523, '13112019', 'BASE PARA RODILLO PARA PINTAR', 'MATERIAL PARA MTO', 'N/A', '4', '1', '1', 'N/A', 'ALMACEN', '', 'MANTEMIMIENTO', 0, 3, '2019-11-13 09:44:13'),
(4524, '13112019', 'BANDA B-82', 'BANDA PARA FLEXO', 'N/A', '6', '1', '1', 'N/A', 'ALMACEN', '', 'MANTEMIMIENTO', 0, 3, '2019-11-13 09:44:13'),
(4525, '13112019', 'ALCOHOL (TIBOR)', 'TIBOR', 'N/A', '2', '1', '1', 'N/A', 'ALMACEN', '', 'MANTEMIMIENTO', 0, 3, '2019-11-13 09:44:13'),
(4526, '13112019', 'ALCOHOL', 'BOTELLA DE 1 LT', 'N/A', '5', '1', '1', 'N/A', 'ALMACEN', '', 'MANTEMIMIENTO', 0, 3, '2019-11-13 09:44:13'),
(4527, '13112019', 'AGF79482702', 'etiqueta hana', 'N/A', '40000', '1', '1', 'N/A', 'ALMACEN', '', 'MANTEMIMIENTO', 0, 3, '2019-11-13 09:44:13'),
(4528, '13112019', 'AGF79482701', 'etiqueta hana', 'N/A', '40000', '1', '1', 'N/A', 'ALMACEN', '', 'MANTEMIMIENTO', 0, 3, '2019-11-13 09:44:13'),
(4529, '13112019', 'ACERRIN', 'ARTICULO DE LIMPIEZA', 'N/A', '4', '1', '1', 'N/A', 'ALMACEN', '', 'MANTEMIMIENTO', 0, 3, '2019-11-13 09:44:13'),
(4530, '13112019', 'ACEITE TURBINA', 'MANTENIMIENTO', 'N/A', '4', '1', '1', 'N/A', 'ALMACEN', '', 'MANTEMIMIENTO', 0, 3, '2019-11-13 09:44:13'),
(4531, '13112019', 'ABRAZADERA GALVANIZADA D.MEDIDAS', 'MATERIAL PARA MTO', 'N/A', '33', '1', '1', 'N/A', 'ALMACEN', '', 'MANTEMIMIENTO', 0, 3, '2019-11-13 09:44:13'),
(4532, '13112019', '9CF 504J-2 BARNIZ PROTECTOR VARIOS', 'BARNIZ PROTECTOR SANCHEZ', 'N/A', '48', '1', '1', 'N/A', 'ALMACEN', '', 'MANTEMIMIENTO', 0, 3, '2019-11-13 09:44:13'),
(4533, '13112019', 'MFL71447802-00', 'MFL71447802', '00', '4010', '1', '1', 'N/A', 'ALMACEN', '', 'MANUAL SIN BOLSA', 0, 3, '2019-11-13 09:44:13'),
(4534, '13112019', 'MFL71441702-02', 'MFL71441702', '02', '23507', '1', '1', 'N/A', 'ALMACEN', '', 'MANUAL SIN BOLSA', 0, 3, '2019-11-13 09:44:13'),
(4535, '13112019', 'MFL71441702-01', 'MFL71441702', '01', '16700', '1', '1', 'N/A', 'ALMACEN', '', 'MANUAL SIN BOLSA', 0, 3, '2019-11-13 09:44:13'),
(4536, '13112019', 'MFL71440404-1.0', 'MFL71440404', '01', '22320', '1', '1', 'N/A', 'ALMACEN', '', 'MANUAL SIN BOLSA', 0, 3, '2019-11-13 09:44:13'),
(4537, '13112019', 'MFL71440403-02', 'MFL71440403', '02', '1097', '1', '1', 'N/A', 'ALMACEN', '', 'MANUAL SIN BOLSA', 0, 3, '2019-11-13 09:44:13'),
(4538, '13112019', 'MFL71440403-01', 'MFL71440403', '01', '42', '1', '1', 'N/A', 'ALMACEN', '', 'MANUAL SIN BOLSA', 0, 3, '2019-11-13 09:44:13'),
(4539, '13112019', 'MFL71440402-03', 'MFL71440402', '03', '5605', '1', '1', 'N/A', 'ALMACEN', '', 'MANUAL SIN BOLSA', 0, 3, '2019-11-13 09:44:13'),
(4540, '13112019', 'MFL71440402-02', 'MFL71440402', '02', '885', '1', '1', 'N/A', 'ALMACEN', '', 'MANUAL SIN BOLSA', 0, 3, '2019-11-13 09:44:13'),
(4541, '13112019', 'MFL71423102-01', 'MFL71423102', '01', '3219', '1', '1', 'N/A', 'ALMACEN', '', 'MANUAL SIN BOLSA', 0, 3, '2019-11-13 09:44:13'),
(4542, '13112019', 'MFL71409802-00', 'MFL71409802', '00', '4360', '1', '1', 'N/A', 'ALMACEN', '', 'MANUAL SIN BOLSA', 0, 3, '2019-11-13 09:44:13'),
(4543, '13112019', 'MFL71403402-00', 'MFL71403402', '00', '17505', '1', '1', 'N/A', 'ALMACEN', '', 'MANUAL SIN BOLSA', 0, 3, '2019-11-13 09:44:13'),
(4544, '13112019', 'MFL71402072-00', 'MFL71402072', '00', '6467', '1', '1', 'N/A', 'ALMACEN', '', 'MANUAL SIN BOLSA', 0, 3, '2019-11-13 09:44:13'),
(4545, '13112019', 'MFL71402016-01', 'MFL71402016', '01', '1446', '1', '1', 'N/A', 'ALMACEN', '', 'MANUAL SIN BOLSA', 0, 3, '2019-11-13 09:44:13'),
(4546, '13112019', 'MFL71402014-01', 'MFL71402014', '01', '1608', '1', '1', 'N/A', 'ALMACEN', '', 'MANUAL SIN BOLSA', 0, 3, '2019-11-13 09:44:13'),
(4547, '13112019', 'MFL71402013-02', 'MFL71402013', '02', '1580', '1', '1', 'N/A', 'ALMACEN', '', 'MANUAL SIN BOLSA', 0, 3, '2019-11-13 09:44:13'),
(4548, '13112019', 'MFL71402007-00', 'MFL71402007', '00', '2121', '1', '1', 'N/A', 'ALMACEN', '', 'MANUAL SIN BOLSA', 0, 3, '2019-11-13 09:44:13'),
(4549, '13112019', 'MFL71402004-01', 'MFL71402004', '01', '1680', '1', '1', 'N/A', 'ALMACEN', '', 'MANUAL SIN BOLSA', 0, 3, '2019-11-13 09:44:13'),
(4550, '13112019', 'MFL71402003-1.0', 'MFL71402003', '01', '2023', '1', '1', 'N/A', 'ALMACEN', '', 'MANUAL SIN BOLSA', 0, 3, '2019-11-13 09:44:13'),
(4551, '13112019', 'MFL71400602-03', 'MFL71400602', '03', '23510', '1', '1', 'N/A', 'ALMACEN', '', 'MANUAL SIN BOLSA', 0, 3, '2019-11-13 09:44:13'),
(4552, '13112019', 'MFL71400602-02', 'MFL71400602', '02', '12450', '1', '1', 'N/A', 'ALMACEN', '', 'MANUAL SIN BOLSA', 0, 3, '2019-11-13 09:44:13'),
(4553, '13112019', 'MFL71382586-00', 'MFL71382586', '00', '395', '1', '1', 'N/A', 'ALMACEN', '', 'MANUAL SIN BOLSA', 0, 3, '2019-11-13 09:44:13'),
(4554, '13112019', 'MFL71382585-00', 'MFL71382585', '00', '4430', '1', '1', 'N/A', 'ALMACEN', '', 'MANUAL SIN BOLSA', 0, 3, '2019-11-13 09:44:13'),
(4555, '13112019', 'MFL71382569-00', 'MFL71382569', '00', '5437', '1', '1', 'N/A', 'ALMACEN', '', 'MANUAL SIN BOLSA', 0, 3, '2019-11-13 09:44:13'),
(4556, '13112019', 'MFL71382557-00', 'MFL71382557', '00', '2507', '1', '1', 'N/A', 'ALMACEN', '', 'MANUAL SIN BOLSA', 0, 3, '2019-11-13 09:44:13'),
(4557, '13112019', 'MFL71382556-00', 'MFL71382556', '00', '3242', '1', '1', 'N/A', 'ALMACEN', '', 'MANUAL SIN BOLSA', 0, 3, '2019-11-13 09:44:13'),
(4558, '13112019', 'MFL71382516-00', 'MFL71382516', '00', '750', '1', '1', 'N/A', 'ALMACEN', '', 'MANUAL SIN BOLSA', 0, 3, '2019-11-13 09:44:13'),
(4559, '13112019', 'MFL71382512-01', 'MFL71382512', '01', '8827', '1', '1', 'N/A', 'ALMACEN', '', 'MANUAL SIN BOLSA', 0, 3, '2019-11-13 09:44:13'),
(4560, '13112019', 'MFL71382508-01', 'MFL71382508', '01', '4662', '1', '1', 'N/A', 'ALMACEN', '', 'MANUAL SIN BOLSA', 0, 3, '2019-11-13 09:44:13'),
(4561, '13112019', 'MFL71382507-01', 'MFL71382507', '01', '5704', '1', '1', 'N/A', 'ALMACEN', '', 'MANUAL SIN BOLSA', 0, 3, '2019-11-13 09:44:13'),
(4562, '13112019', 'MFL71382506-00', 'MFL71382506', '00', '4377', '1', '1', 'N/A', 'ALMACEN', '', 'MANUAL SIN BOLSA', 0, 3, '2019-11-13 09:44:13'),
(4563, '13112019', 'MFL71382505-00', 'MFL71382505', '00', '2836', '1', '1', 'N/A', 'ALMACEN', '', 'MANUAL SIN BOLSA', 0, 3, '2019-11-13 09:44:13'),
(4564, '13112019', 'MFL71181902-02', 'MFL71181902', '02', '18535', '1', '1', 'N/A', 'ALMACEN', '', 'MANUAL SIN BOLSA', 0, 3, '2019-11-13 09:44:13'),
(4565, '13112019', 'MFL71180702-02', 'MFL71180702', '02', '1280', '1', '1', 'N/A', 'ALMACEN', '', 'MANUAL SIN BOLSA', 0, 3, '2019-11-13 09:44:13'),
(4566, '13112019', 'MFL71179932-00', 'MFL71179932', '00', '335', '1', '1', 'N/A', 'ALMACEN', '', 'MANUAL SIN BOLSA', 0, 3, '2019-11-13 09:44:13'),
(4567, '13112019', 'MFL71179922-01', 'MFL71179922', '01', '25885', '1', '1', 'N/A', 'ALMACEN', '', 'MANUAL SIN BOLSA', 0, 3, '2019-11-13 09:44:13'),
(4568, '13112019', 'MFL71179912-0.0', 'MFL71179912', '00', '18233', '1', '1', 'N/A', 'ALMACEN', '', 'MANUAL SIN BOLSA', 0, 3, '2019-11-13 09:44:13'),
(4569, '13112019', 'MFL71179902-00', 'MFL71179902', '00', '42160', '1', '1', 'N/A', 'ALMACEN', '', 'MANUAL SIN BOLSA', 0, 3, '2019-11-13 09:44:13'),
(4570, '13112019', 'MFL71162202-01', 'MFL71162202', '01', '59835', '1', '1', 'N/A', 'ALMACEN', '', 'MANUAL SIN BOLSA', 0, 3, '2019-11-13 09:44:13'),
(4571, '13112019', 'MFL71162202-00', 'MFL71162202', '00', '11', '1', '1', 'N/A', 'ALMACEN', '', 'MANUAL SIN BOLSA', 0, 3, '2019-11-13 09:44:13'),
(4572, '13112019', 'MFL71161902-00', 'MFL71161902', '00', '14757', '1', '1', 'N/A', 'ALMACEN', '', 'MANUAL SIN BOLSA', 0, 3, '2019-11-13 09:44:13'),
(4573, '13112019', 'MFL71101905-00', 'MFL71101905', '00', '18240', '1', '1', 'N/A', 'ALMACEN', '', 'MANUAL SIN BOLSA', 0, 3, '2019-11-13 09:44:13'),
(4574, '13112019', 'MFL71101904-02', 'MFL71101904', '02', '1561', '1', '1', 'N/A', 'ALMACEN', '', 'MANUAL SIN BOLSA', 0, 3, '2019-11-13 09:44:13'),
(4575, '13112019', 'MFL71101902-A-03', 'MFL71101902-A', '03', '2142', '1', '1', 'N/A', 'ALMACEN', '', 'MANUAL SIN BOLSA', 0, 3, '2019-11-13 09:44:13'),
(4576, '13112019', 'MFL71101902-03', 'MFL71101902', '03', '1948', '1', '1', 'N/A', 'ALMACEN', '', 'MANUAL SIN BOLSA', 0, 3, '2019-11-13 09:44:13'),
(4577, '13112019', 'MFL71100904-03', 'MFL71100904', '03', '15498', '1', '1', 'N/A', 'ALMACEN', '', 'MANUAL SIN BOLSA', 0, 3, '2019-11-13 09:44:13'),
(4578, '13112019', 'MFL71100902-04', 'MFL71100902', '04', '39206', '1', '1', 'N/A', 'ALMACEN', '', 'MANUAL SIN BOLSA', 0, 3, '2019-11-13 09:44:13'),
(4579, '13112019', 'MFL71059822-01', 'MFL71059822', '01', '22897', '1', '1', 'N/A', 'ALMACEN', '', 'MANUAL SIN BOLSA', 0, 3, '2019-11-13 09:44:13'),
(4580, '13112019', 'MFL71059812-01', 'MFL71059812', '01', '45940', '1', '1', 'N/A', 'ALMACEN', '', 'MANUAL SIN BOLSA', 0, 3, '2019-11-13 09:44:13'),
(4581, '13112019', 'MFL71059802-01', 'MFL71059802', '01', '40864', '1', '1', 'N/A', 'ALMACEN', '', 'MANUAL SIN BOLSA', 0, 3, '2019-11-13 09:44:13'),
(4582, '13112019', 'MFL70922002-05', 'MFL70922002', '05', '5175', '1', '1', 'N/A', 'ALMACEN', '', 'MANUAL SIN BOLSA', 0, 3, '2019-11-13 09:44:13'),
(4583, '13112019', 'MFL70922002-04', 'MFL70922002', '04', '12053', '1', '1', 'N/A', 'ALMACEN', '', 'MANUAL SIN BOLSA', 0, 3, '2019-11-13 09:44:13'),
(4584, '13112019', 'MFL70901902-00', 'MFL70901902', '00', '12790', '1', '1', 'N/A', 'ALMACEN', '', 'MANUAL SIN BOLSA', 0, 3, '2019-11-13 09:44:13'),
(4585, '13112019', 'MFL70542907-01', 'MFL70542907', '01', '4631', '1', '1', 'N/A', 'ALMACEN', '', 'MANUAL SIN BOLSA', 0, 3, '2019-11-13 09:44:13'),
(4586, '13112019', 'MFL70542905-00', 'MFL70542905', '00', '3307', '1', '1', 'N/A', 'ALMACEN', '', 'MANUAL SIN BOLSA', 0, 3, '2019-11-13 09:44:13'),
(4587, '13112019', 'MFL70542904-00', 'MFL70542904', '00', '2837', '1', '1', 'N/A', 'ALMACEN', '', 'MANUAL SIN BOLSA', 0, 3, '2019-11-13 09:44:13'),
(4588, '13112019', 'MFL70542903-00', 'MFL70542903', '00', '1905', '1', '1', 'N/A', 'ALMACEN', '', 'MANUAL SIN BOLSA', 0, 3, '2019-11-13 09:44:13'),
(4589, '13112019', 'MFL70542902-00', 'MFL70542902', '00', '6158', '1', '1', 'N/A', 'ALMACEN', '', 'MANUAL SIN BOLSA', 0, 3, '2019-11-13 09:44:13'),
(4590, '13112019', 'MFL70542901-00', 'MFL70542901', '00', '2490', '1', '1', 'N/A', 'ALMACEN', '', 'MANUAL SIN BOLSA', 0, 3, '2019-11-13 09:44:13'),
(4591, '13112019', 'MFL70524101-00', 'MFL70524101', '00', '2150', '1', '1', 'N/A', 'ALMACEN', '', 'MANUAL SIN BOLSA', 0, 3, '2019-11-13 09:44:13'),
(4592, '13112019', 'MFL70523202-02', 'MFL70523202', '02', '6300', '1', '1', 'N/A', 'ALMACEN', '', 'MANUAL SIN BOLSA', 0, 3, '2019-11-13 09:44:13'),
(4593, '13112019', 'MFL70522304-03', 'MFL70522304', '03', '14579', '1', '1', 'N/A', 'ALMACEN', '', 'MANUAL SIN BOLSA', 0, 3, '2019-11-13 09:44:13'),
(4594, '13112019', 'MFL70522202-02', 'MFL70522202', '02', '2531', '1', '1', 'N/A', 'ALMACEN', '', 'MANUAL SIN BOLSA', 0, 3, '2019-11-13 09:44:13'),
(4595, '13112019', 'MFL70521977-01', 'MFL70521977', '01', '322', '1', '1', 'N/A', 'ALMACEN', '', 'MANUAL SIN BOLSA', 0, 3, '2019-11-13 09:44:13'),
(4596, '13112019', 'MFL70521972-00', 'MFL70521972', '00', '1849', '1', '1', 'N/A', 'ALMACEN', '', 'MANUAL SIN BOLSA', 0, 3, '2019-11-13 09:44:13'),
(4597, '13112019', 'MFL70521952-01', 'MFL70521952', '01', '1220', '1', '1', 'N/A', 'ALMACEN', '', 'MANUAL SIN BOLSA', 0, 3, '2019-11-13 09:44:13'),
(4598, '13112019', 'MFL70521912-02', 'MFL70521912', '02', '305', '1', '1', 'N/A', 'ALMACEN', '', 'MANUAL SIN BOLSA', 0, 3, '2019-11-13 09:44:13'),
(4599, '13112019', 'MFL70521904-00', 'MFL70521904', '00', '676', '1', '1', 'N/A', 'ALMACEN', '', 'MANUAL SIN BOLSA', 0, 3, '2019-11-13 09:44:13'),
(4600, '13112019', 'MFL70521902-01', 'MFL70521902', '01', '592', '1', '1', 'N/A', 'ALMACEN', '', 'MANUAL SIN BOLSA', 0, 3, '2019-11-13 09:44:13'),
(4601, '13112019', 'MFL70447809-00', 'MFL70447809', '00', '977', '1', '1', 'N/A', 'ALMACEN', '', 'MANUAL SIN BOLSA', 0, 3, '2019-11-13 09:44:13'),
(4602, '13112019', 'MFL70447806-01', 'MFL70447806', '01', '1463', '1', '1', 'N/A', 'ALMACEN', '', 'MANUAL SIN BOLSA', 0, 3, '2019-11-13 09:44:13'),
(4603, '13112019', 'MFL70447805-01', 'MFL70447805', '01', '3450', '1', '1', 'N/A', 'ALMACEN', '', 'MANUAL SIN BOLSA', 0, 3, '2019-11-13 09:44:13'),
(4604, '13112019', 'MFL70447804-00', 'MFL70447804', '00', '1599', '1', '1', 'N/A', 'ALMACEN', '', 'MANUAL SIN BOLSA', 0, 3, '2019-11-13 09:44:13'),
(4605, '13112019', 'MFL70447803-00', 'MFL70447803', '00', '4979', '1', '1', 'N/A', 'ALMACEN', '', 'MANUAL SIN BOLSA', 0, 3, '2019-11-13 09:44:13'),
(4606, '13112019', 'MFL70447802-01', 'MFL70447802', '01', '4339', '1', '1', 'N/A', 'ALMACEN', '', 'MANUAL SIN BOLSA', 0, 3, '2019-11-13 09:44:13'),
(4607, '13112019', 'MFL70444002-00', 'MFL70444002', '00', '918', '1', '1', 'N/A', 'ALMACEN', '', 'MANUAL SIN BOLSA', 0, 3, '2019-11-13 09:44:13'),
(4608, '13112019', 'MFL70443302-01', 'MFL70443302', '01', '1147', '1', '1', 'N/A', 'ALMACEN', '', 'MANUAL SIN BOLSA', 0, 3, '2019-11-13 09:44:13'),
(4609, '13112019', 'MFL70443202-02', 'MFL70443202', '02', '105', '1', '1', 'N/A', 'ALMACEN', '', 'MANUAL SIN BOLSA', 0, 3, '2019-11-13 09:44:13'),
(4610, '13112019', 'MFL70424302-01', 'MFL70424302', '01', '30400', '1', '1', 'N/A', 'ALMACEN', '', 'MANUAL SIN BOLSA', 0, 3, '2019-11-13 09:44:13'),
(4611, '13112019', 'MFL70423952-02', 'MFL70423952', '02', '1500', '1', '1', 'N/A', 'ALMACEN', '', 'MANUAL SIN BOLSA', 0, 3, '2019-11-13 09:44:13'),
(4612, '13112019', 'MFL70423914-01', 'MFL70423914', '01', '1072', '1', '1', 'N/A', 'ALMACEN', '', 'MANUAL SIN BOLSA', 0, 3, '2019-11-13 09:44:13'),
(4613, '13112019', 'MFL70423402-00', 'MFL70423402', '00', '2165', '1', '1', 'N/A', 'ALMACEN', '', 'MANUAL SIN BOLSA', 0, 3, '2019-11-13 09:44:13'),
(4614, '13112019', 'MFL70406102-01', 'MFL70406102', '01', '1475', '1', '1', 'N/A', 'ALMACEN', '', 'MANUAL SIN BOLSA', 0, 3, '2019-11-13 09:44:13'),
(4615, '13112019', 'MFL70400702-01', 'MFL70400702', '01', '2300', '1', '1', 'N/A', 'ALMACEN', '', 'MANUAL SIN BOLSA', 0, 3, '2019-11-13 09:44:13'),
(4616, '13112019', 'MFL70381105-02', 'MFL70381105', '02', '9490', '1', '1', 'N/A', 'ALMACEN', '', 'MANUAL SIN BOLSA', 0, 3, '2019-11-13 09:44:13'),
(4617, '13112019', 'MFL70381103-00', 'MFL70381103', '00', '473', '1', '1', 'N/A', 'ALMACEN', '', 'MANUAL SIN BOLSA', 0, 3, '2019-11-13 09:44:13'),
(4618, '13112019', 'MFL70379902-01', 'MFL70379902', '01', '1960', '1', '1', 'N/A', 'ALMACEN', '', 'MANUAL SIN BOLSA', 0, 3, '2019-11-13 09:44:13'),
(4619, '13112019', 'MFL70363402-02', 'MFL70363402', '02', '2627', '1', '1', 'N/A', 'ALMACEN', '', 'MANUAL SIN BOLSA', 0, 3, '2019-11-13 09:44:13'),
(4620, '13112019', 'MFL70361102-04', 'MFL70361102', '04', '3262', '1', '1', 'N/A', 'ALMACEN', '', 'MANUAL SIN BOLSA', 0, 3, '2019-11-13 09:44:13'),
(4621, '13112019', 'MFL70343202-01', 'MFL70343202', '01', '330', '1', '1', 'N/A', 'ALMACEN', '', 'MANUAL SIN BOLSA', 0, 3, '2019-11-13 09:44:13'),
(4622, '13112019', 'MFL70340104-08', 'MFL70340104', '08', '1736', '1', '1', 'N/A', 'ALMACEN', '', 'MANUAL SIN BOLSA', 0, 3, '2019-11-13 09:44:13'),
(4623, '13112019', 'MFL70340103-04', 'MFL70340103', '04', '3107', '1', '1', 'N/A', 'ALMACEN', '', 'MANUAL SIN BOLSA', 0, 3, '2019-11-13 09:44:13'),
(4624, '13112019', 'MFL70268201-01', 'MFL70268201', '01', '1604', '1', '1', 'N/A', 'ALMACEN', '', 'MANUAL SIN BOLSA', 0, 3, '2019-11-13 09:44:13'),
(4625, '13112019', 'MFL70265602-04', 'MFL70265602', '04', '224', '1', '1', 'N/A', 'ALMACEN', '', 'MANUAL SIN BOLSA', 0, 3, '2019-11-13 09:44:13'),
(4626, '13112019', 'MFL69885597-02', 'MFL69885597', '02', '54', '1', '1', 'N/A', 'ALMACEN', '', 'MANUAL SIN BOLSA', 0, 3, '2019-11-13 09:44:13'),
(4627, '13112019', 'MFL69885582-05', 'MFL69885582', '05', '690', '1', '1', 'N/A', 'ALMACEN', '', 'MANUAL SIN BOLSA', 0, 3, '2019-11-13 09:44:13'),
(4628, '13112019', 'MFL69885572-03', 'MFL69885572', '03', '385', '1', '1', 'N/A', 'ALMACEN', '', 'MANUAL SIN BOLSA', 0, 3, '2019-11-13 09:44:13'),
(4629, '13112019', 'MFL69885557-02', 'MFL69885557', '02', '880', '1', '1', 'N/A', 'ALMACEN', '', 'MANUAL SIN BOLSA', 0, 3, '2019-11-13 09:44:13'),
(4630, '13112019', 'MFL69885542-03', 'MFL69885542', '03', '969', '1', '1', 'N/A', 'ALMACEN', '', 'MANUAL SIN BOLSA', 0, 3, '2019-11-13 09:44:13'),
(4631, '13112019', 'MFL69885523-02', 'MFL69885523', '02', '867', '1', '1', 'N/A', 'ALMACEN', '', 'MANUAL SIN BOLSA', 0, 3, '2019-11-13 09:44:13'),
(4632, '13112019', 'MFL69885522-04', 'MFL69885522', '04', '1480', '1', '1', 'N/A', 'ALMACEN', '', 'MANUAL SIN BOLSA', 0, 3, '2019-11-13 09:44:13'),
(4633, '13112019', 'MFL69885518-04', 'MFL69885518', '04', '1304', '1', '1', 'N/A', 'ALMACEN', '', 'MANUAL SIN BOLSA', 0, 3, '2019-11-13 09:44:13'),
(4634, '13112019', 'MFL69885517-05', 'MFL69885517', '05', '4350', '1', '1', 'N/A', 'ALMACEN', '', 'MANUAL SIN BOLSA', 0, 3, '2019-11-13 09:44:13'),
(4635, '13112019', 'MFL69885514-03', 'MFL69885514', '03', '1034', '1', '1', 'N/A', 'ALMACEN', '', 'MANUAL SIN BOLSA', 0, 3, '2019-11-13 09:44:13'),
(4636, '13112019', 'MFL69885513-03', 'MFL69885513', '03', '177', '1', '1', 'N/A', 'ALMACEN', '', 'MANUAL SIN BOLSA', 0, 3, '2019-11-13 09:44:13'),
(4637, '13112019', 'MFL69885512-04', 'MFL69885512', '04', '2836', '1', '1', 'N/A', 'ALMACEN', '', 'MANUAL SIN BOLSA', 0, 3, '2019-11-13 09:44:13'),
(4638, '13112019', 'MFL69843883-01', 'MFL69843883', '01', '2665', '1', '1', 'N/A', 'ALMACEN', '', 'MANUAL SIN BOLSA', 0, 3, '2019-11-13 09:44:13'),
(4639, '13112019', 'MFL69843857-00', 'MFL69843857', '00', '1980', '1', '1', 'N/A', 'ALMACEN', '', 'MANUAL SIN BOLSA', 0, 3, '2019-11-13 09:44:13'),
(4640, '13112019', 'MFL69843842-00', 'MFL69843842', '00', '3360', '1', '1', 'N/A', 'ALMACEN', '', 'MANUAL SIN BOLSA', 0, 3, '2019-11-13 09:44:13'),
(4641, '13112019', 'MFL69843840-01', 'MFL69843840', '01', '1200', '1', '1', 'N/A', 'ALMACEN', '', 'MANUAL SIN BOLSA', 0, 3, '2019-11-13 09:44:13'),
(4642, '13112019', 'MFL69843832-00', 'MFL69843832', '00', '254', '1', '1', 'N/A', 'ALMACEN', '', 'MANUAL SIN BOLSA', 0, 3, '2019-11-13 09:44:13'),
(4643, '13112019', 'MFL69843818-03', 'MFL69843818', '03', '3904', '1', '1', 'N/A', 'ALMACEN', '', 'MANUAL SIN BOLSA', 0, 3, '2019-11-13 09:44:13'),
(4644, '13112019', 'MFL69740202-01', 'MFL69740202', '01', '3581', '1', '1', 'N/A', 'ALMACEN', '', 'MANUAL SIN BOLSA', 0, 3, '2019-11-13 09:44:13'),
(4645, '13112019', 'MFL69740201-01', 'MFL69740201', '01', '29773', '1', '1', 'N/A', 'ALMACEN', '', 'MANUAL SIN BOLSA', 0, 3, '2019-11-13 09:44:13'),
(4646, '13112019', 'MFL69677801-03', 'MFL69677801', '03', '833', '1', '1', 'N/A', 'ALMACEN', '', 'MANUAL SIN BOLSA', 0, 3, '2019-11-13 09:44:13'),
(4647, '13112019', 'MFL69672108-00', 'MFL69672108', '00', '1860', '1', '1', 'N/A', 'ALMACEN', '', 'MANUAL SIN BOLSA', 0, 3, '2019-11-13 09:44:13'),
(4648, '13112019', 'MFL69672107-02', 'MFL69672107', '02', '2120', '1', '1', 'N/A', 'ALMACEN', '', 'MANUAL SIN BOLSA', 0, 3, '2019-11-13 09:44:13'),
(4649, '13112019', 'MFL69672106-01', 'MFL69672106', '01', '1250', '1', '1', 'N/A', 'ALMACEN', '', 'MANUAL SIN BOLSA', 0, 3, '2019-11-13 09:44:13'),
(4650, '13112019', 'MFL69654101-04', 'MFL69654101', '04', '710', '1', '1', 'N/A', 'ALMACEN', '', 'MANUAL SIN BOLSA', 0, 3, '2019-11-13 09:44:13'),
(4651, '13112019', 'MFL69652805-04', 'MFL69652805', '04', '2470', '1', '1', 'N/A', 'ALMACEN', '', 'MANUAL SIN BOLSA', 0, 3, '2019-11-13 09:44:13'),
(4652, '13112019', 'MFL69414801-01', 'MFL69414801', '01', '1460', '1', '1', 'N/A', 'ALMACEN', '', 'MANUAL SIN BOLSA', 0, 3, '2019-11-13 09:44:13'),
(4653, '13112019', 'MFL69387007-00', 'MFL69387007', '00', '2880', '1', '1', 'N/A', 'ALMACEN', '', 'MANUAL SIN BOLSA', 0, 3, '2019-11-13 09:44:13'),
(4654, '13112019', 'MFL69387005-01', 'MFL69387005', '01', '336', '1', '1', 'N/A', 'ALMACEN', '', 'MANUAL SIN BOLSA', 0, 3, '2019-11-13 09:44:13'),
(4655, '13112019', 'MFL69376205-01', 'MFL69376205', '01', '829', '1', '1', 'N/A', 'ALMACEN', '', 'MANUAL SIN BOLSA', 0, 3, '2019-11-13 09:44:13'),
(4656, '13112019', 'MFL69376204-01', 'MFL69376204', '01', '431', '1', '1', 'N/A', 'ALMACEN', '', 'MANUAL SIN BOLSA', 0, 3, '2019-11-13 09:44:13'),
(4657, '13112019', 'MFL69376202-07', 'MFL69376202', '07', '3278', '1', '1', 'N/A', 'ALMACEN', '', 'MANUAL SIN BOLSA', 0, 3, '2019-11-13 09:44:13'),
(4658, '13112019', 'MFL67901023-11', 'MFL67901023', '11', '1732', '1', '1', 'N/A', 'ALMACEN', '', 'MANUAL SIN BOLSA', 0, 3, '2019-11-13 09:44:13'),
(4659, '13112019', 'RASTAFRI RAPUNSEL', 'N/A', 'N/A', '114800', '1', '1', 'N/A', 'ALMACEN', '', 'BOLSA', 0, 3, '2019-11-13 09:44:13'),
(4660, '13112019', 'MAF63249303', 'N/A', 'N/A', '47100', '1', '1', 'N/A', 'ALMACEN', '', 'BOLSA', 0, 3, '2019-11-13 09:44:13'),
(4661, '13112019', 'MAF63249301', 'N/A', 'N/A', '438700', '1', '1', 'N/A', 'ALMACEN', '', 'BOLSA', 0, 3, '2019-11-13 09:44:13'),
(4662, '13112019', 'MAF63128304', 'N/A', 'N/A', '135000', '1', '1', 'N/A', 'ALMACEN', '', 'BOLSA', 0, 3, '2019-11-13 09:44:13'),
(4663, '13112019', 'MAF63128302', 'N/A', 'N/A', '249', '1', '1', 'N/A', 'ALMACEN', '', 'BOLSA', 0, 3, '2019-11-13 09:44:13'),
(4664, '13112019', 'KANEKALON ', 'N/A', 'N/A', '45000', '1', '1', 'N/A', 'ALMACEN', '', 'BOLSA', 0, 3, '2019-11-13 09:44:13'),
(4665, '13112019', 'BAG RASTAFRI', 'N/A', 'N/A', '288421', '1', '1', 'N/A', 'ALMACEN', '', 'BOLSA', 0, 3, '2019-11-13 09:44:13'),
(6587, '123464', 'KANEKALON ', 'N/A', 'N/A', '45000', '1', 'N/A', 'N/A', 'ALMACEN', '', 'BOLSA', 0, 3, '2019-11-21 09:41:43'),
(6588, '123464', 'BAG RASTAFRI', 'N/A', 'N/A', '288421', '1', 'N/A', 'N/A', 'ALMACEN', '', 'BOLSA', 0, 3, '2019-11-21 09:41:43'),
(6586, '123464', 'MAF63128302', 'N/A', 'N/A', '249', '1', 'N/A', 'N/A', 'ALMACEN', '', 'BOLSA', 0, 3, '2019-11-21 09:41:43'),
(6584, '123464', 'MAF63249301', 'N/A', 'N/A', '438700', '1', 'N/A', 'N/A', 'ALMACEN', '', 'BOLSA', 0, 3, '2019-11-21 09:41:43'),
(6585, '123464', 'MAF63128304', 'N/A', 'N/A', '135000', '1', 'N/A', 'N/A', 'ALMACEN', '', 'BOLSA', 0, 3, '2019-11-21 09:41:43'),
(6583, '123464', 'MAF63249303', 'N/A', 'N/A', '47100', '1', 'N/A', 'N/A', 'ALMACEN', '', 'BOLSA', 0, 3, '2019-11-21 09:41:43'),
(6582, '123464', 'RASTAFRI RAPUNSEL', 'N/A', 'N/A', '114800', '1', 'N/A', 'N/A', 'ALMACEN', '', 'BOLSA', 0, 3, '2019-11-21 09:41:43'),
(6580, '123464', 'MFL69376202-07', 'MFL69376202', '07', '3278', '1', 'N/A', 'N/A', 'ALMACEN', '', 'MANUAL SIN BOLSA', 0, 3, '2019-11-21 09:41:43'),
(6581, '123464', 'MFL67901023-11', 'MFL67901023', '11', '1732', '1', 'N/A', 'N/A', 'ALMACEN', '', 'MANUAL SIN BOLSA', 0, 3, '2019-11-21 09:41:43'),
(6579, '123464', 'MFL69376204-01', 'MFL69376204', '01', '431', '1', 'N/A', 'N/A', 'ALMACEN', '', 'MANUAL SIN BOLSA', 0, 3, '2019-11-21 09:41:43'),
(6577, '123464', 'MFL69387005-01', 'MFL69387005', '01', '336', '1', 'N/A', 'N/A', 'ALMACEN', '', 'MANUAL SIN BOLSA', 0, 3, '2019-11-21 09:41:43'),
(6578, '123464', 'MFL69376205-01', 'MFL69376205', '01', '829', '1', 'N/A', 'N/A', 'ALMACEN', '', 'MANUAL SIN BOLSA', 0, 3, '2019-11-21 09:41:43'),
(6576, '123464', 'MFL69387007-00', 'MFL69387007', '00', '2880', '1', 'N/A', 'N/A', 'ALMACEN', '', 'MANUAL SIN BOLSA', 0, 3, '2019-11-21 09:41:43'),
(6575, '123464', 'MFL69414801-01', 'MFL69414801', '01', '1460', '1', 'N/A', 'N/A', 'ALMACEN', '', 'MANUAL SIN BOLSA', 0, 3, '2019-11-21 09:41:43'),
(6574, '123464', 'MFL69652805-04', 'MFL69652805', '04', '2470', '1', 'N/A', 'N/A', 'ALMACEN', '', 'MANUAL SIN BOLSA', 0, 3, '2019-11-21 09:41:43'),
(6572, '123464', 'MFL69672106-01', 'MFL69672106', '01', '1250', '1', 'N/A', 'N/A', 'ALMACEN', '', 'MANUAL SIN BOLSA', 0, 3, '2019-11-21 09:41:43'),
(6573, '123464', 'MFL69654101-04', 'MFL69654101', '04', '710', '1', 'N/A', 'N/A', 'ALMACEN', '', 'MANUAL SIN BOLSA', 0, 3, '2019-11-21 09:41:43'),
(6571, '123464', 'MFL69672107-02', 'MFL69672107', '02', '2120', '1', 'N/A', 'N/A', 'ALMACEN', '', 'MANUAL SIN BOLSA', 0, 3, '2019-11-21 09:41:43'),
(6570, '123464', 'MFL69672108-00', 'MFL69672108', '00', '1860', '1', 'N/A', 'N/A', 'ALMACEN', '', 'MANUAL SIN BOLSA', 0, 3, '2019-11-21 09:41:43'),
(6569, '123464', 'MFL69677801-03', 'MFL69677801', '03', '833', '1', 'N/A', 'N/A', 'ALMACEN', '', 'MANUAL SIN BOLSA', 0, 3, '2019-11-21 09:41:43'),
(6568, '123464', 'MFL69740201-01', 'MFL69740201', '01', '29773', '1', 'N/A', 'N/A', 'ALMACEN', '', 'MANUAL SIN BOLSA', 0, 3, '2019-11-21 09:41:43'),
(6567, '123464', 'MFL69740202-01', 'MFL69740202', '01', '3581', '1', 'N/A', 'N/A', 'ALMACEN', '', 'MANUAL SIN BOLSA', 0, 3, '2019-11-21 09:41:43'),
(6566, '123464', 'MFL69843818-03', 'MFL69843818', '03', '3904', '1', 'N/A', 'N/A', 'ALMACEN', '', 'MANUAL SIN BOLSA', 0, 3, '2019-11-21 09:41:43'),
(6565, '123464', 'MFL69843832-00', 'MFL69843832', '00', '254', '1', 'N/A', 'N/A', 'ALMACEN', '', 'MANUAL SIN BOLSA', 0, 3, '2019-11-21 09:41:43'),
(6564, '123464', 'MFL69843840-01', 'MFL69843840', '01', '1200', '1', 'N/A', 'N/A', 'ALMACEN', '', 'MANUAL SIN BOLSA', 0, 3, '2019-11-21 09:41:43'),
(6563, '123464', 'MFL69843842-00', 'MFL69843842', '00', '3360', '1', 'N/A', 'N/A', 'ALMACEN', '', 'MANUAL SIN BOLSA', 0, 3, '2019-11-21 09:41:43'),
(6561, '123464', 'MFL69843883-01', 'MFL69843883', '01', '2665', '1', 'N/A', 'N/A', 'ALMACEN', '', 'MANUAL SIN BOLSA', 0, 3, '2019-11-21 09:41:43'),
(6562, '123464', 'MFL69843857-00', 'MFL69843857', '00', '1980', '1', 'N/A', 'N/A', 'ALMACEN', '', 'MANUAL SIN BOLSA', 0, 3, '2019-11-21 09:41:43'),
(6559, '123464', 'MFL69885513-03', 'MFL69885513', '03', '177', '1', 'N/A', 'N/A', 'ALMACEN', '', 'MANUAL SIN BOLSA', 0, 3, '2019-11-21 09:41:43'),
(6560, '123464', 'MFL69885512-04', 'MFL69885512', '04', '2836', '1', 'N/A', 'N/A', 'ALMACEN', '', 'MANUAL SIN BOLSA', 0, 3, '2019-11-21 09:41:43'),
(6557, '123464', 'MFL69885517-05', 'MFL69885517', '05', '4350', '1', 'N/A', 'N/A', 'ALMACEN', '', 'MANUAL SIN BOLSA', 0, 3, '2019-11-21 09:41:43'),
(6558, '123464', 'MFL69885514-03', 'MFL69885514', '03', '1034', '1', 'N/A', 'N/A', 'ALMACEN', '', 'MANUAL SIN BOLSA', 0, 3, '2019-11-21 09:41:43'),
(6556, '123464', 'MFL69885518-04', 'MFL69885518', '04', '1304', '1', 'N/A', 'N/A', 'ALMACEN', '', 'MANUAL SIN BOLSA', 0, 3, '2019-11-21 09:41:43'),
(6555, '123464', 'MFL69885522-04', 'MFL69885522', '04', '1480', '1', 'N/A', 'N/A', 'ALMACEN', '', 'MANUAL SIN BOLSA', 0, 3, '2019-11-21 09:41:43'),
(6554, '123464', 'MFL69885523-02', 'MFL69885523', '02', '867', '1', 'N/A', 'N/A', 'ALMACEN', '', 'MANUAL SIN BOLSA', 0, 3, '2019-11-21 09:41:43'),
(6553, '123464', 'MFL69885542-03', 'MFL69885542', '03', '969', '1', 'N/A', 'N/A', 'ALMACEN', '', 'MANUAL SIN BOLSA', 0, 3, '2019-11-21 09:41:43'),
(6551, '123464', 'MFL69885572-03', 'MFL69885572', '03', '385', '1', 'N/A', 'N/A', 'ALMACEN', '', 'MANUAL SIN BOLSA', 0, 3, '2019-11-21 09:41:43'),
(6552, '123464', 'MFL69885557-02', 'MFL69885557', '02', '880', '1', 'N/A', 'N/A', 'ALMACEN', '', 'MANUAL SIN BOLSA', 0, 3, '2019-11-21 09:41:43'),
(6550, '123464', 'MFL69885582-05', 'MFL69885582', '05', '690', '1', 'N/A', 'N/A', 'ALMACEN', '', 'MANUAL SIN BOLSA', 0, 3, '2019-11-21 09:41:43'),
(6549, '123464', 'MFL69885597-02', 'MFL69885597', '02', '54', '1', 'N/A', 'N/A', 'ALMACEN', '', 'MANUAL SIN BOLSA', 0, 3, '2019-11-21 09:41:43'),
(6548, '123464', 'MFL70265602-04', 'MFL70265602', '04', '224', '1', 'N/A', 'N/A', 'ALMACEN', '', 'MANUAL SIN BOLSA', 0, 3, '2019-11-21 09:41:43'),
(6547, '123464', 'MFL70268201-01', 'MFL70268201', '01', '1604', '1', 'N/A', 'N/A', 'ALMACEN', '', 'MANUAL SIN BOLSA', 0, 3, '2019-11-21 09:41:43'),
(6545, '123464', 'MFL70340104-08', 'MFL70340104', '08', '1736', '1', 'N/A', 'N/A', 'ALMACEN', '', 'MANUAL SIN BOLSA', 0, 3, '2019-11-21 09:41:43'),
(6546, '123464', 'MFL70340103-04', 'MFL70340103', '04', '3107', '1', 'N/A', 'N/A', 'ALMACEN', '', 'MANUAL SIN BOLSA', 0, 3, '2019-11-21 09:41:43'),
(6544, '123464', 'MFL70343202-01', 'MFL70343202', '01', '330', '1', 'N/A', 'N/A', 'ALMACEN', '', 'MANUAL SIN BOLSA', 0, 3, '2019-11-21 09:41:43'),
(6543, '123464', 'MFL70361102-04', 'MFL70361102', '04', '3262', '1', 'N/A', 'N/A', 'ALMACEN', '', 'MANUAL SIN BOLSA', 0, 3, '2019-11-21 09:41:43'),
(6542, '123464', 'MFL70363402-02', 'MFL70363402', '02', '2627', '1', 'N/A', 'N/A', 'ALMACEN', '', 'MANUAL SIN BOLSA', 0, 3, '2019-11-21 09:41:43'),
(6541, '123464', 'MFL70379902-01', 'MFL70379902', '01', '1960', '1', 'N/A', 'N/A', 'ALMACEN', '', 'MANUAL SIN BOLSA', 0, 3, '2019-11-21 09:41:43'),
(6540, '123464', 'MFL70381103-00', 'MFL70381103', '00', '473', '1', 'N/A', 'N/A', 'ALMACEN', '', 'MANUAL SIN BOLSA', 0, 3, '2019-11-21 09:41:43'),
(6539, '123464', 'MFL70381105-02', 'MFL70381105', '02', '9490', '1', 'N/A', 'N/A', 'ALMACEN', '', 'MANUAL SIN BOLSA', 0, 3, '2019-11-21 09:41:43'),
(6538, '123464', 'MFL70400702-01', 'MFL70400702', '01', '2300', '1', 'N/A', 'N/A', 'ALMACEN', '', 'MANUAL SIN BOLSA', 0, 3, '2019-11-21 09:41:43'),
(6536, '123464', 'MFL70423402-00', 'MFL70423402', '00', '2165', '1', 'N/A', 'N/A', 'ALMACEN', '', 'MANUAL SIN BOLSA', 0, 3, '2019-11-21 09:41:43'),
(6537, '123464', 'MFL70406102-01', 'MFL70406102', '01', '1475', '1', 'N/A', 'N/A', 'ALMACEN', '', 'MANUAL SIN BOLSA', 0, 3, '2019-11-21 09:41:43'),
(6535, '123464', 'MFL70423914-01', 'MFL70423914', '01', '1072', '1', 'N/A', 'N/A', 'ALMACEN', '', 'MANUAL SIN BOLSA', 0, 3, '2019-11-21 09:41:43'),
(6533, '123464', 'MFL70424302-01', 'MFL70424302', '01', '30400', '1', 'N/A', 'N/A', 'ALMACEN', '', 'MANUAL SIN BOLSA', 0, 3, '2019-11-21 09:41:43'),
(6534, '123464', 'MFL70423952-02', 'MFL70423952', '02', '1500', '1', 'N/A', 'N/A', 'ALMACEN', '', 'MANUAL SIN BOLSA', 0, 3, '2019-11-21 09:41:43'),
(6532, '123464', 'MFL70443202-02', 'MFL70443202', '02', '105', '1', 'N/A', 'N/A', 'ALMACEN', '', 'MANUAL SIN BOLSA', 0, 3, '2019-11-21 09:41:43'),
(6531, '123464', 'MFL70443302-01', 'MFL70443302', '01', '1147', '1', 'N/A', 'N/A', 'ALMACEN', '', 'MANUAL SIN BOLSA', 0, 3, '2019-11-21 09:41:43'),
(6530, '123464', 'MFL70444002-00', 'MFL70444002', '00', '918', '1', 'N/A', 'N/A', 'ALMACEN', '', 'MANUAL SIN BOLSA', 0, 3, '2019-11-21 09:41:43'),
(6529, '123464', 'MFL70447802-01', 'MFL70447802', '01', '4339', '1', 'N/A', 'N/A', 'ALMACEN', '', 'MANUAL SIN BOLSA', 0, 3, '2019-11-21 09:41:43'),
(6528, '123464', 'MFL70447803-00', 'MFL70447803', '00', '4979', '1', 'N/A', 'N/A', 'ALMACEN', '', 'MANUAL SIN BOLSA', 0, 3, '2019-11-21 09:41:43'),
(6526, '123464', 'MFL70447805-01', 'MFL70447805', '01', '3450', '1', 'N/A', 'N/A', 'ALMACEN', '', 'MANUAL SIN BOLSA', 0, 3, '2019-11-21 09:41:43'),
(6527, '123464', 'MFL70447804-00', 'MFL70447804', '00', '1599', '1', 'N/A', 'N/A', 'ALMACEN', '', 'MANUAL SIN BOLSA', 0, 3, '2019-11-21 09:41:43');
INSERT INTO `tbldocumento` (`iddocumento`, `identificador`, `numeroparte`, `modelo`, `revision`, `cantidadcajas`, `cantidadpallet`, `cliente`, `proveedor`, `locacion`, `fechaentrada`, `categoria`, `subido`, `idusuario`, `fecharegistro`) VALUES
(6525, '123464', 'MFL70447806-01', 'MFL70447806', '01', '1463', '1', 'N/A', 'N/A', 'ALMACEN', '', 'MANUAL SIN BOLSA', 0, 3, '2019-11-21 09:41:43'),
(6524, '123464', 'MFL70447809-00', 'MFL70447809', '00', '977', '1', 'N/A', 'N/A', 'ALMACEN', '', 'MANUAL SIN BOLSA', 0, 3, '2019-11-21 09:41:43'),
(6523, '123464', 'MFL70521902-01', 'MFL70521902', '01', '592', '1', 'N/A', 'N/A', 'ALMACEN', '', 'MANUAL SIN BOLSA', 0, 3, '2019-11-21 09:41:43'),
(6522, '123464', 'MFL70521904-00', 'MFL70521904', '00', '676', '1', 'N/A', 'N/A', 'ALMACEN', '', 'MANUAL SIN BOLSA', 0, 3, '2019-11-21 09:41:43'),
(6520, '123464', 'MFL70521952-01', 'MFL70521952', '01', '1220', '1', 'N/A', 'N/A', 'ALMACEN', '', 'MANUAL SIN BOLSA', 0, 3, '2019-11-21 09:41:43'),
(6521, '123464', 'MFL70521912-02', 'MFL70521912', '02', '305', '1', 'N/A', 'N/A', 'ALMACEN', '', 'MANUAL SIN BOLSA', 0, 3, '2019-11-21 09:41:43'),
(6518, '123464', 'MFL70521977-01', 'MFL70521977', '01', '322', '1', 'N/A', 'N/A', 'ALMACEN', '', 'MANUAL SIN BOLSA', 0, 3, '2019-11-21 09:41:43'),
(6519, '123464', 'MFL70521972-00', 'MFL70521972', '00', '1849', '1', 'N/A', 'N/A', 'ALMACEN', '', 'MANUAL SIN BOLSA', 0, 3, '2019-11-21 09:41:43'),
(6517, '123464', 'MFL70522202-02', 'MFL70522202', '02', '2531', '1', 'N/A', 'N/A', 'ALMACEN', '', 'MANUAL SIN BOLSA', 0, 3, '2019-11-21 09:41:43'),
(6516, '123464', 'MFL70522304-03', 'MFL70522304', '03', '14579', '1', 'N/A', 'N/A', 'ALMACEN', '', 'MANUAL SIN BOLSA', 0, 3, '2019-11-21 09:41:43'),
(6514, '123464', 'MFL70524101-00', 'MFL70524101', '00', '2150', '1', 'N/A', 'N/A', 'ALMACEN', '', 'MANUAL SIN BOLSA', 0, 3, '2019-11-21 09:41:43'),
(6515, '123464', 'MFL70523202-02', 'MFL70523202', '02', '6300', '1', 'N/A', 'N/A', 'ALMACEN', '', 'MANUAL SIN BOLSA', 0, 3, '2019-11-21 09:41:43'),
(6512, '123464', 'MFL70542902-00', 'MFL70542902', '00', '6158', '1', 'N/A', 'N/A', 'ALMACEN', '', 'MANUAL SIN BOLSA', 0, 3, '2019-11-21 09:41:43'),
(6513, '123464', 'MFL70542901-00', 'MFL70542901', '00', '2490', '1', 'N/A', 'N/A', 'ALMACEN', '', 'MANUAL SIN BOLSA', 0, 3, '2019-11-21 09:41:43'),
(6511, '123464', 'MFL70542903-00', 'MFL70542903', '00', '1905', '1', 'N/A', 'N/A', 'ALMACEN', '', 'MANUAL SIN BOLSA', 0, 3, '2019-11-21 09:41:43'),
(6510, '123464', 'MFL70542904-00', 'MFL70542904', '00', '2837', '1', 'N/A', 'N/A', 'ALMACEN', '', 'MANUAL SIN BOLSA', 0, 3, '2019-11-21 09:41:43'),
(6509, '123464', 'MFL70542905-00', 'MFL70542905', '00', '3307', '1', 'N/A', 'N/A', 'ALMACEN', '', 'MANUAL SIN BOLSA', 0, 3, '2019-11-21 09:41:43'),
(6508, '123464', 'MFL70542907-01', 'MFL70542907', '01', '4631', '1', 'N/A', 'N/A', 'ALMACEN', '', 'MANUAL SIN BOLSA', 0, 3, '2019-11-21 09:41:43'),
(6507, '123464', 'MFL70901902-00', 'MFL70901902', '00', '12790', '1', 'N/A', 'N/A', 'ALMACEN', '', 'MANUAL SIN BOLSA', 0, 3, '2019-11-21 09:41:43'),
(6506, '123464', 'MFL70922002-04', 'MFL70922002', '04', '12053', '1', 'N/A', 'N/A', 'ALMACEN', '', 'MANUAL SIN BOLSA', 0, 3, '2019-11-21 09:41:43'),
(6505, '123464', 'MFL70922002-05', 'MFL70922002', '05', '5175', '1', 'N/A', 'N/A', 'ALMACEN', '', 'MANUAL SIN BOLSA', 0, 3, '2019-11-21 09:41:43'),
(6503, '123464', 'MFL71059812-01', 'MFL71059812', '01', '45940', '1', 'N/A', 'N/A', 'ALMACEN', '', 'MANUAL SIN BOLSA', 0, 3, '2019-11-21 09:41:43'),
(6504, '123464', 'MFL71059802-01', 'MFL71059802', '01', '40864', '1', 'N/A', 'N/A', 'ALMACEN', '', 'MANUAL SIN BOLSA', 0, 3, '2019-11-21 09:41:43'),
(6502, '123464', 'MFL71059822-01', 'MFL71059822', '01', '22897', '1', 'N/A', 'N/A', 'ALMACEN', '', 'MANUAL SIN BOLSA', 0, 3, '2019-11-21 09:41:43'),
(6501, '123464', 'MFL71100902-04', 'MFL71100902', '04', '39206', '1', 'N/A', 'N/A', 'ALMACEN', '', 'MANUAL SIN BOLSA', 0, 3, '2019-11-21 09:41:43'),
(6499, '123464', 'MFL71101902-03', 'MFL71101902', '03', '1948', '1', 'N/A', 'N/A', 'ALMACEN', '', 'MANUAL SIN BOLSA', 0, 3, '2019-11-21 09:41:43'),
(6500, '123464', 'MFL71100904-03', 'MFL71100904', '03', '15498', '1', 'N/A', 'N/A', 'ALMACEN', '', 'MANUAL SIN BOLSA', 0, 3, '2019-11-21 09:41:43'),
(6498, '123464', 'MFL71101902-A-03', 'MFL71101902-A', '03', '2142', '1', 'N/A', 'N/A', 'ALMACEN', '', 'MANUAL SIN BOLSA', 0, 3, '2019-11-21 09:41:43'),
(6497, '123464', 'MFL71101904-02', 'MFL71101904', '02', '1561', '1', 'N/A', 'N/A', 'ALMACEN', '', 'MANUAL SIN BOLSA', 0, 3, '2019-11-21 09:41:43'),
(6495, '123464', 'MFL71161902-00', 'MFL71161902', '00', '14757', '1', 'N/A', 'N/A', 'ALMACEN', '', 'MANUAL SIN BOLSA', 0, 3, '2019-11-21 09:41:43'),
(6496, '123464', 'MFL71101905-00', 'MFL71101905', '00', '18240', '1', 'N/A', 'N/A', 'ALMACEN', '', 'MANUAL SIN BOLSA', 0, 3, '2019-11-21 09:41:43'),
(6494, '123464', 'MFL71162202-00', 'MFL71162202', '00', '11', '1', 'N/A', 'N/A', 'ALMACEN', '', 'MANUAL SIN BOLSA', 0, 3, '2019-11-21 09:41:43'),
(6493, '123464', 'MFL71162202-01', 'MFL71162202', '01', '59835', '1', 'N/A', 'N/A', 'ALMACEN', '', 'MANUAL SIN BOLSA', 0, 3, '2019-11-21 09:41:43'),
(6492, '123464', 'MFL71179902-00', 'MFL71179902', '00', '42160', '1', 'N/A', 'N/A', 'ALMACEN', '', 'MANUAL SIN BOLSA', 0, 3, '2019-11-21 09:41:43'),
(6491, '123464', 'MFL71179912-0.0', 'MFL71179912', '00', '18233', '1', 'N/A', 'N/A', 'ALMACEN', '', 'MANUAL SIN BOLSA', 0, 3, '2019-11-21 09:41:43'),
(6489, '123464', 'MFL71179932-00', 'MFL71179932', '00', '335', '1', 'N/A', 'N/A', 'ALMACEN', '', 'MANUAL SIN BOLSA', 0, 3, '2019-11-21 09:41:43'),
(6490, '123464', 'MFL71179922-01', 'MFL71179922', '01', '25885', '1', 'N/A', 'N/A', 'ALMACEN', '', 'MANUAL SIN BOLSA', 0, 3, '2019-11-21 09:41:43'),
(6487, '123464', 'MFL71181902-02', 'MFL71181902', '02', '18535', '1', 'N/A', 'N/A', 'ALMACEN', '', 'MANUAL SIN BOLSA', 0, 3, '2019-11-21 09:41:43'),
(6488, '123464', 'MFL71180702-02', 'MFL71180702', '02', '1280', '1', 'N/A', 'N/A', 'ALMACEN', '', 'MANUAL SIN BOLSA', 0, 3, '2019-11-21 09:41:43'),
(6485, '123464', 'MFL71382506-00', 'MFL71382506', '00', '4377', '1', 'N/A', 'N/A', 'ALMACEN', '', 'MANUAL SIN BOLSA', 0, 3, '2019-11-21 09:41:43'),
(6486, '123464', 'MFL71382505-00', 'MFL71382505', '00', '2836', '1', 'N/A', 'N/A', 'ALMACEN', '', 'MANUAL SIN BOLSA', 0, 3, '2019-11-21 09:41:43'),
(6484, '123464', 'MFL71382507-01', 'MFL71382507', '01', '5704', '1', 'N/A', 'N/A', 'ALMACEN', '', 'MANUAL SIN BOLSA', 0, 3, '2019-11-21 09:41:43'),
(6483, '123464', 'MFL71382508-01', 'MFL71382508', '01', '4662', '1', 'N/A', 'N/A', 'ALMACEN', '', 'MANUAL SIN BOLSA', 0, 3, '2019-11-21 09:41:43'),
(6482, '123464', 'MFL71382512-01', 'MFL71382512', '01', '8827', '1', 'N/A', 'N/A', 'ALMACEN', '', 'MANUAL SIN BOLSA', 0, 3, '2019-11-21 09:41:43'),
(6481, '123464', 'MFL71382516-00', 'MFL71382516', '00', '750', '1', 'N/A', 'N/A', 'ALMACEN', '', 'MANUAL SIN BOLSA', 0, 3, '2019-11-21 09:41:42'),
(6479, '123464', 'MFL71382557-00', 'MFL71382557', '00', '2507', '1', 'N/A', 'N/A', 'ALMACEN', '', 'MANUAL SIN BOLSA', 0, 3, '2019-11-21 09:41:42'),
(6480, '123464', 'MFL71382556-00', 'MFL71382556', '00', '3242', '1', 'N/A', 'N/A', 'ALMACEN', '', 'MANUAL SIN BOLSA', 0, 3, '2019-11-21 09:41:42'),
(6477, '123464', 'MFL71382585-00', 'MFL71382585', '00', '4430', '1', 'N/A', 'N/A', 'ALMACEN', '', 'MANUAL SIN BOLSA', 0, 3, '2019-11-21 09:41:42'),
(6478, '123464', 'MFL71382569-00', 'MFL71382569', '00', '5437', '1', 'N/A', 'N/A', 'ALMACEN', '', 'MANUAL SIN BOLSA', 0, 3, '2019-11-21 09:41:42'),
(6475, '123464', 'MFL71400602-02', 'MFL71400602', '02', '12450', '1', 'N/A', 'N/A', 'ALMACEN', '', 'MANUAL SIN BOLSA', 0, 3, '2019-11-21 09:41:42'),
(6476, '123464', 'MFL71382586-00', 'MFL71382586', '00', '395', '1', 'N/A', 'N/A', 'ALMACEN', '', 'MANUAL SIN BOLSA', 0, 3, '2019-11-21 09:41:42'),
(6473, '123464', 'MFL71402003-1.0', 'MFL71402003', '01', '2023', '1', 'N/A', 'N/A', 'ALMACEN', '', 'MANUAL SIN BOLSA', 0, 3, '2019-11-21 09:41:42'),
(6474, '123464', 'MFL71400602-03', 'MFL71400602', '03', '23510', '1', 'N/A', 'N/A', 'ALMACEN', '', 'MANUAL SIN BOLSA', 0, 3, '2019-11-21 09:41:42'),
(6471, '123464', 'MFL71402007-00', 'MFL71402007', '00', '2121', '1', 'N/A', 'N/A', 'ALMACEN', '', 'MANUAL SIN BOLSA', 0, 3, '2019-11-21 09:41:42'),
(6472, '123464', 'MFL71402004-01', 'MFL71402004', '01', '1680', '1', 'N/A', 'N/A', 'ALMACEN', '', 'MANUAL SIN BOLSA', 0, 3, '2019-11-21 09:41:42'),
(6469, '123464', 'MFL71402014-01', 'MFL71402014', '01', '1608', '1', 'N/A', 'N/A', 'ALMACEN', '', 'MANUAL SIN BOLSA', 0, 3, '2019-11-21 09:41:42'),
(6470, '123464', 'MFL71402013-02', 'MFL71402013', '02', '1580', '1', 'N/A', 'N/A', 'ALMACEN', '', 'MANUAL SIN BOLSA', 0, 3, '2019-11-21 09:41:42'),
(6468, '123464', 'MFL71402016-01', 'MFL71402016', '01', '1446', '1', 'N/A', 'N/A', 'ALMACEN', '', 'MANUAL SIN BOLSA', 0, 3, '2019-11-21 09:41:42'),
(6467, '123464', 'MFL71402072-00', 'MFL71402072', '00', '6467', '1', 'N/A', 'N/A', 'ALMACEN', '', 'MANUAL SIN BOLSA', 0, 3, '2019-11-21 09:41:42'),
(6466, '123464', 'MFL71403402-00', 'MFL71403402', '00', '17505', '1', 'N/A', 'N/A', 'ALMACEN', '', 'MANUAL SIN BOLSA', 0, 3, '2019-11-21 09:41:42'),
(6465, '123464', 'MFL71409802-00', 'MFL71409802', '00', '4360', '1', 'N/A', 'N/A', 'ALMACEN', '', 'MANUAL SIN BOLSA', 0, 3, '2019-11-21 09:41:42'),
(6464, '123464', 'MFL71423102-01', 'MFL71423102', '01', '3219', '1', 'N/A', 'N/A', 'ALMACEN', '', 'MANUAL SIN BOLSA', 0, 3, '2019-11-21 09:41:42'),
(6463, '123464', 'MFL71440402-02', 'MFL71440402', '02', '885', '1', 'N/A', 'N/A', 'ALMACEN', '', 'MANUAL SIN BOLSA', 0, 3, '2019-11-21 09:41:42'),
(6462, '123464', 'MFL71440402-03', 'MFL71440402', '03', '5605', '1', 'N/A', 'N/A', 'ALMACEN', '', 'MANUAL SIN BOLSA', 0, 3, '2019-11-21 09:41:42'),
(6461, '123464', 'MFL71440403-01', 'MFL71440403', '01', '42', '1', 'N/A', 'N/A', 'ALMACEN', '', 'MANUAL SIN BOLSA', 0, 3, '2019-11-21 09:41:42'),
(6459, '123464', 'MFL71440404-1.0', 'MFL71440404', '01', '22320', '1', 'N/A', 'N/A', 'ALMACEN', '', 'MANUAL SIN BOLSA', 0, 3, '2019-11-21 09:41:42'),
(6460, '123464', 'MFL71440403-02', 'MFL71440403', '02', '1097', '1', 'N/A', 'N/A', 'ALMACEN', '', 'MANUAL SIN BOLSA', 0, 3, '2019-11-21 09:41:42'),
(6458, '123464', 'MFL71441702-01', 'MFL71441702', '01', '16700', '1', 'N/A', 'N/A', 'ALMACEN', '', 'MANUAL SIN BOLSA', 0, 3, '2019-11-21 09:41:42'),
(6457, '123464', 'MFL71441702-02', 'MFL71441702', '02', '23507', '1', 'N/A', 'N/A', 'ALMACEN', '', 'MANUAL SIN BOLSA', 0, 3, '2019-11-21 09:41:42'),
(6456, '123464', 'MFL71447802-00', 'MFL71447802', '00', '4010', '1', 'N/A', 'N/A', 'ALMACEN', '', 'MANUAL SIN BOLSA', 0, 3, '2019-11-21 09:41:42'),
(6455, '123464', '9CF 504J-2 BARNIZ PROTECTOR VARIOS', 'BARNIZ PROTECTOR SANCHEZ', 'N/A', '48', '1', 'N/A', 'N/A', 'ALMACEN', '', 'MANTEMIMIENTO', 0, 3, '2019-11-21 09:41:42'),
(6454, '123464', 'ABRAZADERA GALVANIZADA D.MEDIDAS', 'MATERIAL PARA MTO', 'N/A', '33', '1', 'N/A', 'N/A', 'ALMACEN', '', 'MANTEMIMIENTO', 0, 3, '2019-11-21 09:41:42'),
(6453, '123464', 'ACEITE TURBINA', 'MANTENIMIENTO', 'N/A', '4', '1', 'N/A', 'N/A', 'ALMACEN', '', 'MANTEMIMIENTO', 0, 3, '2019-11-21 09:41:42'),
(6452, '123464', 'ACERRIN', 'ARTICULO DE LIMPIEZA', 'N/A', '4', '1', 'N/A', 'N/A', 'ALMACEN', '', 'MANTEMIMIENTO', 0, 3, '2019-11-21 09:41:42'),
(6451, '123464', 'AGF79482701', 'etiqueta hana', 'N/A', '40000', '1', 'N/A', 'N/A', 'ALMACEN', '', 'MANTEMIMIENTO', 0, 3, '2019-11-21 09:41:42'),
(6450, '123464', 'AGF79482702', 'etiqueta hana', 'N/A', '40000', '1', 'N/A', 'N/A', 'ALMACEN', '', 'MANTEMIMIENTO', 0, 3, '2019-11-21 09:41:42'),
(6449, '123464', 'ALCOHOL', 'BOTELLA DE 1 LT', 'N/A', '5', '1', 'N/A', 'N/A', 'ALMACEN', '', 'MANTEMIMIENTO', 0, 3, '2019-11-21 09:41:42'),
(6448, '123464', 'ALCOHOL (TIBOR)', 'TIBOR', 'N/A', '2', '1', 'N/A', 'N/A', 'ALMACEN', '', 'MANTEMIMIENTO', 0, 3, '2019-11-21 09:41:42'),
(6447, '123464', 'BANDA B-82', 'BANDA PARA FLEXO', 'N/A', '6', '1', 'N/A', 'N/A', 'ALMACEN', '', 'MANTEMIMIENTO', 0, 3, '2019-11-21 09:41:42'),
(6446, '123464', 'BASE PARA RODILLO PARA PINTAR', 'MATERIAL PARA MTO', 'N/A', '4', '1', 'N/A', 'N/A', 'ALMACEN', '', 'MANTEMIMIENTO', 0, 3, '2019-11-21 09:41:42'),
(6444, '123464', 'BOTE BLANCO', 'Art. de limpieza', 'N/A', '15', '1', 'N/A', 'N/A', 'ALMACEN', '', 'MANTEMIMIENTO', 0, 3, '2019-11-21 09:41:42'),
(6445, '123464', 'BOTE AZUL', 'Art. de limpieza', 'N/A', '12', '1', 'N/A', 'N/A', 'ALMACEN', '', 'MANTEMIMIENTO', 0, 3, '2019-11-21 09:41:42'),
(6442, '123464', 'BROCHA  DE 1/2  PULGADA', 'MATERIAL PARA MTO', 'N/A', '2', '1', 'N/A', 'N/A', 'ALMACEN', '', 'MANTEMIMIENTO', 0, 3, '2019-11-21 09:41:42'),
(6443, '123464', 'BOTE ROJO', 'Art. de limpieza', 'N/A', '10', '1', 'N/A', 'N/A', 'ALMACEN', '', 'MANTEMIMIENTO', 0, 3, '2019-11-21 09:41:42'),
(6441, '123464', 'BROCHA 1 PULGADA', 'MATERIAL PARA MTO', 'N/A', '3', '1', 'N/A', 'N/A', 'ALMACEN', '', 'MANTEMIMIENTO', 0, 3, '2019-11-21 09:41:42'),
(6440, '123464', 'BROCHA 2 PULGADAS', 'Material p/mto', 'N/A', '5', '1', 'N/A', 'N/A', 'ALMACEN', '', 'MANTEMIMIENTO', 0, 3, '2019-11-21 09:41:42'),
(6439, '123464', 'BROCHA 3 PULGADAS', 'Material p/mantenimiento', 'N/A', '9', '1', 'N/A', 'N/A', 'ALMACEN', '', 'MANTEMIMIENTO', 0, 3, '2019-11-21 09:41:42'),
(6438, '123464', 'BROCHA 4 PULGADAS', 'Material p/mantenimiento', 'N/A', '11', '1', 'N/A', 'N/A', 'ALMACEN', '', 'MANTEMIMIENTO', 0, 3, '2019-11-21 09:41:42'),
(6437, '123464', 'BROCHA 5 PULGADAS', 'Material p/mantenimiento', 'N/A', '5', '1', 'N/A', 'N/A', 'ALMACEN', '', 'MANTEMIMIENTO', 0, 3, '2019-11-21 09:41:42'),
(6436, '123464', 'BROCHA 6 PULGADAS', 'Material p/mantenimiento', 'N/A', '10', '1', 'N/A', 'N/A', 'ALMACEN', '', 'MANTEMIMIENTO', 0, 3, '2019-11-21 09:41:42'),
(6435, '123464', 'Desengrasante emulgras', 'Mantenimiento', 'N/A', '1', '1', 'N/A', 'N/A', 'ALMACEN', '', 'MANTEMIMIENTO', 0, 3, '2019-11-21 09:41:42'),
(6434, '123464', 'DESENGRASANTE TRESYPLUS', 'MANTENIMIENTO', 'N/A', '1', '1', 'N/A', 'N/A', 'ALMACEN', '', 'MANTEMIMIENTO', 0, 3, '2019-11-21 09:41:42'),
(6433, '123464', 'DISCO PARA MAQUITA ', 'MATERIAL PARA MTO', 'N/A', '3', '1', 'N/A', 'N/A', 'ALMACEN', '', 'MANTEMIMIENTO', 0, 3, '2019-11-21 09:41:42'),
(6432, '123464', 'ESCOBA', 'Art. de limpieza', 'N/A', '4', '1', 'N/A', 'N/A', 'ALMACEN', '', 'MANTEMIMIENTO', 0, 3, '2019-11-21 09:41:42'),
(6431, '123464', 'ETIQUETA 3 1/8', 'ETIQUETA HANA', 'N/A', '14', '1', 'N/A', 'N/A', 'ALMACEN', '', 'MANTEMIMIENTO', 0, 3, '2019-11-21 09:41:42'),
(6430, '123464', 'ETIQUETA 4*3', 'ETIQUETA HANA', 'N/A', '1', '1', 'N/A', 'N/A', 'ALMACEN', '', 'MANTEMIMIENTO', 0, 3, '2019-11-21 09:41:42'),
(6429, '123464', 'ETIQUETA GOOGLE', 'etiqueta hana', 'N/A', '4', '1', 'N/A', 'N/A', 'ALMACEN', '', 'MANTEMIMIENTO', 0, 3, '2019-11-21 09:41:42'),
(6427, '123464', 'ETIQUETA PACKING', 'PACKING', 'N/A', '7300', '1', 'N/A', 'N/A', 'ALMACEN', '', 'MANTEMIMIENTO', 0, 3, '2019-11-21 09:41:42'),
(6428, '123464', 'ETIQUETA P/LITHO NUEVO', 'ETIQUETA P/LITHO NUEVO', 'N/A', '3', '1', 'N/A', 'N/A', 'ALMACEN', '', 'MANTEMIMIENTO', 0, 3, '2019-11-21 09:41:42'),
(6426, '123464', 'FAJAS', 'Seguridad personal', 'N/A', '9', '1', 'N/A', 'N/A', 'ALMACEN', '', 'MANTEMIMIENTO', 0, 3, '2019-11-21 09:41:42'),
(6424, '123464', 'FIFO APR', 'ETIQUETA HANA', 'N/A', '6', '1', 'N/A', 'N/A', 'ALMACEN', '', 'MANTEMIMIENTO', 0, 3, '2019-11-21 09:41:42'),
(6425, '123464', 'FELPA PARA PULIR PISO', 'articulo de limpieza', 'N/A', '8', '1', 'N/A', 'N/A', 'ALMACEN', '', 'MANTEMIMIENTO', 0, 3, '2019-11-21 09:41:42'),
(6423, '123464', 'FIFO AUG', 'ETIQUETAS HANA', 'N/A', '5', '1', 'N/A', 'N/A', 'ALMACEN', '', 'MANTEMIMIENTO', 0, 3, '2019-11-21 09:41:42'),
(6421, '123464', 'FIFO FEB', 'ETIQUETA HANA', 'N/A', '3', '1', 'N/A', 'N/A', 'ALMACEN', '', 'MANTEMIMIENTO', 0, 3, '2019-11-21 09:41:42'),
(6422, '123464', 'FIFO DEC', 'ETIQUETA HANA', 'N/A', '3', '1', 'N/A', 'N/A', 'ALMACEN', '', 'MANTEMIMIENTO', 0, 3, '2019-11-21 09:41:42'),
(6420, '123464', 'FIFO JAN', 'ETIQUETA HANA', 'N/A', '5', '1', 'N/A', 'N/A', 'ALMACEN', '', 'MANTEMIMIENTO', 0, 3, '2019-11-21 09:41:42'),
(6419, '123464', 'FIFO JUL', 'ETIQUETA HANA', 'N/A', '5', '1', 'N/A', 'N/A', 'ALMACEN', '', 'MANTEMIMIENTO', 0, 3, '2019-11-21 09:41:42'),
(6418, '123464', 'FIFO JUN', 'ETIQUETA HANA', 'N/A', '5', '1', 'N/A', 'N/A', 'ALMACEN', '', 'MANTEMIMIENTO', 0, 3, '2019-11-21 09:41:42'),
(6417, '123464', 'FIFO MAR', 'ETIQUETA HANA', 'N/A', '3', '1', 'N/A', 'N/A', 'ALMACEN', '', 'MANTEMIMIENTO', 0, 3, '2019-11-21 09:41:42'),
(6416, '123464', 'FIFO MAYO', 'ETIQUETA HANA', 'N/A', '4', '1', 'N/A', 'N/A', 'ALMACEN', '', 'MANTEMIMIENTO', 0, 3, '2019-11-21 09:41:42'),
(6414, '123464', 'FIFO OCT', 'ETIQUETA HANA', 'N/A', '6', '1', 'N/A', 'N/A', 'ALMACEN', '', 'MANTEMIMIENTO', 0, 3, '2019-11-21 09:41:42'),
(6415, '123464', 'FIFO NOV', 'ETIQUETA HANA', 'N/A', '6', '1', 'N/A', 'N/A', 'ALMACEN', '', 'MANTEMIMIENTO', 0, 3, '2019-11-21 09:41:42'),
(6413, '123464', 'FIFO SEP', 'ETIQUETA HANA', 'N/A', '7', '1', 'N/A', 'N/A', 'ALMACEN', '', 'MANTEMIMIENTO', 0, 3, '2019-11-21 09:41:42'),
(6411, '123464', 'FINIS GLOSS', 'LIMPIEZA', 'N/A', '2', '1', 'N/A', 'N/A', 'ALMACEN', '', 'MANTEMIMIENTO', 0, 3, '2019-11-21 09:41:42'),
(6412, '123464', 'FILTRO PARA  TINTA', 'FILTRO', 'N/A', '10', '1', 'N/A', 'N/A', 'ALMACEN', '', 'MANTEMIMIENTO', 0, 3, '2019-11-21 09:41:42'),
(6410, '123464', 'FOCO 40W T12', 'FOCO DE 6 PULGADAS', 'N/A', '8', '1', 'N/A', 'N/A', 'ALMACEN', '', 'MANTEMIMIENTO', 0, 3, '2019-11-21 09:41:42'),
(6409, '123464', 'FOCO FLUORESCENTE 8FT P/INTERIOR', 'FOCOS 59W', 'N/A', '17', '1', 'N/A', 'N/A', 'ALMACEN', '', 'MANTEMIMIENTO', 0, 3, '2019-11-21 09:41:42'),
(6408, '123464', 'GUANTE AZUL', 'Seguridad personal', 'N/A', '106', '1', 'N/A', 'N/A', 'ALMACEN', '', 'MANTEMIMIENTO', 0, 3, '2019-11-21 09:41:42'),
(6407, '123464', 'GUANTE ROJO', 'Paquete con 12 pares', 'N/A', '3', '1', 'N/A', 'N/A', 'ALMACEN', '', 'MANTEMIMIENTO', 0, 3, '2019-11-21 09:41:42'),
(6406, '123464', 'GUANTES DE PLASTICO', 'MANTENIMIENTO', 'N/A', '18', '1', 'N/A', 'N/A', 'ALMACEN', '', 'MANTEMIMIENTO', 0, 3, '2019-11-21 09:41:42'),
(6405, '123464', 'GUANTES LATEX', 'Art. de proteccion personal', 'N/A', '20', '1', 'N/A', 'N/A', 'ALMACEN', '', 'MANTEMIMIENTO', 0, 3, '2019-11-21 09:41:42'),
(6404, '123464', 'GUANTES PARA SOLDAR', 'MANTENIMIENTO', 'N/A', '4', '1', 'N/A', 'N/A', 'ALMACEN', '', 'MANTEMIMIENTO', 0, 3, '2019-11-21 09:41:42'),
(6403, '123464', 'HG-250', 'DESENGRASANTE ', 'N/A', '1', '1', 'N/A', 'N/A', 'ALMACEN', '', 'MANTEMIMIENTO', 0, 3, '2019-11-21 09:41:42'),
(6402, '123464', 'JABON NEUTRO', 'LIMPIEZA', 'N/A', '8', '1', 'N/A', 'N/A', 'ALMACEN', '', 'MANTEMIMIENTO', 0, 3, '2019-11-21 09:41:42'),
(6401, '123464', 'KOLA LOKA 2G', 'KRAZY INDIVIDUAL', 'N/A', '14', '1', 'N/A', 'N/A', 'ALMACEN', '', 'MANTEMIMIENTO', 0, 3, '2019-11-21 09:41:42'),
(6400, '123464', 'KOLA LOKA 454.4G', 'E-Z BOND', 'N/A', '12', '1', 'N/A', 'N/A', 'ALMACEN', '', 'MANTEMIMIENTO', 0, 3, '2019-11-21 09:41:42'),
(6399, '123464', 'LENTES', 'Art. de seguridad personal', 'N/A', '8', '1', 'N/A', 'N/A', 'ALMACEN', '', 'MANTEMIMIENTO', 0, 3, '2019-11-21 09:41:42'),
(6398, '123464', 'LLAVE DE PASO DE 1 1/2 PULGADAS', 'MATERIAL P/MTO', 'N/A', '1', '1', 'N/A', 'N/A', 'ALMACEN', '', 'MANTEMIMIENTO', 0, 3, '2019-11-21 09:41:42'),
(6397, '123464', 'MANCHA SAYER', 'MANTENIMIENTO', 'N/A', '1', '1', 'N/A', 'N/A', 'ALMACEN', '', 'MANTEMIMIENTO', 0, 3, '2019-11-21 09:41:42'),
(6396, '123464', 'MANGAS', 'Art. de proteccion personal', 'N/A', '6', '1', 'N/A', 'N/A', 'ALMACEN', '', 'MANTEMIMIENTO', 0, 3, '2019-11-21 09:41:42'),
(6394, '123464', 'MASKING TAPE', 'TAPE', 'N/A', '30', '1', 'N/A', 'N/A', 'ALMACEN', '', 'MANTEMIMIENTO', 0, 3, '2019-11-21 09:41:42'),
(6395, '123464', 'MANGERA 3/4 ', 'PARA DRENAR LA FLEXO 3200', 'N/A', '11', '1', 'N/A', 'N/A', 'ALMACEN', '', 'MANTEMIMIENTO', 0, 3, '2019-11-21 09:41:42'),
(6392, '123464', 'NAVAJAS', 'MATERIAL PARA RETRABAJO', 'N/A', '1', '1', 'N/A', 'N/A', 'ALMACEN', '', 'MANTEMIMIENTO', 0, 3, '2019-11-21 09:41:42'),
(6393, '123464', 'MOTA IND.', 'ARTICULO DE LIMPIEZA', 'N/A', '10', '1', 'N/A', 'N/A', 'ALMACEN', '', 'MANTEMIMIENTO', 0, 3, '2019-11-21 09:41:42'),
(6391, '123464', 'OMNI FILL', 'MANTENIMIENTO', 'N/A', '3', '1', 'N/A', 'N/A', 'ALMACEN', '', 'MANTEMIMIENTO', 0, 3, '2019-11-21 09:41:42'),
(6390, '123464', 'OMNI FILL P/LITHO', 'PINTURA MAQUINA LITHO', 'N/A', '12', '1', 'N/A', 'N/A', 'ALMACEN', '', 'MANTEMIMIENTO', 0, 3, '2019-11-21 09:41:42'),
(6389, '123464', 'PALO TRAPEADOR', 'Art. de limpieza', 'N/A', '5', '1', 'N/A', 'N/A', 'ALMACEN', '', 'MANTEMIMIENTO', 0, 3, '2019-11-21 09:41:42'),
(6388, '123464', 'PALOS MOTA', 'Art. de limpieza', 'N/A', '11', '1', 'N/A', 'N/A', 'ALMACEN', '', 'MANTEMIMIENTO', 0, 3, '2019-11-21 09:41:42'),
(6387, '123464', 'PALOS PARA RODILLOS', 'Material p/mto', 'N/A', '7', '1', 'N/A', 'N/A', 'ALMACEN', '', 'MANTEMIMIENTO', 0, 3, '2019-11-21 09:41:42'),
(6386, '123464', 'PEGAMENTO MADERA', 'MANTENIMIENTO', 'N/A', '1', '1', 'N/A', 'N/A', 'ALMACEN', '', 'MANTEMIMIENTO', 0, 3, '2019-11-21 09:41:42'),
(6385, '123464', 'PIJA 1 1/2*1/8 CABEZA DE CRUZ', 'TORNILLERIA MTO', 'N/A', '141', '1', 'N/A', 'N/A', 'ALMACEN', '', 'MANTEMIMIENTO', 0, 3, '2019-11-21 09:41:42'),
(6383, '123464', 'PIJA 2*1/4 CABEZA EXAGONAL', 'TORNILLERIA MTO', 'N/A', '140', '1', 'N/A', 'N/A', 'ALMACEN', '', 'MANTEMIMIENTO', 0, 3, '2019-11-21 09:41:42'),
(6384, '123464', 'PIJA 1*1/4 CABEZA ESXAGONAL', 'TORNILLERIA MTO', 'N/A', '120', '1', 'N/A', 'N/A', 'ALMACEN', '', 'MANTEMIMIENTO', 0, 3, '2019-11-21 09:41:42'),
(6382, '123464', 'PIJA 3*1/4 CABEZA EXAGONAL', 'TORNILLERIA MTO', 'N/A', '180', '1', 'N/A', 'N/A', 'ALMACEN', '', 'MANTEMIMIENTO', 0, 3, '2019-11-21 09:41:42'),
(6381, '123464', 'PIJA 3/4*1/4 CABEZA DE CRUZ', 'TORNILLERIA MTO', 'N/A', '180', '1', 'N/A', 'N/A', 'ALMACEN', '', 'MANTEMIMIENTO', 0, 3, '2019-11-21 09:41:42'),
(6380, '123464', 'PIJA 3/4*1/4 CABEZA EXSAGONAL', 'TORNILLERIA MTO', 'N/A', '78', '1', 'N/A', 'N/A', 'ALMACEN', '', 'MANTEMIMIENTO', 0, 3, '2019-11-21 09:41:42'),
(6379, '123464', 'PINTURA SPRAY AMARILLO', 'Aerosol mantenimiento ', 'N/A', '11', '1', 'N/A', 'N/A', 'ALMACEN', '', 'MANTEMIMIENTO', 0, 3, '2019-11-21 09:41:42'),
(6378, '123464', 'PINTURA SPRAY BLANCO', 'Aerosol mantenimiento', 'N/A', '16', '1', 'N/A', 'N/A', 'ALMACEN', '', 'MANTEMIMIENTO', 0, 3, '2019-11-21 09:41:42'),
(6377, '123464', 'PINTURA SPRAY GRIS', 'Aerosol mantenimiento', 'N/A', '13', '1', 'N/A', 'N/A', 'ALMACEN', '', 'MANTEMIMIENTO', 0, 3, '2019-11-21 09:41:42'),
(6376, '123464', 'PINTURA SPRAY NEGRO', 'Aerosol mantenimiento', 'N/A', '13', '1', 'N/A', 'N/A', 'ALMACEN', '', 'MANTEMIMIENTO', 0, 3, '2019-11-21 09:41:42'),
(6375, '123464', 'PINTURA SPRAY ROJO', 'Aerosol mantenimiento', 'N/A', '12', '1', 'N/A', 'N/A', 'ALMACEN', '', 'MANTEMIMIENTO', 0, 3, '2019-11-21 09:41:42'),
(6374, '123464', 'PISTOLAS ATOMIZADOR', 'Art. de limpieza', 'N/A', '31', '1', 'N/A', 'N/A', 'ALMACEN', '', 'MANTEMIMIENTO', 0, 3, '2019-11-21 09:41:42'),
(6373, '123464', 'QC PASSED (IMPRESA)', 'ETIQUETA HANA', 'N/A', '7', '1', 'N/A', 'N/A', 'ALMACEN', '', 'MANTEMIMIENTO', 0, 3, '2019-11-21 09:41:42'),
(6372, '123464', 'QD ELECTRONIC', 'MANTENIMIENTO', 'N/A', '2', '1', 'N/A', 'N/A', 'ALMACEN', '', 'MANTEMIMIENTO', 0, 3, '2019-11-21 09:41:42'),
(6371, '123464', 'RECOGEDOR', 'Art. de limpieza', 'N/A', '12', '1', 'N/A', 'N/A', 'ALMACEN', '', 'MANTEMIMIENTO', 0, 3, '2019-11-21 09:41:42'),
(6370, '123464', 'REPUESTOS DE NAVAJAS', 'MATERIAL PARA RETRABAJO', 'N/A', '24', '1', 'N/A', 'N/A', 'ALMACEN', '', 'MANTEMIMIENTO', 0, 3, '2019-11-21 09:41:42'),
(6368, '123464', 'RODILLO PARA PINTAR 9 PULGADAS', 'Material p/mantenimiento', 'N/A', '2', '1', 'N/A', 'N/A', 'ALMACEN', '', 'MANTEMIMIENTO', 0, 3, '2019-11-21 09:41:42'),
(6369, '123464', 'RODILLO PARA PINTAR 3 PULGADAS', 'Material p/mto', 'N/A', '12', '1', 'N/A', 'N/A', 'ALMACEN', '', 'MANTEMIMIENTO', 0, 3, '2019-11-21 09:41:42'),
(6367, '123464', 'ROLL CLEANER SANCHEZ TIBOR', 'JABÓN SANCHEZ', 'N/A', '1', '1', 'N/A', 'N/A', 'ALMACEN', '', 'MANTEMIMIENTO', 0, 3, '2019-11-21 09:41:42'),
(6366, '123464', 'rollos para cirel', 'plastico', 'N/A', '4', '1', 'N/A', 'N/A', 'ALMACEN', '', 'MANTEMIMIENTO', 0, 3, '2019-11-21 09:41:42'),
(6365, '123464', 'ROTOFLEXO ACONDICIONADOR 313', 'ACONDICIONADOR SANCHEZ', 'N/A', '2', '1', 'N/A', 'N/A', 'ALMACEN', '', 'MANTEMIMIENTO', 0, 3, '2019-11-21 09:41:42'),
(6364, '123464', 'SEGURO DE PASADOR', 'Chapa para puertas', 'N/A', '4', '1', 'N/A', 'N/A', 'ALMACEN', '', 'MANTEMIMIENTO', 0, 3, '2019-11-21 09:41:42'),
(6362, '123464', 'SILICON ROJO', 'QUIMICA TF', 'N/A', '7', '1', 'N/A', 'N/A', 'ALMACEN', '', 'MANTEMIMIENTO', 0, 3, '2019-11-21 09:41:42'),
(6363, '123464', 'SILICON CRISTALINO', 'SISTA', 'N/A', '11', '1', 'N/A', 'N/A', 'ALMACEN', '', 'MANTEMIMIENTO', 0, 3, '2019-11-21 09:41:42'),
(6361, '123464', 'SINCHADORA MANUAL', 'INDUSTRIAL TENSIONER', 'N/A', '2', '1', 'N/A', 'N/A', 'ALMACEN', '', 'MANTEMIMIENTO', 0, 3, '2019-11-21 09:41:42'),
(6360, '123464', 'SINCHO 6 PULGADAS', 'Material p/mto.', 'N/A', '100', '1', 'N/A', 'N/A', 'ALMACEN', '', 'MANTEMIMIENTO', 0, 3, '2019-11-21 09:41:42'),
(6359, '123464', 'SINCHO 8 PULGADAS', 'Material p/mto.', 'N/A', '200', '1', 'N/A', 'N/A', 'ALMACEN', '', 'MANTEMIMIENTO', 0, 3, '2019-11-21 09:41:42'),
(6358, '123464', 'SINCHO DE 10 PULGADAS', 'MATERIAL PARA MTO', 'N/A', '100', '1', 'N/A', 'N/A', 'ALMACEN', '', 'MANTEMIMIENTO', 0, 3, '2019-11-21 09:41:42'),
(6357, '123464', 'SINCHO PARA LA MOSCA', 'FLEJE PARA EMPAQUE', 'N/A', '35', '1', 'N/A', 'N/A', 'ALMACEN', '', 'MANTEMIMIENTO', 0, 3, '2019-11-21 09:41:42'),
(6356, '123464', 'TAKE IT OFF 3LBS', 'DESCRISTALIZADOR SANCHEZ', 'N/A', '7', '1', 'N/A', 'N/A', 'ALMACEN', '', 'MANTEMIMIENTO', 0, 3, '2019-11-21 09:41:42'),
(6355, '123464', 'TAPE AMARILLO', 'Mat. para locacionar', 'N/A', '150', '1', 'N/A', 'N/A', 'ALMACEN', '', 'MANTEMIMIENTO', 0, 3, '2019-11-21 09:41:42'),
(6354, '123464', 'TAPE AZUL', 'TAPE', 'N/A', '16', '1', 'N/A', 'N/A', 'ALMACEN', '', 'MANTEMIMIENTO', 0, 3, '2019-11-21 09:41:42'),
(6353, '123464', 'TAPE BLANCO', 'TAPE', 'N/A', '14', '1', 'N/A', 'N/A', 'ALMACEN', '', 'MANTEMIMIENTO', 0, 3, '2019-11-21 09:41:42'),
(6352, '123464', 'TAPE CANELA', 'TAPE', 'N/A', '64', '1', 'N/A', 'N/A', 'ALMACEN', '', 'MANTEMIMIENTO', 0, 3, '2019-11-21 09:41:42'),
(6350, '123464', 'TAPE DOBLE', 'TAPE', 'N/A', '17', '1', 'N/A', 'N/A', 'ALMACEN', '', 'MANTEMIMIENTO', 0, 3, '2019-11-21 09:41:42'),
(6351, '123464', 'TAPE CRISTALINO', 'TAPE', 'N/A', '544', '1', 'N/A', 'N/A', 'ALMACEN', '', 'MANTEMIMIENTO', 0, 3, '2019-11-21 09:41:42'),
(6349, '123464', 'TAPE NEGRO', 'TAPE', 'N/A', '8', '1', 'N/A', 'N/A', 'ALMACEN', '', 'MANTEMIMIENTO', 0, 3, '2019-11-21 09:41:42'),
(6348, '123464', 'TAPE ROJO', 'TAPE', 'N/A', '21', '1', 'N/A', 'N/A', 'ALMACEN', '', 'MANTEMIMIENTO', 0, 3, '2019-11-21 09:41:42'),
(6347, '123464', 'TAPE TRAFICO', 'TAPE', 'N/A', '24', '1', 'N/A', 'N/A', 'ALMACEN', '', 'MANTEMIMIENTO', 0, 3, '2019-11-21 09:41:42'),
(6346, '123464', 'TAPE VERDE', 'TAPE', 'N/A', '49', '1', 'N/A', 'N/A', 'ALMACEN', '', 'MANTEMIMIENTO', 0, 3, '2019-11-21 09:41:42'),
(6345, '123464', 'TAPONES PARA OIDOS', 'SEGURIDAD PERSONAL', 'N/A', '94', '1', 'N/A', 'N/A', 'ALMACEN', '', 'MANTEMIMIENTO', 0, 3, '2019-11-21 09:41:42'),
(6344, '123464', 'TORNILLO PARA MADERA 1 1/2 PULGADAS', 'Material p/mto', 'N/A', '300', '1', 'N/A', 'N/A', 'ALMACEN', '', 'MANTEMIMIENTO', 0, 3, '2019-11-21 09:41:42'),
(6343, '123464', 'TORNILLO PARA MADERA 2 1/2 PULGADAS', 'Material p/mto', 'N/A', '300', '1', 'N/A', 'N/A', 'ALMACEN', '', 'MANTEMIMIENTO', 0, 3, '2019-11-21 09:41:42'),
(6342, '123464', 'TORNILLO PARA MADERA 3 PULGADAS', 'Material p/mto.', 'N/A', '300', '1', 'N/A', 'N/A', 'ALMACEN', '', 'MANTEMIMIENTO', 0, 3, '2019-11-21 09:41:42'),
(6341, '123464', 'TORNILLO PARA MADERA DE 2 PULGADAS', 'Material p/mto.', 'N/A', '300', '1', 'N/A', 'N/A', 'ALMACEN', '', 'MANTEMIMIENTO', 0, 3, '2019-11-21 09:41:42'),
(6340, '123464', 'TOUCH FOOM', 'MANTENIMIENTO', 'N/A', '3', '1', 'N/A', 'N/A', 'ALMACEN', '', 'MANTEMIMIENTO', 0, 3, '2019-11-21 09:41:42'),
(6339, '123464', 'TRAPEADOR', 'Art. de limpieza', 'N/A', '3', '1', 'N/A', 'N/A', 'ALMACEN', '', 'MANTEMIMIENTO', 0, 3, '2019-11-21 09:41:42'),
(6338, '123464', 'TRAPEADOR SUELTO', 'Art. de limpieza', 'N/A', '4', '1', 'N/A', 'N/A', 'ALMACEN', '', 'MANTEMIMIENTO', 0, 3, '2019-11-21 09:41:42'),
(6337, '123464', 'TRAPOS', 'ARTICULO DE LIMPIEZA', 'N/A', '2', '1', 'N/A', 'N/A', 'ALMACEN', '', 'MANTEMIMIENTO', 0, 3, '2019-11-21 09:41:42'),
(6336, '123464', 'WATER BASED ADHESIVE FORSTC-43458', 'GOMA', 'N/A', '14', '1', 'N/A', 'N/A', 'ALMACEN', '', 'MANTEMIMIENTO', 0, 3, '2019-11-21 09:41:42'),
(6335, '123464', 'WD-40 (AFLOJA TODO)', 'MATERIAL PARA MTO.', 'N/A', '1', '1', 'N/A', 'N/A', 'ALMACEN', '', 'MANTEMIMIENTO', 0, 3, '2019-11-21 09:41:42'),
(6334, '123464', 'ALCALINIZANTE', 'TINTA SANCHEZ', 'N/A', '1', '1', 'N/A', 'N/A', 'ALMACEN', '', 'PINTURA', 0, 3, '2019-11-21 09:41:42'),
(6333, '123464', 'ANTIESPUMANTE SANCHEZ', 'TINTA SANCHEZ', 'N/A', '2', '1', 'N/A', 'N/A', 'ALMACEN', '', 'PINTURA', 0, 3, '2019-11-21 09:41:42'),
(6332, '123464', 'AZUL 2935 (K)', 'TINTA SANCHEZ', 'N/A', '4', '1', 'N/A', 'N/A', 'ALMACEN', '', 'PINTURA', 0, 3, '2019-11-21 09:41:42'),
(6331, '123464', 'AZUL GCMI 31 (K) CARTONFLEZX', 'TINTA SANCHEZ', 'N/A', '4', '1', 'N/A', 'N/A', 'ALMACEN', '', 'PINTURA', 0, 3, '2019-11-21 09:41:42'),
(6330, '123464', 'AZUL PMS 300CK', 'TINTA GENERAL PRODUCTS', 'N/A', '2', '1', 'N/A', 'N/A', 'ALMACEN', '', 'PINTURA', 0, 3, '2019-11-21 09:41:42'),
(6329, '123464', 'BLANCO INTENSO (K)', 'TINTA SANCHEZ ALTAR MODEL', 'N/A', '4', '1', 'N/A', 'N/A', 'ALMACEN', '', 'PINTURA', 0, 3, '2019-11-21 09:41:42'),
(6328, '123464', 'FLEXO GRAPHIC BLACK INK (LATAS)', 'TINTA KOREANA', 'N/A', '4', '1', 'N/A', 'N/A', 'ALMACEN', '', 'PINTURA', 0, 3, '2019-11-21 09:41:42'),
(6327, '123464', 'FLEXOTRANSFER SANCHEZ', 'TINTA SANCHEZ', 'N/A', '4', '1', 'N/A', 'N/A', 'ALMACEN', '', 'PINTURA', 0, 3, '2019-11-21 09:41:42'),
(6326, '123464', 'GRAY LGK80 (B) ALT RES. FAST DRY', 'TINTA SANCHEZ', 'N/A', '10', '1', 'N/A', 'N/A', 'ALMACEN', '', 'PINTURA', 0, 3, '2019-11-21 09:41:42'),
(6325, '123464', 'GREEN PANTONE 363 C (K)', 'TINTA SANCHEZ', 'N/A', '1', '1', 'N/A', 'N/A', 'ALMACEN', '', 'PINTURA', 0, 3, '2019-11-21 09:41:42'),
(6324, '123464', 'Gris pms cool gray 11 U (B) AR FD', 'TINTA SANCHEZ', 'N/A', '8', '1', 'N/A', 'N/A', 'ALMACEN', '', 'PINTURA', 0, 3, '2019-11-21 09:41:42'),
(6323, '123464', 'HUMECTANTE SANCHEZ', 'TINTA SANCHEZ', 'N/A', '4', '1', 'N/A', 'N/A', 'ALMACEN', '', 'PINTURA', 0, 3, '2019-11-21 09:41:42'),
(6322, '123464', 'Morado pms 216 U (B) Alt rest Fast', 'Tinta sanchez', 'N/A', '88', '1', 'N/A', 'N/A', 'ALMACEN', '', 'PINTURA', 0, 3, '2019-11-21 09:41:42'),
(6321, '123464', 'MORADO PMS 267 (K)', 'TINTA SANCHEZ', 'N/A', '2', '1', 'N/A', 'N/A', 'ALMACEN', '', 'PINTURA', 0, 3, '2019-11-21 09:41:42'),
(6320, '123464', 'MORADO PMS PLUS 216 RED (K)', 'TIINTA SANCHEZ', 'N/A', '46', '1', 'N/A', 'N/A', 'ALMACEN', '', 'PINTURA', 0, 3, '2019-11-21 09:41:42'),
(6318, '123464', 'Negro intenso (B) Alt Rest Fast Dry', 'TINTA SANCHEZ', 'N/A', '8', '1', 'N/A', 'N/A', 'ALMACEN', '', 'PINTURA', 0, 3, '2019-11-21 09:41:42'),
(6319, '123464', 'naranja psm 172 u B', 'TINTA SANCHEZ', 'N/A', '4', '1', 'N/A', 'N/A', 'ALMACEN', '', 'PINTURA', 0, 3, '2019-11-21 09:41:42'),
(6317, '123464', 'ROJO 207 (B)', 'TINTA GENERAL PRODUCTS', 'N/A', '30', '1', 'N/A', 'N/A', 'ALMACEN', '', 'PINTURA', 0, 3, '2019-11-21 09:41:42'),
(6316, '123464', 'ROJO 207 (K)', 'TINTA SANCHEZ', 'N/A', '30', '1', 'N/A', 'N/A', 'ALMACEN', '', 'PINTURA', 0, 3, '2019-11-21 09:41:42'),
(6314, '123464', 'ROJO PMS 186 U (K)', 'TINTA SANCHEZ', 'N/A', '4', '1', 'N/A', 'N/A', 'ALMACEN', '', 'PINTURA', 0, 3, '2019-11-21 09:41:42'),
(6315, '123464', 'ROJO GCMI 609 (K)', 'TINTA SANCHEZ VERDE GCMI 609', 'N/A', '4', '1', 'N/A', 'N/A', 'ALMACEN', '', 'PINTURA', 0, 3, '2019-11-21 09:41:42'),
(6313, '123464', 'ROJO PMS 207 CRAFT (K)', 'TINTA SANCHEZ 207 KRAFT', 'N/A', '16', '1', 'N/A', 'N/A', 'ALMACEN', '', 'PINTURA', 0, 3, '2019-11-21 09:41:42'),
(6312, '123464', 'Rojo pms 207 U (B) Alt Res Fast Dry', 'TINTA ', 'N/A', '4', '1', 'N/A', 'N/A', 'ALMACEN', '', 'PINTURA', 0, 3, '2019-11-21 09:41:42'),
(6311, '123464', 'VERDE 363 (K)', 'TINTA SANCHEZ', 'N/A', '4', '1', 'N/A', 'N/A', 'ALMACEN', '', 'PINTURA', 0, 3, '2019-11-21 09:41:42'),
(6310, '123464', 'VERDE G 20 (K) CARTONFLEX', 'TINTA SANCHEZ', 'N/A', '8', '1', 'N/A', 'N/A', 'ALMACEN', '', 'PINTURA', 0, 3, '2019-11-21 09:41:42'),
(6309, '123464', 'VERDE PMS 347 C (K)', 'TINTA SANCHEZ', 'N/A', '2', '1', 'N/A', 'N/A', 'ALMACEN', '', 'PINTURA', 0, 3, '2019-11-21 09:41:42'),
(6308, '123464', 'SLEEVE SHEET CS NEW PRICE', '48*40', 'N/A', '51000', '1', 'N/A', 'N/A', 'N/A', '', 'CAJA OTRO', 0, 3, '2019-11-21 09:41:42'),
(6307, '123464', '11619291', 'Pad separador EATON', 'N/A', '4800', '1', 'N/A', 'N/A', 'N/A', '', 'CAJA OTRO', 0, 3, '2019-11-21 09:41:42'),
(6306, '123464', '12508954', 'INSERT (EATON)', 'N/A', '1170', '1', 'N/A', 'N/A', 'N/A', '', 'CAJA OTRO', 0, 3, '2019-11-21 09:41:42'),
(6305, '123464', '12633411', 'EATON', 'N/A', '300', '1', 'N/A', 'N/A', 'N/A', '', 'CAJA OTRO', 0, 3, '2019-11-21 09:41:42'),
(6304, '123464', '12644872', '12644872 AETON', 'N/A', '547', '1', 'N/A', 'N/A', 'N/A', '', 'CAJA OTRO', 0, 3, '2019-11-21 09:41:42'),
(6303, '123464', '200036', 'BOX BREG', 'N/A', '17744', '1', 'N/A', 'N/A', 'N/A', '', 'CAJA OTRO', 0, 3, '2019-11-21 09:41:42'),
(6302, '123464', '200234', 'BREG BOX ', 'N/A', '13428', '1', 'N/A', 'N/A', 'N/A', '', 'CAJA OTRO', 0, 3, '2019-11-21 09:41:42'),
(6301, '123464', '200236 ', 'BREG BOX ', 'N/A', '17849', '1', 'N/A', 'N/A', 'N/A', '', 'CAJA OTRO', 0, 3, '2019-11-21 09:41:42'),
(6299, '123464', '3450451', '(TETRAPAK) 15*15*14', 'N/A', '27', '1', 'N/A', 'N/A', 'N/A', '', 'CAJA OTRO', 0, 3, '2019-11-21 09:41:42'),
(6300, '123464', '3450450 BOX', '23*15*14 TETRAPAK', 'N/A', '31', '1', 'N/A', 'N/A', 'N/A', '', 'CAJA OTRO', 0, 3, '2019-11-21 09:41:42'),
(6298, '123464', '6679CTN', '6679CTN', 'N/A', '644', '1', 'N/A', 'N/A', 'N/A', '', 'CAJA OTRO', 0, 3, '2019-11-21 09:41:42'),
(6297, '123464', '6680CTN', '6680CTN (RSC BOX) EATON', 'N/A', '160', '1', 'N/A', 'N/A', 'N/A', '', 'CAJA OTRO', 0, 3, '2019-11-21 09:41:42'),
(6296, '123464', '70871', '70871 (EATON)', 'N/A', '470', '1', 'N/A', 'N/A', 'N/A', '', 'CAJA OTRO', 0, 3, '2019-11-21 09:41:42'),
(6295, '123464', '76181CTN', '76181CTN (EATON\\\')', 'N/A', '1048', '1', 'N/A', 'N/A', 'N/A', '', 'CAJA OTRO', 0, 3, '2019-11-21 09:41:42'),
(6294, '123464', '76481EUF', '76481EUF', 'N/A', '2100', '1', 'N/A', 'N/A', 'N/A', '', 'CAJA OTRO', 0, 3, '2019-11-21 09:41:42'),
(6293, '123464', '76519', '(EATON) INSERT', 'N/A', '1435', '1', 'N/A', 'N/A', 'N/A', '', 'CAJA OTRO', 0, 3, '2019-11-21 09:41:42'),
(6292, '123464', '76637', '(eaton) AC PAD', 'N/A', '10655', '1', 'N/A', 'N/A', 'N/A', '', 'CAJA OTRO', 0, 3, '2019-11-21 09:41:42'),
(6291, '123464', '76665', '76665 (EATON)', 'N/A', '1013', '1', 'N/A', 'N/A', 'N/A', '', 'CAJA OTRO', 0, 3, '2019-11-21 09:41:42'),
(6290, '123464', '78746CTN', '78746CTN (EATON)', 'N/A', '1243', '1', 'N/A', 'N/A', 'N/A', '', 'CAJA OTRO', 0, 3, '2019-11-21 09:41:42'),
(6289, '123464', '78747CTN', '78747CTN (EATON)', 'N/A', '33', '1', 'N/A', 'N/A', 'N/A', '', 'CAJA OTRO', 0, 3, '2019-11-21 09:41:42'),
(6288, '123464', '78754CTN', '78754CTN (EATON)', 'N/A', '1551', '1', 'N/A', 'N/A', 'N/A', '', 'CAJA OTRO', 0, 3, '2019-11-21 09:41:42'),
(6287, '123464', '9619 BOX', 'KANG SEO', 'N/A', '710', '1', 'N/A', 'N/A', 'N/A', '', 'CAJA OTRO', 0, 3, '2019-11-21 09:41:42'),
(6286, '123464', 'AW-200174', 'AW-200174', 'N/A', '22517', '1', 'N/A', 'N/A', 'N/A', '', 'CAJA OTRO', 0, 3, '2019-11-21 09:41:42'),
(6284, '123464', 'BC-BOX-2', 'COVER BOX (OH-SUNG DISPLAY)', 'N/A', '4962', '1', 'N/A', 'N/A', 'N/A', '', 'CAJA OTRO', 0, 3, '2019-11-21 09:41:42'),
(6285, '123464', 'AW-200232', 'BREG BOX', 'N/A', '30878', '1', 'N/A', 'N/A', 'N/A', '', 'CAJA OTRO', 0, 3, '2019-11-21 09:41:42'),
(6283, '123464', 'BREG', 'BREG', 'N/A', '341', '1', 'N/A', 'N/A', 'N/A', '', 'CAJA OTRO', 0, 3, '2019-11-21 09:41:42'),
(6281, '123464', 'BX-600-14AP', 'QUALITECH', 'N/A', '3676', '1', 'N/A', 'N/A', 'N/A', '', 'CAJA OTRO', 0, 3, '2019-11-21 09:41:42'),
(6282, '123464', 'BX-16', 'QUALITECH', 'N/A', '742', '1', 'N/A', 'N/A', 'N/A', '', 'CAJA OTRO', 0, 3, '2019-11-21 09:41:42'),
(6280, '123464', 'CAJA MEDIANA', 'JINMYUNG', 'N/A', '150', '1', 'N/A', 'N/A', 'N/A', '', 'CAJA OTRO', 0, 3, '2019-11-21 09:41:42'),
(6278, '123464', 'CLP0010913I', 'CLP0010913I (EATON)', 'N/A', '2400', '1', 'N/A', 'N/A', 'N/A', '', 'CAJA OTRO', 0, 3, '2019-11-21 09:41:42'),
(6279, '123464', 'CLP001087I', 'CLP001087I', 'N/A', '2500', '1', 'N/A', 'N/A', 'N/A', '', 'CAJA OTRO', 0, 3, '2019-11-21 09:41:42'),
(6277, '123464', 'CLP0010914I', 'CLP0010914I (EATON)', 'N/A', '506', '1', 'N/A', 'N/A', 'N/A', '', 'CAJA OTRO', 0, 3, '2019-11-21 09:41:42'),
(6276, '123464', 'CLP0011021I', 'CLP0011021I', 'N/A', '2191', '1', 'N/A', 'N/A', 'N/A', '', 'CAJA OTRO', 0, 3, '2019-11-21 09:41:42'),
(6275, '123464', 'CLP0011037I', 'CLP0011037I', 'N/A', '950', '1', 'N/A', 'N/A', 'N/A', '', 'CAJA OTRO', 0, 3, '2019-11-21 09:41:42'),
(6274, '123464', 'CLP0011039I', 'CLP0011039I', 'N/A', '1484', '1', 'N/A', 'N/A', 'N/A', '', 'CAJA OTRO', 0, 3, '2019-11-21 09:41:42'),
(6273, '123464', 'CLP0011039I-1', 'CLP0011039I-1  EATON', 'N/A', '1484', '1', 'N/A', 'N/A', 'N/A', '', 'CAJA OTRO', 0, 3, '2019-11-21 09:41:42'),
(6272, '123464', 'CLP0011070C', 'CLP0011070C', 'N/A', '1905', '1', 'N/A', 'N/A', 'N/A', '', 'CAJA OTRO', 0, 3, '2019-11-21 09:41:42'),
(6271, '123464', 'CLP0011096I', 'CLP0011096I', 'N/A', '1200', '1', 'N/A', 'N/A', 'N/A', '', 'CAJA OTRO', 0, 3, '2019-11-21 09:41:42'),
(6270, '123464', 'CLP0011146I', 'CLP0011146I', 'N/A', '773', '1', 'N/A', 'N/A', 'N/A', '', 'CAJA OTRO', 0, 3, '2019-11-21 09:41:42'),
(6269, '123464', 'CLP0011150I', 'CLP0011150I', 'N/A', '2518', '1', 'N/A', 'N/A', 'N/A', '', 'CAJA OTRO', 0, 3, '2019-11-21 09:41:42'),
(6268, '123464', 'CLP0011164I', 'CLP0011164I (EATON)', 'N/A', '400', '1', 'N/A', 'N/A', 'N/A', '', 'CAJA OTRO', 0, 3, '2019-11-21 09:41:42'),
(6267, '123464', 'CLP0011197I', 'CLP0011197I (EATON)', 'N/A', '7680', '1', 'N/A', 'N/A', 'N/A', '', 'CAJA OTRO', 0, 3, '2019-11-21 09:41:42'),
(6266, '123464', 'CLP0011200I', 'CLP0011200I (EATON)', 'N/A', '800', '1', 'N/A', 'N/A', 'N/A', '', 'CAJA OTRO', 0, 3, '2019-11-21 09:41:42'),
(6265, '123464', 'CMPM-P001', 'PAD SEPARADOR', 'N/A', '875', '1', 'N/A', 'N/A', 'N/A', '', 'CAJA OTRO', 0, 3, '2019-11-21 09:41:42'),
(6264, '123464', 'CS010005', 'BOX CARRIER (BREG)', 'N/A', '4446', '1', 'N/A', 'N/A', 'N/A', '', 'CAJA OTRO', 0, 3, '2019-11-21 09:41:42'),
(6263, '123464', 'CS010049-00', 'AW-CS010049 BOX (BREG)', 'N/A', '3392', '1', 'N/A', 'N/A', 'N/A', '', 'CAJA OTRO', 0, 3, '2019-11-21 09:41:42'),
(6262, '123464', 'CTN-160866', 'CTN-160866 (EATON)', 'N/A', '410', '1', 'N/A', 'N/A', 'N/A', '', 'CAJA OTRO', 0, 3, '2019-11-21 09:41:42'),
(6261, '123464', 'CTN-160992', 'INSERT (EATON)', 'N/A', '6291', '1', 'N/A', 'N/A', 'N/A', '', 'CAJA OTRO', 0, 3, '2019-11-21 09:41:42'),
(6260, '123464', 'CTN160836', 'CTN160836 INSERT (EATON)', 'N/A', '931', '1', 'N/A', 'N/A', 'N/A', '', 'CAJA OTRO', 0, 3, '2019-11-21 09:41:42'),
(6259, '123464', 'CTN160986', 'PAD (EATON)', 'N/A', '39764', '1', 'N/A', 'N/A', 'N/A', '', 'CAJA OTRO', 0, 3, '2019-11-21 09:41:42'),
(6258, '123464', 'CTN161048', '(EATON) PAD 318*340', 'N/A', '5960', '1', 'N/A', 'N/A', 'N/A', '', 'CAJA OTRO', 0, 3, '2019-11-21 09:41:42'),
(6257, '123464', 'CTN161050', '(EATON) PAD 273*340', 'N/A', '17985', '1', 'N/A', 'N/A', 'N/A', '', 'CAJA OTRO', 0, 3, '2019-11-21 09:41:42'),
(6256, '123464', 'CTN1610986', 'CTN1610986 (EATON)', 'N/A', '5400', '1', 'N/A', 'N/A', 'N/A', '', 'CAJA OTRO', 0, 3, '2019-11-21 09:41:42'),
(6255, '123464', 'CTN76119', '(EATON) INSERT', 'N/A', '400', '1', 'N/A', 'N/A', 'N/A', '', 'CAJA OTRO', 0, 3, '2019-11-21 09:41:42'),
(6254, '123464', 'CTN78627', '(EATON) INSERT', 'N/A', '8594', '1', 'N/A', 'N/A', 'N/A', '', 'CAJA OTRO', 0, 3, '2019-11-21 09:41:42'),
(6253, '123464', 'ETN-13', '13*13*13 CP EMPAQUES eaton ', 'N/A', '376', '1', 'N/A', 'N/A', 'N/A', '', 'CAJA OTRO', 0, 3, '2019-11-21 09:41:42'),
(6252, '123464', 'ETN-16', '(EATON) 16*16*16', 'N/A', '4961', '1', 'N/A', 'N/A', 'N/A', '', 'CAJA OTRO', 0, 3, '2019-11-21 09:41:42'),
(6251, '123464', 'ETN-18', '(EATON) 18*18*18', 'N/A', '4715', '1', 'N/A', 'N/A', 'N/A', '', 'CAJA OTRO', 0, 3, '2019-11-21 09:41:42'),
(6250, '123464', 'GPS-0021-3', 'BOX (WOORI USA)', 'N/A', '5529', '1', 'N/A', 'N/A', 'N/A', '', 'CAJA OTRO', 0, 3, '2019-11-21 09:41:42'),
(6249, '123464', 'HANNA BOX 20*20', 'BOX HANNA', 'N/A', '832', '1', 'N/A', 'N/A', 'N/A', '', 'CAJA OTRO', 0, 3, '2019-11-21 09:41:42'),
(6248, '123464', 'HANNA CHICA 1', 'HANNA CHICA 1 (257X208X149)', 'N/A', '5936', '1', 'N/A', 'N/A', 'N/A', '', 'CAJA OTRO', 0, 3, '2019-11-21 09:41:42'),
(6247, '123464', 'HANNA CHICA 2', 'HANNA CHICA 2 (290X190X160)', 'N/A', '1498', '1', 'N/A', 'N/A', 'N/A', '', 'CAJA OTRO', 0, 3, '2019-11-21 09:41:42'),
(6246, '123464', 'HANNA CHICA 3', 'HANNA CHICA 3 (310X190X160)', 'N/A', '750', '1', 'N/A', 'N/A', 'N/A', '', 'CAJA OTRO', 0, 3, '2019-11-21 09:41:42'),
(6245, '123464', 'HANNA MEDIANA', 'HANNA MEDIANA (446X304X223)', 'N/A', '2261', '1', 'N/A', 'N/A', 'N/A', '', 'CAJA OTRO', 0, 3, '2019-11-21 09:41:42'),
(6244, '123464', 'JCOX-580*950', '43\\\' PAD (JCOX)', 'N/A', '3025', '1', 'N/A', 'N/A', 'N/A', '', 'CAJA OTRO', 0, 3, '2019-11-21 09:41:42'),
(6243, '123464', 'JCSB-543A', 'J.COX', 'N/A', '1946', '1', 'N/A', 'N/A', 'N/A', '', 'CAJA OTRO', 0, 3, '2019-11-21 09:41:42'),
(6242, '123464', 'KS PAD 1', '(KANG SEO) SEPARADOR 325*510', 'N/A', '4200', '1', 'N/A', 'N/A', 'N/A', '', 'CAJA OTRO', 0, 3, '2019-11-21 09:41:42'),
(6241, '123464', 'KS-BOX 6817', 'BOX 267*216*165 KANG SEO', 'N/A', '580', '1', 'N/A', 'N/A', 'N/A', '', 'CAJA OTRO', 0, 3, '2019-11-21 09:41:42'),
(6240, '123464', 'MCTN-L2G808-4', 'MCTN-L2G808-4 (EATON)', 'N/A', '1289', '1', 'N/A', 'N/A', 'N/A', '', 'CAJA OTRO', 0, 3, '2019-11-21 09:41:42'),
(6239, '123464', 'N001001404', '(PHANTOS) CAJA DE ACCESORIO', 'N/A', '7038', '1', 'N/A', 'N/A', 'N/A', '', 'CAJA OTRO', 0, 3, '2019-11-21 09:41:42'),
(6238, '123464', 'N001001405', '(PHANTOS) CAJA DE ACCESORIO', 'N/A', '918', '1', 'N/A', 'N/A', 'N/A', '', 'CAJA OTRO', 0, 3, '2019-11-21 09:41:42'),
(6237, '123464', 'OFD-0104C', '(OH- SUNG ELECTRONICS)  RSC GLUED CARTON INNER', 'N/A', '587', '1', 'N/A', 'N/A', 'N/A', '', 'CAJA OTRO', 0, 3, '2019-11-21 09:41:42'),
(6236, '123464', 'OFD-0104Z', '(OH- SUNG ELECTRONICS)  INNER BOX', 'N/A', '9159', '1', 'N/A', 'N/A', 'N/A', '', 'CAJA OTRO', 0, 3, '2019-11-21 09:41:42'),
(6235, '123464', 'OFD-0104Z-A', '(OH- SUNG ELECTRONICS) INNER BOX-LARGO', 'N/A', '504', '1', 'N/A', 'N/A', 'N/A', '', 'CAJA OTRO', 0, 3, '2019-11-21 09:41:42'),
(6234, '123464', 'OFD-0105B', '(OH- SUNG ELECTRONICS)  SEPARADOR OHSUNG', 'N/A', '237195', '1', 'N/A', 'N/A', 'N/A', '', 'CAJA OTRO', 0, 3, '2019-11-21 09:41:42'),
(6233, '123464', 'OFD-0105T', '(OH- SUNG ELECTRONICS)  PAD (310*470) OHSUNG', 'N/A', '19045', '1', 'N/A', 'N/A', 'N/A', '', 'CAJA OTRO', 0, 3, '2019-11-21 09:41:42'),
(6232, '123464', 'OFD-0383B', 'SEPARADOR OHS', 'N/A', '14199', '1', 'N/A', 'N/A', 'N/A', '', 'CAJA OTRO', 0, 3, '2019-11-21 09:41:42'),
(6231, '123464', 'OFD-0424A', 'SEPARADOR OHS', 'N/A', '6717', '1', 'N/A', 'N/A', 'N/A', '', 'CAJA OTRO', 0, 3, '2019-11-21 09:41:42'),
(6230, '123464', 'OFD-0425A', 'SEPARADOR OHS', 'N/A', '14080', '1', 'N/A', 'N/A', 'N/A', '', 'CAJA OTRO', 0, 3, '2019-11-21 09:41:42'),
(6229, '123464', 'OFD-0567A', '430*590 SEPARADOR', 'N/A', '995', '1', 'N/A', 'N/A', 'N/A', '', 'CAJA OTRO', 0, 3, '2019-11-21 09:41:42'),
(6228, '123464', 'OFD-0570A', 'SEPARADOR OHS', 'N/A', '21772', '1', 'N/A', 'N/A', 'N/A', '', 'CAJA OTRO', 0, 3, '2019-11-21 09:41:42'),
(6227, '123464', 'OFD-0718A', '(OH- SUNG ELECTRONICS)  SEPARADOR', 'N/A', '7040', '1', 'N/A', 'N/A', 'N/A', '', 'CAJA OTRO', 0, 3, '2019-11-21 09:41:42'),
(6226, '123464', 'OFD-0781A', 'OFD-0781A', 'N/A', '350', '1', 'N/A', 'N/A', 'N/A', '', 'CAJA OTRO', 0, 3, '2019-11-21 09:41:42'),
(6225, '123464', 'OH-SUNGDISPLAY 49', 'BOX OH-SUNG', 'N/A', '22', '1', 'N/A', 'N/A', 'N/A', '', 'CAJA OTRO', 0, 3, '2019-11-21 09:41:42'),
(6224, '123464', 'OHD-0086F', '(OH- SUNG ELECTRONICS) RSC GLUED CARTON BOX', 'N/A', '1388', '1', 'N/A', 'N/A', 'N/A', '', 'CAJA OTRO', 0, 3, '2019-11-21 09:41:42'),
(6223, '123464', 'OHD-0086Z', '(OH- SUNG ELECTRONICS)  OHSUNG', 'N/A', '7948', '1', 'N/A', 'N/A', 'N/A', '', 'CAJA OTRO', 0, 3, '2019-11-21 09:41:42'),
(6222, '123464', 'OHD-0086Z-MR', '(OH- SUNG ELECTRONICS) OHSUNG MED RECTIFICADA', 'N/A', '3301', '1', 'N/A', 'N/A', 'N/A', '', 'CAJA OTRO', 0, 3, '2019-11-21 09:41:42'),
(6221, '123464', 'OHD-0163A', 'RSC-BOX', 'N/A', '345', '1', 'N/A', 'N/A', 'N/A', '', 'CAJA OTRO', 0, 3, '2019-11-21 09:41:42'),
(6220, '123464', 'OHD-0226A', '(OH-DISPLAY)  CARTON INNER', 'N/A', '497', '1', 'N/A', 'N/A', 'N/A', '', 'CAJA OTRO', 0, 3, '2019-11-21 09:41:42'),
(6219, '123464', 'OHD-0227A', '(OH-DISPLAY)  CARTON BOX', 'N/A', '3933', '1', 'N/A', 'N/A', 'N/A', '', 'CAJA OTRO', 0, 3, '2019-11-21 09:41:42'),
(6218, '123464', 'OHD-49CAJA', '(OH-DISPLAY)  49 CAJA', 'N/A', '161', '1', 'N/A', 'N/A', 'N/A', '', 'CAJA OTRO', 0, 3, '2019-11-21 09:41:42'),
(6217, '123464', 'OHD-49TAPA', '(OH-DISPLAY) 49 TAPA', 'N/A', '356', '1', 'N/A', 'N/A', 'N/A', '', 'CAJA OTRO', 0, 3, '2019-11-21 09:41:42'),
(6216, '123464', 'PAD 44*44 ', 'PAD 44*44 (EATON)', 'N/A', '500', '1', 'N/A', 'N/A', 'N/A', '', 'CAJA OTRO', 0, 3, '2019-11-21 09:41:42'),
(6215, '123464', 'PK506038EN', 'PK506038EN (EATON)', 'N/A', '33', '1', 'N/A', 'N/A', 'N/A', '', 'CAJA OTRO', 0, 3, '2019-11-21 09:41:42'),
(6214, '123464', 'PK506039EN', 'PK506039EN (EATON)', 'N/A', '551', '1', 'N/A', 'N/A', 'N/A', '', 'CAJA OTRO', 0, 3, '2019-11-21 09:41:42'),
(6213, '123464', 'PK514016EN', 'PK514016EN', 'N/A', '192', '1', 'N/A', 'N/A', 'N/A', '', 'CAJA OTRO', 0, 3, '2019-11-21 09:41:42'),
(6212, '123464', 'PK514018EN', 'PK514018EN (EATON)', 'N/A', '2000', '1', 'N/A', 'N/A', 'N/A', '', 'CAJA OTRO', 0, 3, '2019-11-21 09:41:42'),
(6211, '123464', 'PK514019EN', 'PK514019EN (EATON)', 'N/A', '7183', '1', 'N/A', 'N/A', 'N/A', '', 'CAJA OTRO', 0, 3, '2019-11-21 09:41:42'),
(6210, '123464', 'PK514020EN', 'PK514020EN (EATON)', 'N/A', '2792', '1', 'N/A', 'N/A', 'N/A', '', 'CAJA OTRO', 0, 3, '2019-11-21 09:41:42'),
(6209, '123464', 'PK514022EN', 'PK514022EN (EATON)', 'N/A', '1240', '1', 'N/A', 'N/A', 'N/A', '', 'CAJA OTRO', 0, 3, '2019-11-21 09:41:42'),
(6208, '123464', 'PK514024EN', 'PK514024EN', 'N/A', '2310', '1', 'N/A', 'N/A', 'N/A', '', 'CAJA OTRO', 0, 3, '2019-11-21 09:41:42'),
(6207, '123464', 'PK514025EN', 'PK514025EN (EATON)', 'N/A', '326', '1', 'N/A', 'N/A', 'N/A', '', 'CAJA OTRO', 0, 3, '2019-11-21 09:41:42'),
(6206, '123464', 'PK514026EN', 'PK514026EN', 'N/A', '1008', '1', 'N/A', 'N/A', 'N/A', '', 'CAJA OTRO', 0, 3, '2019-11-21 09:41:42'),
(6205, '123464', 'PK514027EN', 'PK514027EN', 'N/A', '204', '1', 'N/A', 'N/A', 'N/A', '', 'CAJA OTRO', 0, 3, '2019-11-21 09:41:42'),
(6204, '123464', 'PK514028EN', 'PK514028EN', 'N/A', '1618', '1', 'N/A', 'N/A', 'N/A', '', 'CAJA OTRO', 0, 3, '2019-11-21 09:41:42'),
(6203, '123464', 'PK514042EN', 'PK514042EN (EATON)', 'N/A', '4856', '1', 'N/A', 'N/A', 'N/A', '', 'CAJA OTRO', 0, 3, '2019-11-21 09:41:42'),
(6202, '123464', 'PK514053EN', 'BOX EATON', 'N/A', '1353', '1', 'N/A', 'N/A', 'N/A', '', 'CAJA OTRO', 0, 3, '2019-11-21 09:41:42'),
(6201, '123464', 'PK514056EN', 'PK514056EN (EATON)', 'N/A', '3427', '1', 'N/A', 'N/A', 'N/A', '', 'CAJA OTRO', 0, 3, '2019-11-21 09:41:42'),
(6200, '123464', 'PK514057', 'PK514057EN (EATON)', 'N/A', '5126', '1', 'N/A', 'N/A', 'N/A', '', 'CAJA OTRO', 0, 3, '2019-11-21 09:41:42'),
(6199, '123464', 'PK514058EN', 'PK514058EN', 'N/A', '261', '1', 'N/A', 'N/A', 'N/A', '', 'CAJA OTRO', 0, 3, '2019-11-21 09:41:42'),
(6198, '123464', 'PK514067EN', 'PK514067EN (EATON)', 'N/A', '1149', '1', 'N/A', 'N/A', 'N/A', '', 'CAJA OTRO', 0, 3, '2019-11-21 09:41:42'),
(6197, '123464', 'PK514070EN', 'PK514070EN (EATON)', 'N/A', '2005', '1', 'N/A', 'N/A', 'N/A', '', 'CAJA OTRO', 0, 3, '2019-11-21 09:41:42'),
(6196, '123464', 'PK514072EN', 'PK514072EN (EATON)', 'N/A', '375', '1', 'N/A', 'N/A', 'N/A', '', 'CAJA OTRO', 0, 3, '2019-11-21 09:41:42'),
(6195, '123464', 'PK514074EN', 'PK514074EN (EATON)', 'N/A', '103', '1', 'N/A', 'N/A', 'N/A', '', 'CAJA OTRO', 0, 3, '2019-11-21 09:41:42'),
(6194, '123464', 'PK514075EN', 'PK514075EN (EATON)', 'N/A', '2448', '1', 'N/A', 'N/A', 'N/A', '', 'CAJA OTRO', 0, 3, '2019-11-21 09:41:42'),
(6193, '123464', 'PK514079EN', 'PK514079EN (EATON)', 'N/A', '375', '1', 'N/A', 'N/A', 'N/A', '', 'CAJA OTRO', 0, 3, '2019-11-21 09:41:42'),
(6192, '123464', 'PK514084EN', 'PK514084EN (EATON)', 'N/A', '339', '1', 'N/A', 'N/A', 'N/A', '', 'CAJA OTRO', 0, 3, '2019-11-21 09:41:42'),
(6191, '123464', 'PK517020EN', 'PK517020EN', 'N/A', '6426', '1', 'N/A', 'N/A', 'N/A', '', 'CAJA OTRO', 0, 3, '2019-11-21 09:41:42'),
(6190, '123464', 'PK517021EN', 'PK517021EN', 'N/A', '1269', '1', 'N/A', 'N/A', 'N/A', '', 'CAJA OTRO', 0, 3, '2019-11-21 09:41:42'),
(6189, '123464', 'PK517022EN', 'PK517022EN (EATON)', 'N/A', '3169', '1', 'N/A', 'N/A', 'N/A', '', 'CAJA OTRO', 0, 3, '2019-11-21 09:41:42'),
(6188, '123464', 'PK517023EN', 'PK517023EN', 'N/A', '300', '1', 'N/A', 'N/A', 'N/A', '', 'CAJA OTRO', 0, 3, '2019-11-21 09:41:42'),
(6187, '123464', 'PK517024EN', 'PK517024EN', 'N/A', '109', '1', 'N/A', 'N/A', 'N/A', '', 'CAJA OTRO', 0, 3, '2019-11-21 09:41:42'),
(6185, '123464', 'PK517027EN', 'PK517027EN', 'N/A', '9000', '1', 'N/A', 'N/A', 'N/A', '', 'CAJA OTRO', 0, 3, '2019-11-21 09:41:42'),
(6186, '123464', 'PK517025EN', 'PK517025EN', 'N/A', '6820', '1', 'N/A', 'N/A', 'N/A', '', 'CAJA OTRO', 0, 3, '2019-11-21 09:41:42'),
(6184, '123464', 'PK517029EN', 'PK517029EN', 'N/A', '2400', '1', 'N/A', 'N/A', 'N/A', '', 'CAJA OTRO', 0, 3, '2019-11-21 09:41:42'),
(6183, '123464', 'PK517030EN', 'PK517030EN', 'N/A', '6438', '1', 'N/A', 'N/A', 'N/A', '', 'CAJA OTRO', 0, 3, '2019-11-21 09:41:42'),
(6182, '123464', 'PK517031EN', 'PK517031EN', 'N/A', '10684', '1', 'N/A', 'N/A', 'N/A', '', 'CAJA OTRO', 0, 3, '2019-11-21 09:41:42'),
(6181, '123464', 'PK517032EN', 'PK517032EN (EATON)', 'N/A', '13704', '1', 'N/A', 'N/A', 'N/A', '', 'CAJA OTRO', 0, 3, '2019-11-21 09:41:42'),
(6180, '123464', 'PK517033EN', 'PK517033EN', 'N/A', '3080', '1', 'N/A', 'N/A', 'N/A', '', 'CAJA OTRO', 0, 3, '2019-11-21 09:41:42');
INSERT INTO `tbldocumento` (`iddocumento`, `identificador`, `numeroparte`, `modelo`, `revision`, `cantidadcajas`, `cantidadpallet`, `cliente`, `proveedor`, `locacion`, `fechaentrada`, `categoria`, `subido`, `idusuario`, `fecharegistro`) VALUES
(6179, '123464', 'PK517034EN', 'PK517034EN (EATON)', 'N/A', '10383', '1', 'N/A', 'N/A', 'N/A', '', 'CAJA OTRO', 0, 3, '2019-11-21 09:41:42'),
(6178, '123464', 'PK517052EN', 'PK517052EN', 'N/A', '100', '1', 'N/A', 'N/A', 'N/A', '', 'CAJA OTRO', 0, 3, '2019-11-21 09:41:42'),
(6177, '123464', 'PK517053EN', 'PK517053EN', 'N/A', '500', '1', 'N/A', 'N/A', 'N/A', '', 'CAJA OTRO', 0, 3, '2019-11-21 09:41:42'),
(6176, '123464', 'PK517060EN', 'PK517060EN', 'N/A', '22062', '1', 'N/A', 'N/A', 'N/A', '', 'CAJA OTRO', 0, 3, '2019-11-21 09:41:42'),
(6175, '123464', 'PK517061EN', 'PK517061EN', 'N/A', '3206', '1', 'N/A', 'N/A', 'N/A', '', 'CAJA OTRO', 0, 3, '2019-11-21 09:41:42'),
(6174, '123464', 'PK517062EN', 'PK517062EN', 'N/A', '2174', '1', 'N/A', 'N/A', 'N/A', '', 'CAJA OTRO', 0, 3, '2019-11-21 09:41:42'),
(6173, '123464', 'PK517063en', 'PK517063en', 'N/A', '9034', '1', 'N/A', 'N/A', 'N/A', '', 'CAJA OTRO', 0, 3, '2019-11-21 09:41:42'),
(6172, '123464', 'PK517073ML', 'PK517073ML (EATON)', 'N/A', '890', '1', 'N/A', 'N/A', 'N/A', '', 'CAJA OTRO', 0, 3, '2019-11-21 09:41:42'),
(6171, '123464', 'PK517076EN', 'PK517076EN (EATON)', 'N/A', '10399', '1', 'N/A', 'N/A', 'N/A', '', 'CAJA OTRO', 0, 3, '2019-11-21 09:41:42'),
(6170, '123464', 'PK517077ML', 'PK517077ML (EATON)', 'N/A', '4400', '1', 'N/A', 'N/A', 'N/A', '', 'CAJA OTRO', 0, 3, '2019-11-21 09:41:42'),
(6169, '123464', 'PK517078ML', 'PK517078ML (EATON)', 'N/A', '4400', '1', 'N/A', 'N/A', 'N/A', '', 'CAJA OTRO', 0, 3, '2019-11-21 09:41:42'),
(6168, '123464', 'PK517079ML', 'PK517079ML(EATON)', 'N/A', '180', '1', 'N/A', 'N/A', 'N/A', '', 'CAJA OTRO', 0, 3, '2019-11-21 09:41:42'),
(6167, '123464', 'PK517081ML', 'PK517081ML (EATON)', 'N/A', '2609', '1', 'N/A', 'N/A', 'N/A', '', 'CAJA OTRO', 0, 3, '2019-11-21 09:41:42'),
(6166, '123464', 'PK517082ML', 'PK517082ML (EATON)', 'N/A', '980', '1', 'N/A', 'N/A', 'N/A', '', 'CAJA OTRO', 0, 3, '2019-11-21 09:41:42'),
(6165, '123464', 'PK517083ML', 'PK517083ML (EATON)', 'N/A', '2000', '1', 'N/A', 'N/A', 'N/A', '', 'CAJA OTRO', 0, 3, '2019-11-21 09:41:42'),
(6164, '123464', 'PK517084ML', 'PK517084ML (EATON)', 'N/A', '2114', '1', 'N/A', 'N/A', 'N/A', '', 'CAJA OTRO', 0, 3, '2019-11-21 09:41:42'),
(6163, '123464', 'PK517091ML', 'PK517091ML (EATON)', 'N/A', '236', '1', 'N/A', 'N/A', 'N/A', '', 'CAJA OTRO', 0, 3, '2019-11-21 09:41:42'),
(6162, '123464', 'PK517092ML', 'PK517092ML', 'N/A', '75', '1', 'N/A', 'N/A', 'N/A', '', 'CAJA OTRO', 0, 3, '2019-11-21 09:41:42'),
(6161, '123464', 'PK517093ML', 'PK517093ML (EATON)', 'N/A', '17', '1', 'N/A', 'N/A', 'N/A', '', 'CAJA OTRO', 0, 3, '2019-11-21 09:41:42'),
(6160, '123464', 'PK517099ML', 'PK517099ML (EATON)', 'N/A', '1500', '1', 'N/A', 'N/A', 'N/A', '', 'CAJA OTRO', 0, 3, '2019-11-21 09:41:42'),
(6159, '123464', 'PK517102ML', 'PK517102ML (EATON)', 'N/A', '1142', '1', 'N/A', 'N/A', 'N/A', '', 'CAJA OTRO', 0, 3, '2019-11-21 09:41:42'),
(6158, '123464', 'PK517105ML', 'PK517105ML', 'N/A', '1035', '1', 'N/A', 'N/A', 'N/A', '', 'CAJA OTRO', 0, 3, '2019-11-21 09:41:42'),
(6157, '123464', 'PK518549ML', 'PK518549ML', 'N/A', '250', '1', 'N/A', 'N/A', 'N/A', '', 'CAJA OTRO', 0, 3, '2019-11-21 09:41:42'),
(6156, '123464', 'PK518787ML', 'PK518787ML (EATON)', 'N/A', '725', '1', 'N/A', 'N/A', 'N/A', '', 'CAJA OTRO', 0, 3, '2019-11-21 09:41:42'),
(6155, '123464', 'PK518788ML', 'EATON', 'N/A', '300', '1', 'N/A', 'N/A', 'N/A', '', 'CAJA OTRO', 0, 3, '2019-11-21 09:41:42'),
(6154, '123464', 'PK518795ML', 'EATON', 'N/A', '3560', '1', 'N/A', 'N/A', 'N/A', '', 'CAJA OTRO', 0, 3, '2019-11-21 09:41:42'),
(6153, '123464', 'PK520049ML', 'PK520049ML', 'N/A', '634', '1', 'N/A', 'N/A', 'N/A', '', 'CAJA OTRO', 0, 3, '2019-11-21 09:41:42'),
(6152, '123464', 'PK520073ML', 'LED-PORTFOLIO EATON', 'N/A', '2900', '1', 'N/A', 'N/A', 'N/A', '', 'CAJA OTRO', 0, 3, '2019-11-21 09:41:42'),
(6151, '123464', 'PK520074ML', 'LED-OUT BOX EATON', 'N/A', '867', '1', 'N/A', 'N/A', 'N/A', '', 'CAJA OTRO', 0, 3, '2019-11-21 09:41:42'),
(6150, '123464', 'PK520078ML', 'PK520078ML', 'N/A', '2318', '1', 'N/A', 'N/A', 'N/A', '', 'CAJA OTRO', 0, 3, '2019-11-21 09:41:42'),
(6149, '123464', 'PK520079ML', 'PK520079ML (EATON)', 'N/A', '516', '1', 'N/A', 'N/A', 'N/A', '', 'CAJA OTRO', 0, 3, '2019-11-21 09:41:42'),
(6148, '123464', 'PK520080ML', 'PK520080ML', 'N/A', '45', '1', 'N/A', 'N/A', 'N/A', '', 'CAJA OTRO', 0, 3, '2019-11-21 09:41:42'),
(6146, '123464', 'PK526434MLCTN', 'PK526434MLCTN  EATON', 'N/A', '153', '1', 'N/A', 'N/A', 'N/A', '', 'CAJA OTRO', 0, 3, '2019-11-21 09:41:42'),
(6147, '123464', 'PK526329ML', 'PK526329ML EATON', 'N/A', '3785', '1', 'N/A', 'N/A', 'N/A', '', 'CAJA OTRO', 0, 3, '2019-11-21 09:41:42'),
(6145, '123464', 'PK526762ML', ' PK526762ML (EATON)', 'N/A', '1800', '1', 'N/A', 'N/A', 'N/A', '', 'CAJA OTRO', 0, 3, '2019-11-21 09:41:42'),
(6144, '123464', 'PK526767ML', 'EATON', 'N/A', '4251', '1', 'N/A', 'N/A', 'N/A', '', 'CAJA OTRO', 0, 3, '2019-11-21 09:41:42'),
(6143, '123464', 'PK527673ML', 'PK527673ML', 'N/A', '605', '1', 'N/A', 'N/A', 'N/A', '', 'CAJA OTRO', 0, 3, '2019-11-21 09:41:42'),
(6142, '123464', 'RASTAFRI BOX', 'RASTAFRI BOX DDCAM', 'N/A', '2357', '1', 'N/A', 'N/A', 'N/A', '', 'CAJA OTRO', 0, 3, '2019-11-21 09:41:42'),
(6141, '123464', 'RASTAFRI JUMBO', 'JUMBO (DDCAM)', 'N/A', '1007', '1', 'N/A', 'N/A', 'N/A', '', 'CAJA OTRO', 0, 3, '2019-11-21 09:41:42'),
(6140, '123464', 'RASTAFRI RAPUNSEL', 'RAPUNSEL (DDCAM)', 'N/A', '132', '1', 'N/A', 'N/A', 'N/A', '', 'CAJA OTRO', 0, 3, '2019-11-21 09:41:42'),
(6138, '123464', 'S4649CTN', 'S4649CTN', 'N/A', '1506', '1', 'N/A', 'N/A', 'N/A', '', 'CAJA OTRO', 0, 3, '2019-11-21 09:41:42'),
(6139, '123464', 'RASTAFRI TRIPLE', 'RASTAFRI TRIPLE (DDCAM)', 'N/A', '196', '1', 'N/A', 'N/A', 'N/A', '', 'CAJA OTRO', 0, 3, '2019-11-21 09:41:42'),
(6137, '123464', 'SEPARADOR 1 (OH-DISPLAY)', '547*547*580', 'N/A', '43080', '1', 'N/A', 'N/A', 'N/A', '', 'CAJA OTRO', 0, 3, '2019-11-21 09:41:42'),
(6136, '123464', 'SEPARADOR 2 (OH-DISPLAY)', '547*547*580', 'N/A', '20689', '1', 'N/A', 'N/A', 'N/A', '', 'CAJA OTRO', 0, 3, '2019-11-21 09:41:42'),
(6135, '123464', 'SEPARADOR DDCAM RASTAFRI', '635*285', 'N/A', '17978', '1', 'N/A', 'N/A', 'N/A', '', 'CAJA OTRO', 0, 3, '2019-11-21 09:41:42'),
(6134, '123464', 'SEPARADOR JUMBO ', '368*660 DDCAM', 'N/A', '12800', '1', 'N/A', 'N/A', 'N/A', '', 'CAJA OTRO', 0, 3, '2019-11-21 09:41:42'),
(6133, '123464', 'SEPARADOR PAD 3', '542*542 OH DISPLAY', 'N/A', '6470', '1', 'N/A', 'N/A', 'N/A', '', 'CAJA OTRO', 0, 3, '2019-11-21 09:41:42'),
(6132, '123464', 'SILKY SLEEVE', 'RASTAFRI', 'N/A', '17337', '1', 'N/A', 'N/A', 'N/A', '', 'CAJA OTRO', 0, 3, '2019-11-21 09:41:42'),
(6131, '123464', 'UCL2G808-3', 'UCL2G808-3 (EATON)', 'N/A', '488', '1', 'N/A', 'N/A', 'N/A', '', 'CAJA OTRO', 0, 3, '2019-11-21 09:41:42'),
(6130, '123464', 'wow meats box', '1045*1045 box', 'N/A', '4200', '1', 'N/A', 'N/A', 'N/A', '', 'CAJA OTRO', 0, 3, '2019-11-21 09:41:42'),
(6129, '123464', 'MAY65725401', 'Caja/Accesorios', 'N/A', '1750', '1', 'LG', 'N/A', 'N/A', '', 'CAJA MONITOR', 0, 3, '2019-11-21 09:41:42'),
(6128, '123464', 'MAY65776403', '23CAV42', 'N/A', '512', '1', 'LG', 'N/A', 'N/A', '', 'CAJA MONITOR', 0, 3, '2019-11-21 09:41:42'),
(6127, '123464', 'MAY65831601', 'CBV42-BL', 'N/A', '481', '1', 'LG', 'N/A', 'N/A', '', 'CAJA MONITOR', 0, 3, '2019-11-21 09:41:42'),
(6126, '123464', 'MAY66251053', 'BOTTOM (55LV)', 'N/A', '948', '1', 'LG', 'N/A', 'N/A', '', 'CAJA MONITOR', 0, 3, '2019-11-21 09:41:42'),
(6125, '123464', 'MAY66269802', '24MB35D-BE/24MB35DM-BF/', 'N/A', '215', '1', 'LG', 'N/A', 'N/A', '', 'CAJA MONITOR', 0, 3, '2019-11-21 09:41:42'),
(6123, '123464', 'MAY67098301', '22MB35', 'N/A', '127', '1', 'LG', 'N/A', 'N/A', '', 'CAJA MONITOR', 0, 3, '2019-11-21 09:41:42'),
(6124, '123464', 'MAY66270002', '24MB35P', 'N/A', '1047', '1', 'LG', 'N/A', 'N/A', '', 'CAJA MONITOR', 0, 3, '2019-11-21 09:41:42'),
(6122, '123464', 'MAY67098302', '22MB35P-IE/22MB35PU-IH/', 'N/A', '937', '1', 'LG', 'N/A', 'N/A', '', 'CAJA MONITOR', 0, 3, '2019-11-21 09:41:42'),
(6121, '123464', 'MAY67127901', '24CAV37K-BL/', 'N/A', '559', '1', 'LG', 'N/A', 'N/A', '', 'CAJA MONITOR', 0, 3, '2019-11-21 09:41:42'),
(6119, '123464', 'MAY67478804', '24LH4830', 'N/A', '1156', '1', 'LG', 'N/A', 'N/A', '', 'CAJA MONITOR', 0, 3, '2019-11-21 09:41:42'),
(6120, '123464', 'MAY67328803', '49SE3B', 'N/A', '80', '1', 'LG', 'N/A', 'N/A', '', 'CAJA MONITOR', 0, 3, '2019-11-21 09:41:42'),
(6118, '123464', 'MAY67549803', 'PAD', 'N/A', '1367', '1', 'LG', 'N/A', 'N/A', '', 'CAJA MONITOR', 0, 3, '2019-11-21 09:41:42'),
(6117, '123464', 'MAY67649801', '27MD5KL (accessory)', 'N/A', '57', '1', 'LG', 'N/A', 'N/A', '', 'CAJA MONITOR', 0, 3, '2019-11-21 09:41:42'),
(6115, '123464', 'MAY67712303', '24BK55', 'N/A', '3777', '1', 'LG', 'N/A', 'N/A', '', 'CAJA MONITOR', 0, 3, '2019-11-21 09:41:42'),
(6116, '123464', 'MAY67695801', '20MT49', 'N/A', '1055', '1', 'LG', 'N/A', 'N/A', '', 'CAJA MONITOR', 0, 3, '2019-11-21 09:41:42'),
(6114, '123464', 'MAY67712403', '27BK55', 'N/A', '755', '1', 'LG', 'N/A', 'N/A', '', 'CAJA MONITOR', 0, 3, '2019-11-21 09:41:42'),
(6112, '123464', 'MAY67713002', '24LJ4540', 'N/A', '644', '1', 'LG', 'N/A', 'N/A', '', 'CAJA MONITOR', 0, 3, '2019-11-21 09:41:42'),
(6113, '123464', 'MAY67713001', '22LJ4540', 'N/A', '1441', '1', 'LG', 'N/A', 'N/A', '', 'CAJA MONITOR', 0, 3, '2019-11-21 09:41:42'),
(6111, '123464', 'MAY67713006', '24LJ4540-W', 'N/A', '416', '1', 'LG', 'N/A', 'N/A', '', 'CAJA MONITOR', 0, 3, '2019-11-21 09:41:42'),
(6109, '123464', 'MAY68028001', '43UM79', 'N/A', '313', '1', 'LG', 'N/A', 'N/A', '', 'CAJA MONITOR', 0, 3, '2019-11-21 09:41:42'),
(6110, '123464', 'MAY67858401', '28MT49S', 'N/A', '486', '1', 'LG', 'N/A', 'N/A', '', 'CAJA MONITOR', 0, 3, '2019-11-21 09:41:42'),
(6108, '123464', 'MAY68189102', '24LT572MBUB', 'N/A', '378', '1', 'LG', 'N/A', 'N/A', '', 'CAJA MONITOR', 0, 3, '2019-11-21 09:41:42'),
(6107, '123464', 'MAY68272606', '32MU59', 'N/A', '1151', '1', 'LG', 'N/A', 'N/A', '', 'CAJA MONITOR', 0, 3, '2019-11-21 09:41:42'),
(6105, '123464', 'MAY68451702', '28LK430B', 'N/A', '615', '1', 'LG', 'N/A', 'N/A', '', 'CAJA MONITOR', 0, 3, '2019-11-21 09:41:42'),
(6106, '123464', 'MAY68351001', '22TK410A', 'N/A', '746', '1', 'LG', 'N/A', 'N/A', '', 'CAJA MONITOR', 0, 3, '2019-11-21 09:41:42'),
(6104, '123464', 'MAY68520603', '24TK410D', 'N/A', '2586', '1', 'LG', 'N/A', 'N/A', '', 'CAJA MONITOR', 0, 3, '2019-11-21 09:41:42'),
(6103, '123464', 'MAY68635802', '27BK430', 'N/A', '412', '1', 'LG', 'N/A', 'N/A', '', 'CAJA MONITOR', 0, 3, '2019-11-21 09:41:42'),
(6102, '123464', 'MAY68650502', '24CK550', 'N/A', '500', '1', 'LG', 'N/A', 'N/A', '', 'CAJA MONITOR', 0, 3, '2019-11-21 09:41:42'),
(6100, '123464', 'MAY68728605', '24TL520A', 'N/A', '301', '1', 'LG', 'N/A', 'N/A', '', 'CAJA MONITOR', 0, 3, '2019-11-21 09:41:42'),
(6101, '123464', 'MAY68728604', '24TL520D-PU/', 'N/A', '689', '1', 'LG', 'N/A', 'N/A', '', 'CAJA MONITOR', 0, 3, '2019-11-21 09:41:42'),
(6099, '123464', 'MAY68728607', '24TL520S-PU/', 'N/A', '1728', '1', 'LG', 'N/A', 'N/A', '', 'CAJA MONITOR', 0, 3, '2019-11-21 09:41:42'),
(6098, '123464', 'MAY68728608', '24TL520D-WU/', 'N/A', '437', '1', 'LG', 'N/A', 'N/A', '', 'CAJA MONITOR', 0, 3, '2019-11-21 09:41:42'),
(6096, '123464', 'MAY68728611', '24TL520V-PD/', 'N/A', '101', '1', 'LG', 'N/A', 'N/A', '', 'CAJA MONITOR', 0, 3, '2019-11-21 09:41:42'),
(6097, '123464', 'MAY68728609', '24TL520D', 'N/A', '658', '1', 'LG', 'N/A', 'N/A', '', 'CAJA MONITOR', 0, 3, '2019-11-21 09:41:42'),
(6094, '123464', 'MAY68728613', '24TL520A', 'N/A', '2619', '1', 'LG', 'N/A', 'N/A', '', 'CAJA MONITOR', 0, 3, '2019-11-21 09:41:42'),
(6095, '123464', 'MAY68728612', '24TL520V', 'N/A', '45', '1', 'LG', 'N/A', 'N/A', '', 'CAJA MONITOR', 0, 3, '2019-11-21 09:41:42'),
(6092, '123464', 'MAY68749101', '24MD4KL', 'N/A', '112', '1', 'LG', 'N/A', 'N/A', '', 'CAJA MONITOR', 0, 3, '2019-11-21 09:41:42'),
(6093, '123464', 'MAY68749001', '24MD4KL', 'N/A', '40', '1', 'LG', 'N/A', 'N/A', '', 'CAJA MONITOR', 0, 3, '2019-11-21 09:41:42'),
(6091, '123464', 'MAY69007810', '27BL55U', 'N/A', '211', '1', 'LG', 'N/A', 'N/A', '', 'CAJA MONITOR', 0, 3, '2019-11-21 09:41:42'),
(6090, '123464', 'MAY69319802', '22BL450', 'N/A', '228', '1', 'LG', 'N/A', 'N/A', '', 'CAJA MONITOR', 0, 3, '2019-11-21 09:41:42'),
(6088, '123464', 'MAY69320307', '28LM430B-PU', 'N/A', '48', '1', 'LG', 'N/A', 'N/A', '', 'CAJA MONITOR', 0, 3, '2019-11-21 09:41:42'),
(6089, '123464', 'MAY69320303', '28TL430D', 'N/A', '488', '1', 'LG', 'N/A', 'N/A', '', 'CAJA MONITOR', 0, 3, '2019-11-21 09:41:42'),
(6087, '123464', 'MAY69321202', '34BL85C', 'N/A', '207', '1', 'LG', 'N/A', 'N/A', '', 'CAJA MONITOR', 0, 3, '2019-11-21 09:41:42'),
(6085, '123464', 'MAY69329102', '24LM520S-W', 'N/A', '2356', '1', 'LG', 'N/A', 'N/A', '', 'CAJA MONITOR', 0, 3, '2019-11-21 09:41:42'),
(6086, '123464', 'MAY69329101', '24LM520D-WU', 'N/A', '1199', '1', 'LG', 'N/A', 'N/A', '', 'CAJA MONITOR', 0, 3, '2019-11-21 09:41:42'),
(6084, '123464', 'MAY69332302', '27BL450', 'N/A', '226', '1', 'LG', 'N/A', 'N/A', '', 'CAJA MONITOR', 0, 3, '2019-11-21 09:41:42'),
(6082, '123464', 'MAY69370001', '28LM520S-W', 'N/A', '1244', '1', 'LG', 'N/A', 'N/A', '', 'CAJA MONITOR', 0, 3, '2019-11-21 09:41:42'),
(6083, '123464', 'MAY69363403', 'N/A', 'N/A', '859', '1', 'LG', 'N/A', 'N/A', '', 'CAJA MONITOR', 0, 3, '2019-11-21 09:41:42'),
(6081, '123464', 'MAY69373302', '27BL650C', 'N/A', '265', '1', 'LG', 'N/A', 'N/A', '', 'CAJA MONITOR', 0, 3, '2019-11-21 09:41:42'),
(6080, '123464', 'MAY69380202', '24BL450', 'N/A', '409', '1', 'LG', 'N/A', 'N/A', '', 'CAJA MONITOR', 0, 3, '2019-11-21 09:41:42'),
(6079, '123464', 'MAY69388902', '24BL650C', 'N/A', '497', '1', 'LG', 'N/A', 'N/A', '', 'CAJA MONITOR', 0, 3, '2019-11-21 09:41:42'),
(6078, '123464', 'MAY69428201', '28TL525S', 'N/A', '168', '1', 'LG', 'N/A', 'N/A', '', 'CAJA MONITOR', 0, 3, '2019-11-21 09:41:42'),
(6076, '123464', 'MAY69610903', '55VH7E-AH/55VM5E-AJ', 'N/A', '73', '1', 'LG', 'N/A', 'N/A', '', 'CAJA MONITOR', 0, 3, '2019-11-21 09:41:42'),
(6077, '123464', 'MAY69429502', '24CK550', 'N/A', '421', '1', 'LG', 'N/A', 'N/A', '', 'CAJA MONITOR', 0, 3, '2019-11-21 09:41:42'),
(6075, '123464', 'MFZ55267505', 'PAD 795* 1390 ', 'N/A', '190', '1', 'LG', 'N/A', 'N/A', '', 'SEPARADOR', 0, 3, '2019-11-21 09:41:42'),
(6073, '123464', 'MFZ55267508', 'PAD 696* 1024', 'N/A', '2636', '1', 'LG', 'N/A', 'N/A', '', 'SEPARADOR', 0, 3, '2019-11-21 09:41:42'),
(6074, '123464', 'MFZ55267507', 'PAD 972* 1193', 'N/A', '821', '1', 'LG', 'N/A', 'N/A', '', 'SEPARADOR', 0, 3, '2019-11-21 09:41:42'),
(6072, '123464', 'MFZ65495101', 'SEPARADOR RG', 'N/A', '129', '1', 'LG', 'N/A', 'N/A', '', 'SEPARADOR', 0, 3, '2019-11-21 09:41:42'),
(6071, '123464', 'MAY65632418', 'BOTTOM (65UHSE)', 'N/A', '87', '1', 'LG', 'N/A', 'N/A', '', 'CAJA TV', 0, 3, '2019-11-21 09:41:42'),
(6069, '123464', 'MAY67055203', '43SE3B', 'N/A', '451', '1', 'LG', 'N/A', 'N/A', '', 'CAJA TV', 0, 3, '2019-11-21 09:41:42'),
(6070, '123464', 'MAY66389502', '28LY560M-UA', 'N/A', '578', '1', 'LG', 'N/A', 'N/A', '', 'CAJA TV', 0, 3, '2019-11-21 09:41:42'),
(6068, '123464', 'MAY67089302', '40LX570H-UA', 'N/A', '506', '1', 'LG', 'N/A', 'N/A', '', 'CAJA TV', 0, 3, '2019-11-21 09:41:42'),
(6067, '123464', 'MAY67307703', '55LV / 55VH', 'N/A', '291', '1', 'LG', 'N/A', 'N/A', '', 'CAJA TV', 0, 3, '2019-11-21 09:41:42'),
(6066, '123464', 'MAY67328203', '55SE3B', 'N/A', '34', '1', 'LG', 'N/A', 'N/A', '', 'CAJA TV', 0, 3, '2019-11-21 09:41:42'),
(6065, '123464', 'MAY67414601', '43LH65', 'N/A', '41', '1', 'LG', 'N/A', 'N/A', '', 'CAJA TV', 0, 3, '2019-11-21 09:41:42'),
(6063, '123464', 'MAY67654301', '32LJ61', 'N/A', '214', '1', 'LG', 'N/A', 'N/A', '', 'CAJA TV', 0, 3, '2019-11-21 09:41:42'),
(6064, '123464', 'MAY67414602', '43LH65', 'N/A', '650', '1', 'LG', 'N/A', 'N/A', '', 'CAJA TV', 0, 3, '2019-11-21 09:41:42'),
(6062, '123464', 'MAY67654302', '32LJ51', 'N/A', '1655', '1', 'LG', 'N/A', 'N/A', '', 'CAJA TV', 0, 3, '2019-11-21 09:41:42'),
(6061, '123464', 'MAY67711802', '49LT340C0UB', 'N/A', '290', '1', 'LG', 'N/A', 'N/A', '', 'CAJA TV', 0, 3, '2019-11-21 09:41:42'),
(6060, '123464', 'MAY67839902', '49LT340H0UA', 'N/A', '674', '1', 'LG', 'N/A', 'N/A', '', 'CAJA TV', 0, 3, '2019-11-21 09:41:42'),
(6059, '123464', 'MAY67855402', '32LV34', 'N/A', '607', '1', 'LG', 'N/A', 'N/A', '', 'CAJA TV', 0, 3, '2019-11-21 09:41:42'),
(6057, '123464', 'MAY68273501', '43LK61', 'N/A', '378', '1', 'LG', 'N/A', 'N/A', '', 'CAJA TV', 0, 3, '2019-11-21 09:41:42'),
(6058, '123464', 'MAY67894402', '43LV761H', 'N/A', '1175', '1', 'LG', 'N/A', 'N/A', '', 'CAJA TV', 0, 3, '2019-11-21 09:41:42'),
(6055, '123464', 'MAY68496601', '49LK57', 'N/A', '783', '1', 'LG', 'N/A', 'N/A', '', 'CAJA TV', 0, 3, '2019-11-21 09:41:42'),
(6056, '123464', 'MAY68273502', '43LU340C', 'N/A', '1761', '1', 'LG', 'N/A', 'N/A', '', 'CAJA TV', 0, 3, '2019-11-21 09:41:42'),
(6053, '123464', 'MAY68589801', '43UK63', 'N/A', '37', '1', 'LG', 'N/A', 'N/A', '', 'CAJA TV', 0, 3, '2019-11-21 09:41:42'),
(6054, '123464', 'MAY68514301', '34BL650-BK', 'N/A', '332', '1', 'LG', 'N/A', 'N/A', '', 'CAJA TV', 0, 3, '2019-11-21 09:41:42'),
(6052, '123464', 'MAY68608101', '42 LCD SVC', 'N/A', '732', '1', 'LG', 'N/A', 'N/A', '', 'CAJA TV', 0, 3, '2019-11-21 09:41:42'),
(6051, '123464', 'MAY68608102', '50 LCD SVC', 'N/A', '311', '1', 'LG', 'N/A', 'N/A', '', 'CAJA TV', 0, 3, '2019-11-21 09:41:42'),
(6050, '123464', 'MAY68748701', '43UK60', 'N/A', '85', '1', 'LG', 'N/A', 'N/A', '', 'CAJA TV', 0, 3, '2019-11-21 09:41:42'),
(6049, '123464', 'MAY69307901', '50UM73', 'N/A', '87', '1', 'LG', 'N/A', 'N/A', '', 'CAJA TV', 0, 3, '2019-11-21 09:41:42'),
(6048, '123464', 'MAY69313101', '43ML57', 'N/A', '320', '1', 'LG', 'N/A', 'N/A', '', 'CAJA TV', 0, 3, '2019-11-21 09:41:42'),
(6047, '123464', 'MAY69313201', '43UM73', 'N/A', '5986', '1', 'LG', 'N/A', 'N/A', '', 'CAJA TV', 0, 3, '2019-11-21 09:41:42'),
(6046, '123464', 'MAY69318901', '43UM71', 'N/A', '2123', '1', 'LG', 'N/A', 'N/A', '', 'CAJA TV', 0, 3, '2019-11-21 09:41:42'),
(6045, '123464', 'MAY69320308', '28LM400B-PU', 'N/A', '3540', '1', 'LG', 'N/A', 'N/A', '', 'CAJA TV', 0, 3, '2019-11-21 09:41:42'),
(6044, '123464', 'MAY69328502', '43LM63', 'N/A', '169', '1', 'LG', 'N/A', 'N/A', '', 'CAJA TV', 0, 3, '2019-11-21 09:41:42'),
(6043, '123464', 'MAY69329002', '32LM570BPUA', 'N/A', '1503', '1', 'LG', 'N/A', 'N/A', '', 'CAJA TV', 0, 3, '2019-11-21 09:41:42'),
(6042, '123464', 'MAY69332601', '50UM73', 'N/A', '437', '1', 'LG', 'N/A', 'N/A', '', 'CAJA TV', 0, 3, '2019-11-21 09:41:42'),
(6041, '123464', 'MAY69333503', '49UT761UH', 'N/A', '704', '1', 'LG', 'N/A', 'N/A', '', 'CAJA TV', 0, 3, '2019-11-21 09:41:42'),
(6040, '123464', 'MAY69333701', '50UM74', 'N/A', '483', '1', 'LG', 'N/A', 'N/A', '', 'CAJA TV', 0, 3, '2019-11-21 09:41:42'),
(6039, '123464', 'MAY69349001', '49UM73', 'N/A', '142', '1', 'LG', 'N/A', 'N/A', '', 'CAJA TV', 0, 3, '2019-11-21 09:41:42'),
(6038, '123464', 'MAY69351001', '49SM86 ', 'N/A', '1832', '1', 'LG', 'N/A', 'N/A', '', 'CAJA TV', 0, 3, '2019-11-21 09:41:42'),
(6037, '123464', 'MAY69351301', '32LM630', 'N/A', '5492', '1', 'LG', 'N/A', 'N/A', '', 'CAJA TV', 0, 3, '2019-11-21 09:41:42'),
(6036, '123464', 'MAY69351901', '49UM73', 'N/A', '3116', '1', 'LG', 'N/A', 'N/A', '', 'CAJA TV', 0, 3, '2019-11-21 09:41:42'),
(6035, '123464', 'MAY69353101', '50UM73', 'N/A', '1993', '1', 'LG', 'N/A', 'N/A', '', 'CAJA TV', 0, 3, '2019-11-21 09:41:42'),
(6034, '123464', 'MAY69353601', '49UM73', 'N/A', '757', '1', 'LG', 'N/A', 'N/A', '', 'CAJA TV', 0, 3, '2019-11-21 09:41:42'),
(6033, '123464', 'MAY69356101', '43UM73', 'N/A', '269', '1', 'LG', 'N/A', 'N/A', '', 'CAJA TV', 0, 3, '2019-11-21 09:41:42'),
(6032, '123464', 'MAY69360001', '49UM69', 'N/A', '574', '1', 'LG', 'N/A', 'N/A', '', 'CAJA TV', 0, 3, '2019-11-21 09:41:42'),
(6031, '123464', 'MAY69360002', '49UM69', 'N/A', '1172', '1', 'LG', 'N/A', 'N/A', '', 'CAJA TV', 0, 3, '2019-11-21 09:41:42'),
(6030, '123464', 'MAY69373701', '49SM80', 'N/A', '1010', '1', 'LG', 'N/A', 'N/A', '', 'CAJA TV', 0, 3, '2019-11-21 09:41:42'),
(6029, '123464', 'MAY69374303', '43UT570HOUA', 'N/A', '186', '1', 'LG', 'N/A', 'N/A', '', 'CAJA TV', 0, 3, '2019-11-21 09:41:42'),
(6028, '123464', 'MAY69374701', '50UM73', 'N/A', '3874', '1', 'LG', 'N/A', 'N/A', '', 'CAJA TV', 0, 3, '2019-11-21 09:41:42'),
(6027, '123464', 'MAY69375504', '43UM7300PDA', 'N/A', '193', '1', 'LG', 'N/A', 'N/A', '', 'CAJA TV', 0, 3, '2019-11-21 09:41:42'),
(6026, '123464', 'MAY69380802', '43UM69', 'N/A', '267', '1', 'LG', 'N/A', 'N/A', '', 'CAJA TV', 0, 3, '2019-11-21 09:41:42'),
(6025, '123464', 'MAY69380803', '43UM79', 'N/A', '19591', '1', 'LG', 'N/A', 'N/A', '', 'CAJA TV', 0, 3, '2019-11-21 09:41:42'),
(6024, '123464', 'MAY69381001', '49UM71', 'N/A', '1110', '1', 'LG', 'N/A', 'N/A', '', 'CAJA TV', 0, 3, '2019-11-21 09:41:42'),
(6023, '123464', 'MAY69431901', '49UM69', 'N/A', '1034', '1', 'LG', 'N/A', 'N/A', '', 'CAJA TV', 0, 3, '2019-11-21 09:41:42'),
(6022, '123464', 'MAY68589801', '43UK6300', 'N/A', '910', '1', 'N/A', 'WOORI', 'AREA LITHO', '', 'LITHO', 0, 3, '2019-11-21 09:41:42'),
(6021, '123464', 'MAY68748701', '43UK60 ONE LITHO', 'N/A', '1100', '1', 'N/A', 'WOORI/FOSTER', 'AREA LITHO', '', 'LITHO', 0, 3, '2019-11-21 09:41:42'),
(6020, '123464', 'MAY68748902 BACK', '24MD4KL', 'N/A', '1670', '1', 'N/A', 'WOORI', 'AREA LITHO', '', 'LITHO', 0, 3, '2019-11-21 09:41:42'),
(6019, '123464', 'MAY68748902 FRONT', '24MD4KL', 'N/A', '1760', '1', 'N/A', 'WOORI', 'AREA LITHO', '', 'LITHO', 0, 3, '2019-11-21 09:41:42'),
(6018, '123464', 'MAY69332601 1.1', '50UM7310PUA', 'N/A', '5500', '1', 'N/A', 'WOORI', 'AREA LITHO', '', 'LITHO', 0, 3, '2019-11-21 09:41:42'),
(6017, '123464', 'MAY69333701', '50M7400PUA', 'N/A', '2650', '1', 'N/A', 'WOORI', 'AREA LITHO', '', 'LITHO', 0, 3, '2019-11-21 09:41:42'),
(6016, '123464', 'MAY69349001', '49UM7300AUE ONE LITHO', 'N/A', '80', '1', 'N/A', 'WOORI', 'AREA LITHO', '', 'LITHO', 0, 3, '2019-11-21 09:41:42'),
(6015, '123464', 'MAY69349001 1.1', '49UM7300', 'N/A', '3620', '1', 'N/A', 'WOORI', 'AREA LITHO', '', 'LITHO', 0, 3, '2019-11-21 09:41:42'),
(6014, '123464', 'MAY69351001', '49SM86 LITHO LABEL NEW', 'N/A', '2210', '1', 'N/A', 'WOORI', 'AREA LITHO', '', 'LITHO', 0, 3, '2019-11-21 09:41:42'),
(6013, '123464', 'MAY69356101 1.1', '43UM7300', 'N/A', '4800', '1', 'N/A', 'WOORI', 'AREA LITHO', '', 'LITHO', 0, 3, '2019-11-21 09:41:42'),
(6012, '123464', 'MAY69360001 1.2', '49UM69', 'N/A', '6300', '1', 'N/A', 'WOORI', 'AREA LITHO', '', 'LITHO', 0, 3, '2019-11-21 09:41:42'),
(6011, '123464', 'MAY69373701', '49SM8000PSA ONE LITHO ', 'N/A', '750', '1', 'N/A', 'WOORI', 'AREA LITHO', '', 'LITHO', 0, 3, '2019-11-21 09:41:42'),
(6010, '123464', 'MAY69373701 1.1', '49SM800', 'N/A', '3150', '1', 'N/A', 'WOORI', 'AREA LITHO', '', 'LITHO', 0, 3, '2019-11-21 09:41:42'),
(6009, '123464', 'MAY69374701 1.1', '50UM74300AUE', 'N/A', '10600', '1', 'N/A', 'WOORI', 'AREA LITHO', '', 'LITHO', 0, 3, '2019-11-21 09:41:42'),
(6008, '123464', 'MAY69380801', '43UM69', 'N/A', '6070', '1', 'N/A', 'WOORI', 'AREA LITHO', '', 'LITHO', 0, 3, '2019-11-21 09:41:42'),
(6007, '123464', 'MAY69380803', '43UM6910PUA', 'N/A', '5670', '1', 'N/A', 'WOORI', 'AREA LITHO', '', 'LITHO', 0, 3, '2019-11-21 09:41:42'),
(6006, '123464', 'MAY69431901', '49UM69', 'N/A', '5100', '1', 'N/A', 'WOORI', 'AREA LITHO', '', 'LITHO', 0, 3, '2019-11-21 09:41:42'),
(6005, '123464', 'PK506038EN', 'PK506038EN  ', 'N/A', '2990', '1', 'N/A', 'WOORI', 'AREA LITHO', '', 'LITHO', 0, 3, '2019-11-21 09:41:42'),
(6004, '123464', 'PK506039EN', 'PK506039EN', 'N/A', '1900', '1', 'N/A', 'WOORI', 'AREA LITHO', '', 'LITHO', 0, 3, '2019-11-21 09:41:42'),
(6003, '123464', 'PK514021EN', 'CROSSTOUR 38W CARBON', 'N/A', '3300', '1', 'N/A', 'WOORI', 'AREA LITHO', '', 'LITHO', 0, 3, '2019-11-21 09:41:42'),
(6002, '123464', 'PK514022EN', 'CROSSTOUR 38W SUMMIT WHITE', 'N/A', '400', '1', 'N/A', 'WOORI', 'AREA LITHO', '', 'LITHO', 0, 3, '2019-11-21 09:41:42'),
(6001, '123464', 'PK514024EN', 'CROSS TOUR MAXX 58W FULL', 'N/A', '400', '1', 'N/A', 'WOORI', 'AREA LITHO', '', 'LITHO', 0, 3, '2019-11-21 09:41:42'),
(6000, '123464', 'PK514025EN', 'CROSS TOUR MAXX REFRACTIVE', 'N/A', '1820', '1', 'N/A', 'WOORI', 'AREA LITHO', '', 'LITHO', 0, 3, '2019-11-21 09:41:42'),
(5999, '123464', 'PK514026EN', 'CROSS TOUR MAXX 81W FULL', 'N/A', '2400', '1', 'N/A', 'WOORI', 'AREA LITHO', '', 'LITHO', 0, 3, '2019-11-21 09:41:42'),
(5998, '123464', 'PK514028EN', 'CROSS TOUR 102W FULL', 'N/A', '3900', '1', 'N/A', 'WOORI', 'AREA LITHO', '', 'LITHO', 0, 3, '2019-11-21 09:41:42'),
(5997, '123464', 'PK514069EN', 'AXCENT SMALL 27W LITHO LABEL', 'N/A', '300', '1', 'N/A', 'WOORI', 'AREA LITHO', '', 'LITHO', 0, 3, '2019-11-21 09:41:42'),
(5996, '123464', 'PK514071EN', 'AXCENT SMALL 52W LITHO LABEL', 'N/A', '850', '1', 'N/A', 'WOORI', 'AREA LITHO', '', 'LITHO', 0, 3, '2019-11-21 09:41:42'),
(5995, '123464', 'PK514073EN', 'AXCENT SMALL 21W LITHO LABEL', 'N/A', '900', '1', 'N/A', 'WOORI', 'AREA LITHO', '', 'LITHO', 0, 3, '2019-11-21 09:41:42'),
(5994, '123464', 'PK514074EN', 'AXCENT SMALL 27W LITHO LABEL', 'N/A', '900', '1', 'N/A', 'WOORI', 'AREA LITHO', '', 'LITHO', 0, 3, '2019-11-21 09:41:42'),
(5993, '123464', 'PK514075EN', 'AXCENT SMALL 44W LITHO LABEL', 'N/A', '1200', '1', 'N/A', 'WOORI', 'AREA LITHO', '', 'LITHO', 0, 3, '2019-11-21 09:41:42'),
(5992, '123464', 'PK514076EN', 'AXCENT SMALL 52W LITHO LABEL', 'N/A', '3400', '1', 'N/A', 'WOORI', 'AREA LITHO', '', 'LITHO', 0, 3, '2019-11-21 09:41:42'),
(5991, '123464', 'PK518795ML', 'E750RICATLA56930 LITHO LABEL', 'N/A', '450', '1', 'N/A', 'WOORI', 'AREA LITHO', '', 'LITHO', 0, 3, '2019-11-21 09:41:42'),
(5990, '123464', 'PK518814ML-B', 'E750RICATLA560WH6930-4PK LITHO BACK (EATON)', 'N/A', '900', '1', 'N/A', 'WOORI', 'AREA LITHO', '', 'LITHO', 0, 3, '2019-11-21 09:41:42'),
(5989, '123464', 'PK526762ML', 'RL460WH69276PK', 'N/A', '1750', '1', 'N/A', 'WOORI', 'AREA LITHO', '', 'LITHO', 0, 3, '2019-11-21 09:41:42'),
(5988, '123464', 'D27-110-LG-C', 'MAY69373302', 'N/A', '300', '1', 'N/A', 'SINIL', 'AREA LAMINA', '', 'LAMINA', 0, 3, '2019-11-21 09:41:42'),
(5987, '123464', 'D32-220-TC-C', 'TCL32D1560 (olimpo)/ ATV-32SM-76-581050-0ATT3', 'N/A', '4694', '1', 'N/A', 'IP', 'AREA LAMINA', '', 'LAMINA', 0, 3, '2019-11-21 09:41:42'),
(5986, '123464', 'D43-110-LG-C', 'SIZE 725*2460/', 'N/A', '720', '1', 'N/A', 'IP', 'AREA LAMINA', '', 'LAMINA', 0, 3, '2019-11-21 09:41:42'),
(5985, '123464', 'D43-150-LG-C', 'MAY69374303', 'N/A', '1530', '1', 'N/A', 'ISC', 'AREA LAMINA', '', 'LAMINA', 0, 3, '2019-11-21 09:41:42'),
(5984, '123464', 'D43-160-LG-C', 'MAY67894402', 'N/A', '5820', '1', 'N/A', 'IP', 'AREA LAMINA', '', 'LAMINA', 0, 3, '2019-11-21 09:41:42'),
(5983, '123464', 'D49-110-LG-C', 'MAY68288101- MAY68288102- MAY68270505-MAY68608102', 'N/A', '180', '1', 'N/A', 'IP', 'AREA LAMINA', '', 'LAMINA', 0, 3, '2019-11-21 09:41:42'),
(5982, '123464', 'D49-130-LG-C', 'MAY67899401/67897701', 'N/A', '1260', '1', 'N/A', 'IP', 'AREA LAMINA', '', 'LAMINA', 0, 3, '2019-11-21 09:41:42'),
(5981, '123464', 'D49-140-LG-C', '49LT340H0UA', 'N/A', '4820', '1', 'N/A', 'ROCKTENN', 'AREA LAMINA', '', 'LAMINA', 0, 3, '2019-11-21 09:41:42'),
(5980, '123464', 'D55-110-LG-C', 'MAY67307703/MAY67328203', 'N/A', '1830', '1', 'N/A', 'N/A', 'AREA LAMINA', '', 'LAMINA', 0, 3, '2019-11-21 09:41:42'),
(5979, '123464', 'DW43-110-LG-C', 'MAY67313402-68452301-68452401-68509301-68497101-68490004-68493603-68467903-68470105-68464401-68447703-68589801-68650601- 68649204-68748701-68808201', 'N/A', '18880', '1', 'N/A', 'IP', 'AREA LAMINA', '', 'LAMINA', 0, 3, '2019-11-21 09:41:42'),
(5978, '123464', 'DW49-140-LG-C', 'MAY68589901/ MAY68631101', 'N/A', '1440', '1', 'N/A', 'IP', 'AREA LAMINA', '', 'LAMINA', 0, 3, '2019-11-21 09:41:42'),
(5977, '123464', 'DW49-150-LG-C', 'MAY68452601/ MAY68452602', 'N/A', '4310', '1', 'N/A', 'IP', 'AREA LAMINA', '', 'LAMINA', 0, 3, '2019-11-21 09:41:42'),
(5976, '123464', 'DW49-170-LG-C', '49UM69', 'N/A', '6040', '1', 'N/A', 'ISC', 'AREA LAMINA', '', 'LAMINA', 0, 3, '2019-11-21 09:41:42'),
(5975, '123464', 'DW50-110-LG-C', 'MAY69307901/ MAY69353101/ MAY69332601/ MAY69333701/ MAY69374701', 'N/A', '6680', '1', 'N/A', 'ISC', 'AREA LAMINA', '', 'LAMINA', 0, 3, '2019-11-21 09:41:42'),
(5974, '123464', 'DW50-120-LG-C', 'MAY69333701', 'N/A', '1980', '1', 'N/A', 'IP', 'AREA LAMINA', '', 'LAMINA', 0, 3, '2019-11-21 09:41:42'),
(5973, '123464', 'S22-120-LG-C', 'MAY67098301 /MAY66389402 /MAY67434201', 'N/A', '2550', '1', 'N/A', 'N/A', 'AREA LAMINA', '', 'LAMINA', 0, 3, '2019-11-21 09:41:42'),
(5972, '123464', 'S22-140-LG-C', 'MAY67098302', 'N/A', '2620', '1', 'N/A', 'SINIL', 'AREA LAMINA', '', 'LAMINA', 0, 3, '2019-11-21 09:41:42'),
(5971, '123464', 'S24-110-LG-C', 'MAY67478804/67459103/67713004/67713007/67450501', 'N/A', '11130', '1', 'N/A', 'SINIL', 'AREA LAMINA', '', 'LAMINA', 0, 3, '2019-11-21 09:41:42'),
(5970, '123464', 'S24-120-LG-C', 'MAY66269802', 'N/A', '6000', '1', 'N/A', 'N/A', 'AREA LAMINA', '', 'LAMINA', 0, 3, '2019-11-21 09:41:42'),
(5969, '123464', 'S24-150-LG-C', 'MAY67127901', 'N/A', '2750', '1', 'N/A', 'N/A', 'AREA LAMINA', '', 'LAMINA', 0, 3, '2019-11-21 09:41:42'),
(5968, '123464', 'S24-170-LG-C', 'MAY67712303', 'N/A', '15092', '1', 'N/A', 'IP', 'AREA LAMINA', '', 'LAMINA', 0, 3, '2019-11-21 09:41:42'),
(5967, '123464', 'S27-170-LG-C', 'MAY69332302', 'N/A', '1175', '1', 'N/A', 'ISC', 'AREA LAMINA', '', 'LAMINA', 0, 3, '2019-11-21 09:41:42'),
(5966, '123464', 'S28-110-LG-C', 'MAY67248701 /66951701 /67478803 /67453604 67434301/67456002', 'N/A', '9544', '1', 'N/A', 'N/A', 'AREA LAMINA', '', 'LAMINA', 0, 3, '2019-11-21 09:41:42'),
(5965, '123464', 'S28-120-LG-C', 'MAY67130601 /MAY67130602 /MAY67578802 /MAY67578801', 'N/A', '1100', '1', 'N/A', 'N/A', 'AREA LAMINA', '', 'LAMINA', 0, 3, '2019-11-21 09:41:42'),
(5964, '123464', 'S28-140-LG-C', 'MAY67868203/MAY67868201/MAY67868202', 'N/A', '600', '1', 'N/A', 'NA', 'AREA LAMINA', '', 'LAMINA', 0, 3, '2019-11-21 09:41:42'),
(5963, '123464', 'S40-120-LG-C', 'MAY67089302', 'N/A', '5730', '1', 'N/A', 'N/A', 'AREA LAMINA', '', 'LAMINA', 0, 3, '2019-11-21 09:41:42'),
(5962, '123464', 'S45-110-OH-S', 'SEPARADOR 1 y 2', 'N/A', '2425', '1', 'N/A', 'SINIL', 'AREA LAMINA', '', 'LAMINA', 0, 3, '2019-11-21 09:41:42'),
(5961, '123464', 'S48-111-OH-C', 'CK-259-4 GLOBAL OH BOX CHICA', 'N/A', '1200', '1', 'N/A', 'N/A', 'AREA LAMINA', '', 'LAMINA', 0, 3, '2019-11-21 09:41:42'),
(5960, '123464', 'S59-121-ET-C', 'PK517021EN (EATON)', 'N/A', '3000', '1', 'N/A', 'SINIL', 'AREA LAMINA', '', 'LAMINA', 0, 3, '2019-11-21 09:41:42'),
(5959, '123464', 'S84-121-ET-C', 'PK518248ML', 'N/A', '2650', '1', 'N/A', 'IP', 'AREA LAMINA', '', 'LAMINA', 0, 3, '2019-11-21 09:41:42'),
(5958, '123464', 'S86-111-AC-C', 'ACE BOX 24´´', 'N/A', '1100', '1', 'N/A', 'SINIL/ROCKTENN', 'AREA LAMINA', '', 'LAMINA', 0, 3, '2019-11-21 09:41:42'),
(5957, '123464', 'S87-120-CM-C', 'CMPM-C001', 'N/A', '5850', '1', 'N/A', 'ISC', 'AREA LAMINA', '', 'LAMINA', 0, 3, '2019-11-21 09:41:42'),
(5956, '123464', 'SB23-110-ET-C', ' PK514015EN-20EN (EATON)', 'N/A', '3350', '1', 'N/A', 'SINIL', 'AREA LAMINA', '', 'LAMINA', 0, 3, '2019-11-21 09:41:42'),
(5955, '123464', 'SB24-110-LG-C', 'MAY68749101', 'N/A', '3540', '1', 'N/A', 'ISC', 'AREA LAMINA', '', 'LAMINA', 0, 3, '2019-11-21 09:41:42'),
(5954, '123464', 'SB27-120-LG-C', 'MAY68749001', 'N/A', '6008', '1', 'N/A', 'ISC', 'AREA LAMINA', '', 'LAMINA', 0, 3, '2019-11-21 09:41:42'),
(5953, '123464', 'SB27-210-LG-C', 'MAY68748002', 'N/A', '7390', '1', 'N/A', 'ISC', 'AREA LAMINA', '', 'LAMINA', 0, 3, '2019-11-21 09:41:42'),
(5952, '123464', 'SB45-110-ET-C', 'PK526434ML (EATON)', 'N/A', '100', '1', 'N/A', 'SINIL', 'AREA LAMINA', '', 'LAMINA', 0, 3, '2019-11-21 09:41:42'),
(5951, '123464', 'SE27-110-LG-C', 'MAY67649801', 'N/A', '3984', '1', 'N/A', 'SINIL', 'AREA LAMINA', '', 'LAMINA', 0, 3, '2019-11-21 09:41:42'),
(5950, '123464', 'SE40-110-ET-S', 'CLP0011164I (EATON)', 'N/A', '11000', '1', 'N/A', 'DYNAPACK CO.', 'AREA LAMINA', '', 'LAMINA', 0, 3, '2019-11-21 09:41:42'),
(5949, '123464', 'SEW47-110-ET-C', 'CTNINS148M', 'N/A', '1445', '1', 'N/A', 'SINIL', 'AREA LAMINA', '', 'LAMINA', 0, 3, '2019-11-21 09:41:42'),
(5948, '123464', 'SW32-130-LG-C', '32LJ550B-SA/32LJ550D-DA', 'N/A', '30200', '1', 'N/A', 'ISC (IP)', 'AREA LAMINA', '', 'LAMINA', 0, 3, '2019-11-21 09:41:42');

-- --------------------------------------------------------

--
-- Estructura de tabla para la tabla `tbllamina`
--

CREATE TABLE `tbllamina` (
  `idlamina` int(11) NOT NULL,
  `idparte` int(11) NOT NULL,
  `cantidad` int(11) NOT NULL,
  `comentarios` varchar(250) NOT NULL,
  `activo` tinyint(4) NOT NULL,
  `idusuario` int(11) NOT NULL,
  `fecharegistro` datetime NOT NULL
) ENGINE=InnoDB DEFAULT CHARSET=latin1;

--
-- Volcado de datos para la tabla `tbllamina`
--

INSERT INTO `tbllamina` (`idlamina`, `idparte`, `cantidad`, `comentarios`, `activo`, `idusuario`, `fecharegistro`) VALUES
(1, 7373, 2323, '', 1, 3, '2019-11-21 17:31:09'),
(2, 7373, 21, '', 1, 3, '2019-11-21 17:54:18'),
(3, 7373, 232, '', 1, 3, '2019-11-21 17:57:10'),
(4, 7373, 10, '', 1, 3, '2019-11-21 17:58:00'),
(5, 7373, 100, 'Bien', 1, 3, '2019-11-21 19:27:17'),
(6, 7373, 150, 'Bien', 1, 3, '2019-11-21 19:27:29'),
(7, 7374, 1000, '', 1, 3, '2019-11-21 19:28:58'),
(8, 7373, 2893, 'Test', 1, 3, '2019-11-21 19:29:09'),
(9, 7373, 1000, '', 1, 3, '2019-11-22 08:34:01'),
(10, 7373, 800, '', 1, 3, '2019-11-22 08:38:55');

-- --------------------------------------------------------

--
-- Estructura de tabla para la tabla `tbllaminadevolucion`
--

CREATE TABLE `tbllaminadevolucion` (
  `idlaminadevolucion` int(11) NOT NULL,
  `idparte` int(11) NOT NULL,
  `idcliente` int(11) NOT NULL,
  `cantidad` int(11) NOT NULL,
  `comentarios` varchar(250) NOT NULL,
  `activo` tinyint(4) NOT NULL,
  `idusuario` int(11) NOT NULL,
  `fecharegistro` datetime NOT NULL
) ENGINE=InnoDB DEFAULT CHARSET=latin1;

--
-- Volcado de datos para la tabla `tbllaminadevolucion`
--

INSERT INTO `tbllaminadevolucion` (`idlaminadevolucion`, `idparte`, `idcliente`, `cantidad`, `comentarios`, `activo`, `idusuario`, `fecharegistro`) VALUES
(1, 7373, 1, 100, '', 1, 3, '2019-11-21 20:06:43'),
(2, 7373, 1, 100, '', 1, 3, '2019-11-21 20:06:58'),
(3, 7373, 1, 100, '', 1, 3, '2019-11-21 20:11:35'),
(4, 7373, 1, 43, '', 1, 3, '2019-11-21 20:12:44'),
(5, 7373, 1, 1000, '', 1, 3, '2019-11-21 20:13:08'),
(6, 7373, 2, 200, '', 1, 3, '2019-11-22 08:34:29');

-- --------------------------------------------------------

--
-- Estructura de tabla para la tabla `tbllaminasalida`
--

CREATE TABLE `tbllaminasalida` (
  `idlaminasalida` int(11) NOT NULL,
  `idparte` int(11) NOT NULL,
  `idmaquina` int(11) NOT NULL,
  `cantidad` int(11) NOT NULL,
  `comentarios` varchar(250) NOT NULL,
  `activo` tinyint(4) NOT NULL,
  `idusuario` int(11) NOT NULL,
  `fecharegistro` datetime NOT NULL
) ENGINE=InnoDB DEFAULT CHARSET=latin1;

--
-- Volcado de datos para la tabla `tbllaminasalida`
--

INSERT INTO `tbllaminasalida` (`idlaminasalida`, `idparte`, `idmaquina`, `cantidad`, `comentarios`, `activo`, `idusuario`, `fecharegistro`) VALUES
(1, 7373, 1, 2, '', 1, 3, '2019-11-21 19:07:45'),
(2, 7373, 1, 2222, '', 1, 3, '2019-11-21 19:19:44'),
(3, 7373, 1, 62, '', 1, 3, '2019-11-21 19:23:50'),
(4, 7373, 1, 100, '', 1, 3, '2019-11-21 19:24:35'),
(5, 7373, 1, 2000, '', 1, 3, '2019-11-21 19:54:11'),
(6, 7373, 1, 500, '', 1, 3, '2019-11-22 08:34:15'),
(7, 7373, 1, 1000, '', 1, 3, '2019-11-22 08:37:41');

-- --------------------------------------------------------

--
-- Estructura de tabla para la tabla `tblmaquina`
--

CREATE TABLE `tblmaquina` (
  `idmaquina` int(11) NOT NULL,
  `nombremaquina` varchar(250) NOT NULL,
  `activo` tinyint(4) NOT NULL,
  `idusuario` int(11) NOT NULL,
  `fecharegisto` datetime NOT NULL
) ENGINE=InnoDB DEFAULT CHARSET=latin1;

--
-- Volcado de datos para la tabla `tblmaquina`
--

INSERT INTO `tblmaquina` (`idmaquina`, `nombremaquina`, `activo`, `idusuario`, `fecharegisto`) VALUES
(1, 'LITHO', 1, 3, '2019-11-21 00:00:00'),
(2, 'FLEXO 2400', 1, 3, '2019-11-21 00:00:00'),
(3, 'SCRAP', 1, 3, '2019-11-21 00:00:00'),
(4, 'HOLD', 1, 3, '2019-11-21 00:00:00');

-- --------------------------------------------------------

--
-- Estructura de tabla para la tabla `tblmodelo`
--

CREATE TABLE `tblmodelo` (
  `idmodelo` int(11) NOT NULL,
  `idparte` int(11) NOT NULL,
  `descripcion` varchar(255) NOT NULL,
  `nombrehoja` varchar(200) NOT NULL,
  `customer` varchar(200) NOT NULL,
  `fulloneimpresion` varchar(200) NOT NULL,
  `colorlinea` varchar(200) NOT NULL,
  `diucutno` varchar(200) NOT NULL,
  `platonumero` varchar(200) NOT NULL,
  `color` varchar(200) NOT NULL,
  `blanksize` varchar(200) NOT NULL,
  `sheetsize` varchar(200) NOT NULL,
  `score` varchar(200) NOT NULL,
  `normascompartidas` varchar(200) NOT NULL,
  `salida` varchar(200) NOT NULL,
  `combinacion` varchar(200) NOT NULL,
  `lithoname` varchar(200) NOT NULL,
  `comment` varchar(200) NOT NULL,
  `idusuario` int(11) NOT NULL,
  `fecharegistro` datetime NOT NULL
) ENGINE=InnoDB DEFAULT CHARSET=latin1;

--
-- Volcado de datos para la tabla `tblmodelo`
--

INSERT INTO `tblmodelo` (`idmodelo`, `idparte`, `descripcion`, `nombrehoja`, `customer`, `fulloneimpresion`, `colorlinea`, `diucutno`, `platonumero`, `color`, `blanksize`, `sheetsize`, `score`, `normascompartidas`, `salida`, `combinacion`, `lithoname`, `comment`, `idusuario`, `fecharegistro`) VALUES
(1224, 6841, '24 PZS - 24 OZ', 'S24-111-CS-C', '', 'FLEXO', 'KRAFT', '', '', 'AZU-31-ACE-K', '', '638*1270', '', '', '', '33*26*26', '', '', 3, '2019-11-04 12:36:18'),
(1225, 6842, 'BOX 16\"', 'S60-111-AC-C', '', 'FLEXO', '', '', '', 'AZU-31-ACE-K', '', '549*1531', '', '', '', '33*26*26', '', '', 3, '2019-11-04 12:36:18'),
(1226, 6843, 'PAD 406 * 311', 'S62-110-AC-S', '', 'PAD', '', '', '', '', '', '403*1575', '', '', '', '26*26*26', '', '', 3, '2019-11-04 12:36:19'),
(1227, 6844, 'SB-01', 'S66-111-AC-C', '', 'FLEXO', '', '', '', '-', '', '750*1665', '', '', '', '42*33*33', '', '', 3, '2019-11-04 12:36:19'),
(1228, 6845, 'PAD 625 *428', 'S74-110-AC-S', '', 'PAD', '', '', '', '', '', '625*2160', '', '', '', '26*26*26', '', '', 3, '2019-11-04 12:36:19'),
(1229, 6846, 'BOX 24\"', 'S86-111-AC-C', '', 'FLEXO', '', '', '', 'AZU-31-ACE-K', '', '765*2185', '', '', '', '42*26*33', '', '', 3, '2019-11-04 12:36:19'),
(1230, 6847, 'N/A', 'S69-211-AC-C', '', '', 'WHITE', '', '', '', '', '726*1768', '', '1', '', '', '', '', 3, '2019-11-04 12:36:19'),
(1231, 6848, 'TAPA T3 /C091173000', '563*818', '', 'PAD', '', '', '', '', '', '563*818', '', '', '', '0', '', '', 3, '2019-11-04 12:36:19'),
(1232, 6849, 'SEPARADOR PINALEN 28 OZ', '999*287', '', 'PAD', '', '', '', '', '', '999*287', '', '', '', '0', '', '', 3, '2019-11-04 12:36:19'),
(1233, 6850, 'TALLA-5', 'BIO-0495', '', '', '', '', '', '', '', '', '', '', '', '0', '', '', 3, '2019-11-04 12:36:19'),
(1234, 6851, 'TALLA-3', 'BIO-0499', '', 'FLEXO', '', '', '', '', '', '', '', '', '', '0', '', '', 3, '2019-11-04 12:36:20'),
(1235, 6852, 'TALLA-4', 'BIO-0501', '', 'FLEXO', '', '', '', '', '', '', '', '', '', '0', '', '', 3, '2019-11-04 12:36:20'),
(1236, 6853, 'ALEN', 'BIO-ALEN-SHEET', '', 'PAD', '', '', '', '', '', '', '', '', '', '0', '', '', 3, '2019-11-04 12:36:20'),
(1237, 6854, 'S32-68-BG', 'S32-110-BG-C', '', '', '', '', '', 'BLK-000-LGE-K', '', '', '', '', '', '35*26*35', '', '', 3, '2019-11-04 12:36:20'),
(1238, 6855, '650X340X559', 'S81-110-BG-C', '', 'FLEXO', 'KRAFT', '14', '', 'BLK-000-LGE-K', '', '925*2055', '', '', '', '42*40*42', '', '', 3, '2019-11-04 12:36:20'),
(1239, 6856, 'BOX B-ROLLER', 'S48-110-BR-C', '', 'FLEXO', 'KRAFT', '', '', 'BLK-000-LGE-K', '', '594*1219', '', '', '', '33*26*33', '', '', 3, '2019-11-04 12:36:20'),
(1240, 6857, 'BOX 267780', 'S62-111-BR-C', '', 'FLEXO', 'KRAFT', '', '', 'BLK-000-LGE-K', '', '647*1581', '', '', '', '33*26*26', '', '', 3, '2019-11-04 12:36:20'),
(1241, 6858, 'N/A', 'SBW56-110-CS-C', '', 'NO', 'WHITE', '115 / 116', 'n/a', 'N/A', '', '692*1420', '', '', '', '33*26*26', '', '', 3, '2019-11-04 12:36:20'),
(1242, 6859, 'CAJA DE CARTON', 'S87-111-CM-C', '', 'FLEXO', 'KRAFT', 'Navaja', '144', 'BLK-000-LGE-K', '', '766*2206', '', '', '', '42*40*42', '', '', 3, '2019-11-04 12:36:20'),
(1243, 6860, 'MASTERBOX', 'S72-111-CM-C', '', 'FLEXO', 'KRAFT', 'Navaja', '145', 'BLK-000-LGE-K', '', '770*1827', '', '', '', '42*40*42', '', '', 3, '2019-11-04 12:36:20'),
(1244, 6861, 'DIVIDER SMALL', 'S32-110-CM-S', '', 'FLEXO', 'KRAFT', '122', 'n/a', '-', '', '320*825', '', '', '', '26*26*26', '', '', 3, '2019-11-04 12:36:20'),
(1245, 6862, 'COMPACT DIVIDER', 'S52-110-CM-S', '', '-', 'KRAFT', '120', 'n/a', 'N/A', '', '320*1310', '', '', '', '26*26*26', '', '', 3, '2019-11-04 12:36:20'),
(1246, 6863, 'DIVIDER BIG', 'S52-110-CM-S', '', '-', 'KRAFT', '121', 'n/a', '-', '', '320*1310', '', '', '', '26*26*26', '', '', 3, '2019-11-04 12:36:21'),
(1247, 6864, 'PAD SEPARADOR', 'S80-110-CM-S', '', '-', 'KRAFT', 'Navaja', 'n/a', 'N/A', '', '640*2020', '', '', '', '26*26*26', '', '', 3, '2019-11-04 12:36:21'),
(1248, 6865, 'INDIVIDUAL BOX', 'SB42-110-CM-C', '', '-', 'KRAFT', '40', 'n/a', 'N/A', '', '655*1065', '', '', '', '33*26*26', '', '', 3, '2019-11-04 12:36:21'),
(1249, 6866, 'RASTAFRI-50', 'D78-111-DW-C', '', 'FLEXO', 'KRAFT', '', '', 'ROJ-207C-LGE-K, BLK-000-LGE-K', '', '547*1990', '', '', '', '34*23*26*23*26', '', '', 3, '2019-11-04 12:36:21'),
(1250, 6867, 'PRE-STRECHED BRAID', 'D78-111-DW-C', '', 'FLEXO', 'KRAFT', '', '', 'VER-347C-DW-K, BLK-000-LGE-K', '', '547*1990', '', '', '', '34*23*26*23*26', '', '', 3, '2019-11-04 12:36:21'),
(1251, 6868, 'PRE-STRECHED BRAID', 'D86-111-DW-C', '', 'FLEXO', 'KRAFT', '', '', 'MOR-267C-DW-K, BLK-000-LGE-K', '', '608*2206', '', '', '', '34*23*26*23*26', '', '', 3, '2019-11-04 12:36:21'),
(1252, 6869, 'RASTAFRI-JUMBO 50 PCS', 'D88-110-DW-C', '', 'FLEXO', 'KRAFT', '171', '', 'ROJ-207C-LGE-K, BLK-000-LGE-K', '', '655*2240', '', '', '', '34*23*26*23*26', '', '', 3, '2019-11-04 12:36:21'),
(1253, 6870, 'RASTAFRI-RAPUNSEL 50PCS', 'D93-111-DW-C', '', 'FLEXO', 'KRAFT', '', '', 'ROJ-207C-LGE-K, BLK-000-LGE-K', '', '725*2355', '', '', '', '34*23*26*23*26', '', '', 3, '2019-11-04 12:36:21'),
(1254, 6871, 'RASTAFRI-TRIPLE 50 PCS', 'D94-111-DW-C', '', 'FLEXO', 'KRAFT', '', '', 'ROJ-207C-LGE-K, BLK-000-LGE-K', '', '742*2375', '', '', '', '34*23*26*23*26', '', '', 3, '2019-11-04 12:36:21'),
(1255, 6872, 'ESP-00( RASTAFRI-50 SEPAR 635X285 )', 'S57-110-DW-S', '', 'PAD', 'KRAFT', '', '', '-', '', '635*1445', '', '', '', '26*26*26', '', '', 3, '2019-11-04 12:36:21'),
(1256, 6873, 'SEPARADOR-JUMBO( 660X368)', 'S73-110-DW-S', '', 'PAD', 'KRAFT', '', '', '-', '', '660*1860', '', '', '', '26*26*26', '', '', 3, '2019-11-04 12:36:21'),
(1257, 6874, 'MASTER 3-IN', 'S35-111-ET-C', '', 'FLEXO', 'KRAFT', 'NAVAJA', '0', 'BLK-000-LGE-K', '', '536*910', '', '', '', '33*26*33', '', '', 3, '2019-11-04 12:36:22'),
(1258, 6875, 'N/A', 'S46-120-ET-C', '', 'FLEXO', 'KRAFT', '137', '7', 'AZU-300-ETN-K', '', '810*1085', '', '', '', '33*26*26', '', '', 3, '2019-11-04 12:36:22'),
(1259, 6876, 'N/A', 'S48-111-ET-C', '', 'FLEXO', 'KRAFT', 'No Loc', '30', 'AZU-300-ETN-K', '', '581*1235', '', '', '', '34*26*26', '', '', 3, '2019-11-04 12:36:22'),
(1260, 6877, '2\"', 'SB45-111-ET-C', '', 'FLEXO', 'KRAFT', 'Navaja', '44', 'AZU-300-ETN-K', '', '367*1145', '', '', '', '33*26*33', '', '', 3, '2019-11-04 12:36:22'),
(1261, 6878, 'HALO COMMERCIAL 6\"', 'S68-111-ET-C', '', 'FLEXO', 'KRAFT', 'Navaja', '59', 'BLK-000-LGE-K', '', '545*1737', '', '', '', '33*26*33', '', '', 3, '2019-11-04 12:36:22'),
(1262, 6879, 'N/A', 'S64-111-ET-C', '', 'FLEXO', 'KRAFT', 'Navaja', '65', 'AZU-300-ETN-K', '', '470*1636', '', '', '', '42*33*33', '', '', 3, '2019-11-04 12:36:22'),
(1263, 6880, 'HALO 4 \"', 'S65-111-ET-C', '', 'FLEXO', 'KRAFT', 'Navaja', '354', 'AZU-2935U-ETN-K, BLK-000-LGE-K', '', '625*1645', '', '', '', '35*26*35', '', '', 3, '2019-11-04 12:36:22'),
(1264, 6881, 'HALO COMMERCIAL 4\"', 'D111-111-ET-C', '', 'FLEXO', 'KRAFT', 'Navaja', '69', 'BLK-000-LGE-K', '', '1077*2852', '', '', '', '35*26*26*26*33', '', '', 3, '2019-11-04 12:36:22'),
(1265, 6882, 'HALO COMMERCIAL 4\"', 'SB20-110-ET-C', '', 'FLEXO', 'KRAFT', '29', '78', 'BLK-000-LGE-K', '', '480*515', '', '', '', '33*26*33', '', '', 3, '2019-11-04 12:36:22'),
(1266, 6883, 'HALO COMMERCIAL 6\"', 'SB23-130-ET-C', '', 'FLEXO', 'KRAFT', '187', '82', 'BLK-000-LGE-K', '', '550*590', '', '', '', '33*26*33', '', '', 3, '2019-11-04 12:36:22'),
(1267, 6884, 'HALO 4 \"', 'S84-121-ET-C', '', 'FLEXO', 'KRAFT', 'Navaja', '87', 'AZU-2935U-ETN-K, BLK-000-LGE-K', '', '614*2131', '', '', '', '35*26*35', '', '', 3, '2019-11-04 12:36:22'),
(1268, 6885, 'HALO COMMERCIAL 4\"', 'S25-111-ET-C', '', 'FLEXO', 'KRAFT', 'Navaja', '95', 'BLK-000-LGE-K', '', '283*1130', '', '', '', '33*26*33', '', '', 3, '2019-11-04 12:36:22'),
(1269, 6886, 'HALO COMMERCIAL 4\"', 'S59-121-ET-C', '', 'FLEXO', 'KRAFT', 'Navaja', '101', 'BLK-000-LGE-K', '', '480*1510', '', '', '', '33*26*33', '', '', 3, '2019-11-04 12:36:23'),
(1270, 6887, 'N/A', 'S66-121-ET-C', '', 'FLEXO', 'KRAFT', 'Navaja', '102', 'BLK-000-LGE-K', '', '372*1687', '', '', '', '33*26*33', '', '', 3, '2019-11-04 12:36:23'),
(1271, 6888, 'RSC BOX', 'S20-111-ET-C', '', '', 'KRAFT', 'Navaja', '112', 'AZU-300-ETN-K', '', '528*1353', '', '', '', '#N/A', '', '', 3, '2019-11-04 12:36:23'),
(1272, 6889, 'HALO COMMERCIAL 6\"', 'S89-121-ET-C', '', 'FLEXO', 'KRAFT', 'Navaja', '114', 'BLK-000-LGE-K', '', '580*2244', '', '', '', '33*26*26', '', '', 3, '2019-11-04 12:36:23'),
(1273, 6890, 'HALO COMMERCIAL 4\"', 'SB20-120-ET-C', '', 'FLEXO', 'KRAFT', '36', '118', 'BLK-000-LGE-K', '', '635*505', '', '', '', '33*26*33', '', '', 3, '2019-11-04 12:36:23'),
(1274, 6891, 'HALO COMMERCIAL 6\"', 'S39-110-ET-C', '', 'FLEXO', 'KRAFT', '62', '126', 'BLK-000-LGE-K', '', '380*1000', '', '', '', '33*26*26', '', '', 3, '2019-11-04 12:36:23'),
(1275, 6892, 'HALO COMMERCIAL 6\"', 'S108-111-ET-C', '', '', '', 'Navaja', '129', 'BLK-000-LGE-K', '', '1028*2755', '', '', '', '42*33*42', '', '', 3, '2019-11-04 12:36:23'),
(1276, 6893, 'N/A', 'S51-120-ET-C', '', '', '', 'No Loc', '133', '', '', '', '', '', '', '#N/A', '', '', 3, '2019-11-04 12:36:23'),
(1277, 6894, 'HALO COMMERCIAL 6\"', 'SE42-110-ET-C', '', 'FLEXO', 'KRAFT', '72', '134', 'BLK-000-LGE-K', '', '528*1035', '', '4', '', '33*26*26', '', '', 3, '2019-11-04 12:36:23'),
(1278, 6895, 'HALO COMMERCIAL 6\"', 'SE57-110-ET-C', '', 'FLEXO', 'KRAFT', '11', '135', 'BLK-000-LGE-K', '', '685*1462', '', '4', '', '33*26*26', '', '', 3, '2019-11-04 12:36:23'),
(1279, 6896, 'N/A', 'S46-121-ET-C', '', 'FLEXO', 'KRAFT', '138', '142', 'AZU-300-ETN-K', '', '762*1170', '', '', '', '33*26*26', '', '', 3, '2019-11-04 12:36:24'),
(1280, 6897, 'HALO COMMERCIAL 6\"', 'S40-111-ET-C', '', 'FLEXO', 'KRAFT', 'Navaja', '151', 'BLK-000-LGE-K', '', '391*1005', '', '', '', '33*26*33', '', '', 3, '2019-11-04 12:36:24'),
(1281, 6898, 'N/A', 'SB23-130-ET-C', '', 'FLEXO', 'KRAFT', '28', '162', 'BLK-000-LGE-K', '', '550*590', '', '', '', '33*26*33', '', '', 3, '2019-11-04 12:36:24'),
(1282, 6899, 'N/A', 'SW29-110-ET-S', '', 'PAD', 'WHITE', '245', '163', 'NAR-172U-ETN-K, NEG-000-LGE-K', '', '650*744', '', '', '', '33*26*33', '', '', 3, '2019-11-04 12:36:24'),
(1283, 6900, 'N/A', 'S86-111-ET-C', '', 'FLEXO', 'KRAFT', 'Navaja', '166', 'AZU-2935U-ETN-K, BLK-000-LGE-K', '', '616*2180', '', '', '', '33*26*33', '', '', 3, '2019-11-04 12:36:24'),
(1284, 6901, '2\"', 'SE38-110-ET-C', '', 'FLEXO', 'KRAFT', '177', '300', 'AZU-300-ETN-K', '', '545*1262', '', '4', '', '33*26*33', '', '', 3, '2019-11-04 12:36:24'),
(1285, 6902, 'HALO COMMERCIAL 6\"', 'SB24-130-ET-C', '', 'FLEXO', 'KRAFT', '246', '187', 'BLK-000-LGE-K', '', '757*620', '', '', '', '33*26*33', '', '', 3, '2019-11-04 12:36:24'),
(1286, 6903, '8\" LED-OUT BOX', 'S75-121-ET-C', '', 'FLEXO', 'KRAFT', 'Navaja', '193', 'AZU-300-ETN-K', '', '626*1392', '', '', '', '33*26*33', '', '', 3, '2019-11-04 12:36:24'),
(1287, 6904, 'HALO COMMERCIAL 4\"', 'S60-110-ET-C', '', 'FLEXO', 'KRAFT', 'Navaja', '194', 'BLK-000-LGE-K', '', '778*1529', '', '', '', '33*26*33', '', '', 3, '2019-11-04 12:36:24'),
(1288, 6905, 'HALO COMMERCIAL 6\"', 'D118-111-ET-C', '', 'FLEXO', 'KRAFT', 'Navaja', '195', 'BLK-000-LGE-K', '', '1223*3030', '', '', '', '34*23*26*23*26', '', '', 3, '2019-11-04 12:36:24'),
(1289, 6906, '8\" LED-PORTFOLIO', 'SB73-120-ET-C', '', 'FLEXO', 'KRAFT', '45', '196', 'AZU-300-ETN-K', '', '861*922', '', '', '', '33*26*33', '', '', 3, '2019-11-04 12:36:24'),
(1290, 6907, 'EATON', 'S35-121-ET-C', '', 'FLEXO', 'KRAFT', '179', '224', 'BLK-000-LGE-K', '', '467*896', '', '', '', '33*26*33', '', '', 3, '2019-11-04 12:36:24'),
(1291, 6908, 'PORTFOLIO', 'S88-121-ET-C', '', 'FLEXO', 'KRAFT', 'Navaja', '224', 'AZU-300-ETN-K, BLK-000-LGE-K', '', '778*2240', '', '', '', '33*26*33', '', '', 3, '2019-11-04 12:36:24'),
(1292, 6909, 'N/A', 'S73-121-ET-C', '', 'FLEXO', 'KRAFT', 'Navaja', '225', 'BLK-000-LGE-K', '', '542*1865', '', '', '', '33*26*33', '', '', 3, '2019-11-04 12:36:25'),
(1293, 6910, 'N/A', 'SB78-121-ET-C', '', 'FLEXO', 'KRAFT', 'Navaja', '225', 'BLK-000-LGE-K', '', '740*1982', '', '', '', '33*26*33', '', '', 3, '2019-11-04 12:36:25'),
(1294, 6911, 'N/A', 'SW105-111-ET-C', '', 'FLEXO', 'WHITE', 'Navaja', '4', 'NAR-172U-ETN-K, NEG-000-LGE-K', '', '765*2690', '', '', '', '42*26*33', '', '', 3, '2019-11-04 12:36:25'),
(1295, 6912, 'HALO COMERCIAL 4\"', 'S51-121-ET-C', '', 'FLEXO', 'KRAFT', 'Navaja', '227', 'BLK-000-LGE-K', '', '397*1286', '', '', '', '33*26*33', '', '', 3, '2019-11-04 12:36:25'),
(1296, 6913, 'N/A', 'S56-111-ET-C', '', 'FLEXO', 'KRAFT', 'Navaja', '229', 'ROJ-186U-ETN-K, BLK-000-LGE-K', '', '467*1415', '', '', '', '42*33*33', '', '', 3, '2019-11-04 12:36:25'),
(1297, 6914, 'N/A', 'S73-121-ET-C', '', 'FLEXO', 'KRAFT', 'Navaja', '230', 'BLK-000-LGE-K', '', '542*1865', '', '', '', '33*26*33', '', '', 3, '2019-11-04 12:36:25'),
(1298, 6915, 'N/A', 'SB49-110-ET-C', '', 'FLEXO', 'KRAFT', '162', '231', 'BLK-000-LGE-K', '', '768*1256', '', '', '', '33*26*33', '', '', 3, '2019-11-04 12:36:25'),
(1299, 6916, 'HALO COMMERCIAL 4\"', 'SE45-110-ET-C', '', 'FLEXO', 'KRAFT', '161', '231', 'BLK-000-LGE-K', '', '740*1340', '', '', '', '33*26*33', '', '', 3, '2019-11-04 12:36:25'),
(1300, 6917, 'N/A', 'D111-111-ET-C', '', 'FLEXO', 'KRAFT', 'Navaja', '232', 'BLK-000-LGE-K', '', '1077*2852', '', '', '', '35*26*26*26*33', '', '', 3, '2019-11-04 12:36:25'),
(1301, 6918, 'N/A', 'S43-121-ET-C', '', 'FLEXO', 'KRAFT', 'Navaja', '237', 'AZU-300-ETN-K', '', '765*1286', '', '', '', '42*33*33', '', '', 3, '2019-11-04 12:36:25'),
(1302, 6919, 'N/A', 'S59-131-ET-C', '', 'FLEXO', 'KRAFT', 'Navaja', '237', 'BLK-000-LGE-K', '', '416*1500', '', '', '', '42*33*33', '', '', 3, '2019-11-04 12:36:25'),
(1303, 6920, 'HALO COMMERCIAL 6\"', 'SB44-120-ET-C', '', 'FLEXO', 'KRAFT', '160', '238', 'BLK-000-LGE-K', '', '676*1118', '', '', '', '33*26*33', '', '', 3, '2019-11-04 12:36:26'),
(1304, 6921, 'N/A', 'D118-111-ET-C', '', 'FLEXO', 'KRAFT', 'Navaja', '240', 'BLK-000-LGE-K', '', '1223*3030', '', '', '', '34*23*26*23*26', '', '', 3, '2019-11-04 12:36:26'),
(1305, 6922, 'N/A', 'S91-111-ET-C', '', 'FLEXO', 'KRAFT', 'Navaja', '240', 'AZU-300-ETN-K', '', '718*2310', '', '', '', '42*33*33', '', '', 3, '2019-11-04 12:36:26'),
(1306, 6923, 'HALO COMERCIAL 4\"', 'S39-131-ET-C', '', 'FLEXO', 'KRAFT', 'Navaja', '243', 'BLK-000-LGE-K', '', '360*1000', '', '', '', '33*26*33', '', '', 3, '2019-11-04 12:36:26'),
(1307, 6924, 'N/A', 'S55-121-ET-C', '', 'FLEXO', 'KRAFT', 'Navaja', '196', 'BLK-000-LGE-K', '', '460*1400', '', '', '', '33*26*33', '', '', 3, '2019-11-04 12:36:26'),
(1308, 6925, 'HALO 6', 'S55-131-ET-C', '', 'FLEXO', 'KRAFT', 'Navaja', '244', 'BLK-000-LGE-K', '', '505*1420', '', '', '', '33*26*33', '', '', 3, '2019-11-04 12:36:26'),
(1309, 6926, 'HALO COMMERCIAL 4\"', 'S69-121-ET-C', '', 'FLEXO', 'KRAFT', 'Navaja', '244', '', '', '429*1748', '', '', '', '33*26*33', '', '', 3, '2019-11-04 12:36:26'),
(1310, 6927, 'HALO 6 \"', 'S70-111-ET-C', '', 'FLEXO', 'KRAFT', 'Navaja', '245', 'NAR-172U-ETN-K, NEG-000-LGE-K', '', '685*1795', '', '', '', '35*26*26', '', '', 3, '2019-11-04 12:36:26'),
(1311, 6928, 'N/A', 'S45-111-ET-C', '', 'FLEXO', 'KRAFT', 'Navaja', '247', 'BLK-000-LGE-K', '', '394*1138', '', '', '', '33*26*33', '', '', 3, '2019-11-04 12:36:26'),
(1312, 6929, 'HALO COMMERCIAL 4\"', 'S100-111-ET-C', '', 'FLEXO', 'KRAFT', 'Navaja', '155', 'BLK-000-LGE-K', '', '968*2568', '', '', '', '42*26*33', '', '', 3, '2019-11-04 12:36:26'),
(1313, 6930, '8\" PORTFOLIO', 'S69-111-ET-C', '', 'FLEXO', 'KRAFT', 'Navaja', '251', 'AZU-300-ETN-K', '', '702*1750', '', '', '', '33*26*26', '', '', 3, '2019-11-04 12:36:26'),
(1314, 6931, 'N/A', 'S89-111-ET-C', '', 'FLEXO', 'KRAFT', 'Navaja', '252', 'BLK-000-LGE-K', '', '540*2262', '', '', '', '42*33*33', '', '', 3, '2019-11-04 12:36:26'),
(1315, 6932, 'HALO COMMERCIAL 4\"', 'SE42-110-ET-C', '', 'FLEXO', 'KRAFT', '159', '151', 'BLK-000-LGE-K', '', '528*1035', '', '', '', '#N/A', '', '', 3, '2019-11-04 12:36:27'),
(1316, 6933, 'N/A', 'S56-111-ET-C', '', 'FLEXO', 'KRAFT', 'Navaja', '254', 'ROJ-186U-ETN-K, BLK-000-LGE-K', '', '467*1415', '', '', '', '42*33*33', '', '', 3, '2019-11-04 12:36:27'),
(1317, 6934, 'HALO COMMERCIAL 4\"', 'S89-111-ET-C', '', 'FLEXO', 'KRAFT', 'Navaja', '255', 'BLK-000-LGE-K', '', '540*2262', '', '', '', '42*33*33', '', '', 3, '2019-11-04 12:36:27'),
(1318, 6935, 'HALO COMMERCIAL 4\"', 'S89-111-ET-C', '', 'FLEXO', 'KRAFT', 'Navaja', '255', 'BLK-000-LGE-K', '', '540*2262', '', '', '', '42*33*33', '', '', 3, '2019-11-04 12:36:27'),
(1319, 6936, 'N/A', 'S52-121-ET-C', '', 'FLEXO', 'KRAFT', 'Navaja', '256', 'BLK-000-LGE-K', '', '445*1330', '', '', '', '33*26*33', '', '', 3, '2019-11-04 12:36:27'),
(1320, 6937, '8\" PORTFOLIO', 'S62-121-ET-C', '', 'FLEXO', 'KRAFT', 'Navaja', '256', 'AZU-300-ETN-K', '', '648*1585', '', '', '', '33*26*33', '', '', 3, '2019-11-04 12:36:27'),
(1321, 6938, 'PORTFOLIO', 'S78-131-ET-C', '', 'FLEXO', 'KRAFT', 'Navaja', '261', '', '', '740*1980', '', '', '', '33*26*33', '', '', 3, '2019-11-04 12:36:27'),
(1322, 6939, 'N/A', '', '', '', '', '', '', '', '', '', '', '', '', '#N/A', '', '', 3, '2019-11-04 12:36:27'),
(1323, 6940, 'N/A', '', '', '', '', '', '', '', '', '', '', '', '', '#N/A', '', '', 3, '2019-11-04 12:36:27'),
(1324, 6941, 'N/A', '', '', '', '', '', '', '', '', '', '', '', '', '0', '', '', 3, '2019-11-04 12:36:28'),
(1325, 6942, 'N/A', '', '', '', '', '', '', '', '', '', '', '', '', '0', '', '', 3, '2019-11-04 12:36:28'),
(1326, 6943, 'N/A', 'S30-110-ET-C', '', 'INSERT', 'KRAFT', '127', '', '', '', '770*1040', '', '6', '', '0', '', '', 3, '2019-11-04 12:36:28'),
(1327, 6944, 'N/A', '', '', '', '', '', '', '', '', '', '', '', '', '0', '', '', 3, '2019-11-04 12:36:28'),
(1328, 6945, 'HALO LED 4\"', '', '', 'FULL 1', 'KRAFT', '', '', '', '', '', '', '', '', '33*26*33', 'PK526219ML', '', 3, '2019-11-04 12:36:28'),
(1329, 6946, 'N/A', 'D64-110-ET-S', '', 'EMBOSS', 'KRAFT', '', '', '-', '', '604*1620', '', '', '', '34*23*26*23*26', '', '', 3, '2019-11-04 12:36:28'),
(1330, 6947, 'QTY\nMONTHLY', 'DELIVERY DATE', '', 'OUT', '', '', '', '', '', '', '', '', '', '0', '', '', 3, '2019-11-04 12:36:28'),
(1331, 6948, 'N/A', 'S25-110-ET-C', '', '', 'KRAFT', '183', '', '', '', '1051*1240', '', '', '', '#N/A', '', '', 3, '2019-11-04 12:36:28'),
(1332, 6949, '8\" PORTFOLIO', 'S25-110-ET-C', '', 'FLEXO', 'KRAFT', '', '', 'AZU-300-ETN-K', '', '536*630', '', '', '', '33*26*33', '', '', 3, '2019-11-04 12:36:28'),
(1333, 6950, '33\"1/8 X 17\" 3/4', 'S32-110-ET-C', '', 'FLEXO', 'KRAFT', '', '', 'AZU-300-ETN-K', '', '860*902', '', '', '', '34*26*34', '', '', 3, '2019-11-04 12:36:28'),
(1334, 6951, 'RSC BOX', 'S33-111-ET-C', '', 'FLEXO', 'KRAFT', '15', '', 'BLK-000-LGE-K', '', '722*855', '', '', '', '35*26*26', '', '', 3, '2019-11-04 12:36:29'),
(1335, 6952, '37\" 1/2 X 13\" 7/8', 'S35-110-ET-S', '', 'PAD', 'KRAFT', '', '', '', '', '420*878', '', '', '', '33*26*33', '', '', 3, '2019-11-04 12:36:29'),
(1336, 6953, 'INSERT', 'S35-120-ET-S', '', 'FLEXO', 'KRAFT', '60', '', 'BLK-000-LGE-K', '', '1400*850', '', '', '', '#N/A', '', '', 3, '2019-11-04 12:36:29'),
(1337, 6954, '8\" PORTFOLIO', 'S42-121-ET-C', '', 'FLEXO', 'KRAFT', '', '', 'AZU-300-ETN-K', '', '598*1058', '', '', '', '33*26*33', '', '', 3, '2019-11-04 12:36:29'),
(1338, 6955, 'N/A', 'S42-130-ET-C', '', 'PAD', 'KRAFT', '', '', 'BLK-000-LGE-K', '', '618*1070', '', '', '', '33*26*33', '', '', 3, '2019-11-04 12:36:29'),
(1339, 6956, 'N/A', 'S43-111-ET-C', '', 'FLEXO', 'KRAFT', '', '', 'BLK-000-LGE-K', '', '608*1085', '', '', '', '33*26*33', '', '', 3, '2019-11-04 12:36:29'),
(1340, 6957, 'N/A', 'S43-131-ET-C', '', 'FLEXO', 'KRAFT', '', '', 'BLK-000-LGE-K', '', '543*1100', '', '', '', '33*26*33', '', '', 3, '2019-11-04 12:36:29'),
(1341, 6958, '44\" X 44\"', 'S44-110-ET-S', '', '-', 'KRAFT', '', '', '', '', '1118*1118', '', '', '', '26*26*26', '', '', 3, '2019-11-04 12:36:29'),
(1342, 6959, 'DC INSERT', 'S51-110-ET-S', '', 'PAD', 'KRAFT', '18', '', '', '', '592*1155', '', '', '', '33*26*33', '', '', 3, '2019-11-04 12:36:29'),
(1343, 6960, 'HALO COMMERCIAL 6\"', 'S51-120-ET-C', '', 'FLEXO', 'KRAFT', '', '', 'BLK-000-LGE-K', '', '420*1296', '', '', '', '33*26*26', '', '', 3, '2019-11-04 12:36:29'),
(1344, 6961, '13\"X13\"X13\"', 'S55-111-ET-C', '', 'FLEXO', 'KRAFT', '', '', 'BLK-000-LGE-K', '', '672*1400', '', '', '', '33*26*33', '', '', 3, '2019-11-04 12:36:30'),
(1345, 6962, '16\"X16\"X16\"', 'S66-131-ET-C', '', 'FLEXO', 'KRAFT', '', '', 'BLK-000-LGE-K', '', '824*1685', '', '', '', '42*33*33', '', '', 3, '2019-11-04 12:36:30'),
(1346, 6963, '18\"X18\"X18\"', 'S73-111-ET-C', '', 'FLEXO', 'KRAFT', '', '', 'BLK-000-LGE-K', '', '925*1890', '', '', '', '42*33*33', '', '', 3, '2019-11-04 12:36:30'),
(1347, 6964, 'HALO 4\"', 'S84-111-ET-C', '', 'FLEXO', 'KRAFT', '', '', 'AZU-300-ETN-K, BLK-000-LGE-K', '', '616*2121', '', '', '', '33*26*33', '', '', 3, '2019-11-04 12:36:30'),
(1348, 6965, 'N/A', 'S94-111-ET-C', '', 'FLEXO', 'KRAFT', '', '', '-', '', '956*2391', '', '', '', '#N/A', '', '', 3, '2019-11-04 12:36:30'),
(1349, 6966, 'HALO COMERCIAL 6\"', 'SB24-120-ET-S', '', 'FLEXO', 'KRAFT', '247', '', 'BLK-000-LGE-K', '', '668*621', '', '', '', '33*26*33', '', '', 3, '2019-11-04 12:36:30'),
(1350, 6967, '16\" 1/8 X 16\" 7/8', 'SB29-110-ET-S', '', 'PAD', 'KRAFT', '110', '', '', '', '325*726', '', '', '', '26*23*26', '', '', 3, '2019-11-04 12:36:30'),
(1351, 6968, 'N/A', 'SB42-110-ET-S', '', '', 'KRAFT', '', '', '-', '', '625*1076', '', '', '', '26*26*26', '', '', 3, '2019-11-04 12:36:30'),
(1352, 6969, 'E- FLUTE', 'SE41-110-ET-S', '', 'PAD', 'KRAFT', '', '', '', '', '1500*1050', '', '', '', '33*26*26', '', '', 3, '2019-11-04 12:36:31'),
(1353, 6970, 'AXCENT SMALL', 'S34-110-ET-C', '', 'FULL 1', 'KRAFT', '22', 'Litho', '', '', '670*878', '', '', '', '#N/A', 'PK514067EN', '', 3, '2019-11-04 12:36:31'),
(1354, 6971, 'AXCENT SMALL', 'S34-110-ET-C', '', 'FULL 1', 'KRAFT', '22', 'Litho', '', '', '670*878', '', '', '', '#N/A', 'PK514068EN', '', 3, '2019-11-04 12:36:31'),
(1355, 6972, 'AXCENT SMALL', 'S34-110-ET-C', '', 'FULL 1', 'KRAFT', '22', 'Litho', '', '', '670*878', '', '', '', '#N/A', 'PK514069EN', '', 3, '2019-11-04 12:36:31'),
(1356, 6973, 'AXCENT SMALL', 'S34-110-ET-C', '', 'FULL 1', 'KRAFT', '22', 'Litho', '', '', '670*878', '', '', '', '#N/A', 'PK514070EN', '', 3, '2019-11-04 12:36:31'),
(1357, 6974, 'AXCENT SMALL', 'S34-110-ET-C', '', 'FULL 1', 'KRAFT', '22', 'Litho', '', '', '670*878', '', '', '', '#N/A', 'PK514071EN', '', 3, '2019-11-04 12:36:31'),
(1358, 6975, 'AXCENT SMALL', 'S34-110-ET-C', '', 'FULL 1', 'KRAFT', '22', 'Litho', '', '', '670*878', '', '', '', '#N/A', 'PK514072EN', '', 3, '2019-11-04 12:36:31'),
(1359, 6976, 'AXCENT SMALL', 'S34-110-ET-C', '', 'FULL 1', 'KRAFT', '22', 'Litho', '', '', '670*878', '', '', '', '#N/A', 'PK514073EN', '', 3, '2019-11-04 12:36:31'),
(1360, 6977, 'AXCENT SMALL', 'S34-110-ET-C', '', 'FULL 1', 'KRAFT', '22', 'Litho', '', '', '670*878', '', '', '', '#N/A', 'PK514074EN', '', 3, '2019-11-04 12:36:31'),
(1361, 6978, 'AXCENT SMALL', 'S34-110-ET-C', '', 'FULL 1', 'KRAFT', '22', 'Litho', '', '', '670*878', '', '', '', '#N/A', 'PK514075EN', '', 3, '2019-11-04 12:36:31'),
(1362, 6979, 'AXCENT SMALL', 'S34-110-ET-C', '', 'FULL 1', 'KRAFT', '22', 'Litho', '', '', '670*878', '', '', '', '#N/A', 'PK514076EN', '', 3, '2019-11-04 12:36:31'),
(1363, 6980, 'CROSS TOUR MAXX 58W REFRACTIVE', 'S34-110-ET-C', '', 'FULL 1', 'KRAFT', '92', 'Litho', '-', '', '775*872', '', '', '', '34*26*34', 'PK514023EN', '', 3, '2019-11-04 12:36:31'),
(1364, 6981, 'CROSS TOUR MAXX 58W FULL', 'S34-110-ET-C', '', 'FULL 1', 'KRAFT', '92', 'Litho', '-', '', '775*872', '', '', '', '34*26*34', 'PK514024EN', '', 3, '2019-11-04 12:36:32'),
(1365, 6982, 'CROSS TOUR MAXX 81W REFRACTIVE', 'S34-110-ET-C', '', 'FULL 1', 'KRAFT', '92', 'Litho', '-', '', '775*872', '', '', '', '34*26*34', 'PK514025EN', '', 3, '2019-11-04 12:36:32'),
(1366, 6983, 'CROSS TOUR MAXX 81W FULL', 'S34-110-ET-C', '', 'FULL 1', 'KRAFT', '92', 'Litho', '-', '', '775*872', '', '', '', '34*26*34', 'PK514026EN', '', 3, '2019-11-04 12:36:32'),
(1367, 6984, 'CROSS TOUR MAXX 102W REFRACTIVE', 'S34-110-ET-C', '', 'FULL 1', 'KRAFT', '92', 'Litho', '-', '', '775*872', '', '', '', '34*26*34', 'PK514027EN', '', 3, '2019-11-04 12:36:32'),
(1368, 6985, 'CROSS TOUR MAXX 102W FULL', 'S34-110-ET-C', '', 'FULL 1', 'KRAFT', '116', 'Litho', '-', '', '775*872', '', '2', '', '34*26*34', 'PK514028EN', '', 3, '2019-11-04 12:36:32'),
(1369, 6986, 'HALO LED KIT', 'S40-110-ET-C', '', 'FULL 1', 'KRAFT', '96', 'Litho', '', '', '635*1005', '', '2', '', '33*26*33', 'PK518795ML', '', 3, '2019-11-04 12:36:32'),
(1370, 6987, 'CROSS TOUR 12W CARBON', 'SB23-110-ET-C', '', 'FULL 1', 'KRAFT', '111', 'Litho', '-', '', '1040*576', '', '', '', '34*26*26', 'PK514015EN', '', 3, '2019-11-04 12:36:32'),
(1371, 6988, 'CROSS TOUR 18W SUMMIT WHITE', 'SB23-110-ET-C', '', 'FULL 1', 'KRAFT', '111', 'Litho', '-', '', '1040*576', '', '', '', '34*26*26', 'PK514016EN', '', 3, '2019-11-04 12:36:32'),
(1372, 6989, 'CROSS TOUR 18W CARBON', 'SB23-110-ET-C', '', 'FULL 1', 'KRAFT', '111', 'Litho', '-', '', '1040*576', '', '', '', '34*26*26', 'PK514017EN', '', 3, '2019-11-04 12:36:32'),
(1373, 6990, 'CROSS TOUR 18W SUMMIT WHITE', 'SB23-110-ET-C', '', 'FULL 1', 'KRAFT', '111', 'Litho', '-', '', '1040*576', '', '', '', '34*26*26', 'PK514018EN', '', 3, '2019-11-04 12:36:32'),
(1374, 6991, 'CROSS TOUR 26W CARBON', 'SB23-110-ET-C', '', 'FULL 1', 'KRAFT', '111', 'Litho', '-', '', '1040*576', '', '', '', '34*26*26', 'PK514019EN', '', 3, '2019-11-04 12:36:33'),
(1375, 6992, 'CROSS TOUR 26W SUMMIT WHITE', 'SB23-110-ET-C', '', 'FULL 1', 'KRAFT', '111', 'Litho', '-', '', '1040*576', '', '2', '', '34*26*26', 'PK514020EN', '', 3, '2019-11-04 12:36:33'),
(1376, 6993, 'CROSS TOUR 38W CARBON', 'SB25-110-ET-C', '', 'FULL 1', 'KRAFT', '175', 'Litho', '-', '', '1110*640', '', '', '', '34*26*26', 'PK514021EN', '', 3, '2019-11-04 12:36:33'),
(1377, 6994, 'CROSS TOUR 38W SUMMIT WHITE', 'SB25-110-ET-C', '', 'FULL 1', 'KRAFT', '175', 'Litho', '-', '', '1110*640', '', '', '', '34*26*26', 'PK514022EN', '', 3, '2019-11-04 12:36:33'),
(1378, 6995, 'N/A', 'SB51-120-ET-C', '', 'FULL 1', 'KRAFT', '153', 'Litho', '-', '', '803*1300', '', '', '', '33*26*33', 'PK526762ML', '', 3, '2019-11-04 12:36:33'),
(1379, 6996, 'N/A', 'SB51-120-ET-C', '', 'FULL 1', 'KRAFT', '153', 'Litho', '-', '', '803*1300', '', '', '', '33*26*33', 'PK526767ML', '', 3, '2019-11-04 12:36:33'),
(1380, 6997, 'N/A', 'D55-120-ET-C', '', 'EMBOSS', 'KRAFT', '105', 'n/a', '-', '', '340*1400', '', '', '', '34*23*26*23*26', '', '', 3, '2019-11-04 12:36:33'),
(1381, 6998, 'N/A', 'D58-140-ET-S', '', 'FLEXO', 'KRAFT', '157', 'n/a', '', '', '1120*1480', '', '', '', '34*23*26*23*26', '', '', 3, '2019-11-04 12:36:33'),
(1382, 6999, 'N/A', 'D68-110-ET-S', '', 'EMBOSS', 'KRAFT', '98', 'n/a', 'EMBOSS', '', '785*1730', '', '', '', '34*23*26*23*26', '', '', 3, '2019-11-04 12:36:33'),
(1383, 7000, 'N/A', 'S25-120-ET-C', '', 'PAD', 'KRAFT', '186', 'n/a', '-', '', '836*630', '', '', '', '33*26*33', '', '', 3, '2019-11-04 12:36:34'),
(1384, 7001, 'N/A', 'S29-120-ET-S', '', 'PAD', 'KRAFT', '16', 'n/a', '-', '', '945*754', '', '', '', '42*26*33', '', '', 3, '2019-11-04 12:36:34'),
(1385, 7002, 'N/A', 'S32-120-ET-S', '', 'PAD', 'KRAFT', 'Columna \"F\"', 'n/a', '-', '', '430*806', '', '', '', '33*26*33', '', '', 3, '2019-11-04 12:36:34'),
(1386, 7003, 'N/A', 'S34-120-ET-S', '', 'PAD', 'KRAFT', '33', 'n/a', '-', '', '470*870', '', '', '', '33*26*33', '', '', 3, '2019-11-04 12:36:34'),
(1387, 7004, 'HALO 4 PACK', 'S38-110-ET-C', '', 'FULL-2', 'KRAFT', '75', 'n/a', '', '', '615*985', '', '', '', '42*33*33', 'PK518814ML', '', 3, '2019-11-04 12:36:34'),
(1388, 7005, 'N/A', 'S42-120-ET-S', '', 'FLEXO', 'KRAFT', '158', 'n/a', 'BLK-000-LGE-K', '', '496*1060', '', '10', '', '33*26*33', '', '', 3, '2019-11-04 12:36:34'),
(1389, 7006, '22\" 5/8 X 22\" 5/8', 'S46-110-ET-S', '', 'PAD', 'KRAFT', '10', 'n/a', '', '', '585*1170', '', '3', '', '#N/A', '', '', 3, '2019-11-04 12:36:34'),
(1390, 7007, 'N/A', 'S52-120-ET-S', '', 'PAD', 'KRAFT', '185', 'n/a', '-', '', '471*1330', '', '', '', '33*26*33', '', '', 3, '2019-11-04 12:36:34'),
(1391, 7008, 'N/A', 'S58-130-ET-C', '', 'PAD', 'KRAFT', '103', 'n/a', '-', '', '1190*1480', '', '', '', '42*33*33', '', '', 3, '2019-11-04 12:36:34'),
(1392, 7009, 'N/A', 'S59-110-ET-C', '', 'EMBOSS', 'KRAFT', '134', 'n/a', '-', '', '761*1490', '', '', '', '42*33*42', '', '', 3, '2019-11-04 12:36:35'),
(1393, 7010, '273 X 340', 'S67-120-ET-S', '', 'PAD', 'KRAFT', '109', 'n/a', '', '', '283*1720', '', '', '', '33*26*33', '', '', 3, '2019-11-04 12:36:35'),
(1394, 7011, 'HALO LED', 'SB45-110-ET-C', '', 'FULL 1', 'KRAFT', '117', 'n/a', '', '', '702*1160', '', '2', '', '33*26*33', 'PK526434ML', '', 3, '2019-11-04 12:36:35'),
(1395, 7012, '318 X 340', 'SB67-110-ET-S', '', 'PAD', 'KRAFT', '85', 'n/a', '', '', '328*1720', '', '', '', '33*26*33', '', '', 3, '2019-11-04 12:36:35'),
(1396, 7013, '1325', 'SE24-110-ET-S', '', 'FLEXO', 'KRAFT', '166', 'n/a', '', '', '1330*622', '', '', '', '33*26*26', '', '', 3, '2019-11-04 12:36:35'),
(1397, 7014, '140', 'SE24-110-ET-S', '', 'FLEXO', 'KRAFT', '170', 'n/a', '', '', '1330*622', '', '', '', '33*26*26', '', '', 3, '2019-11-04 12:36:35'),
(1398, 7015, '942', 'SE24-110-ET-S', '', 'FLEXO', 'KRAFT', '172', 'n/a', '', '', '1330*622', '', '', '', '33*26*26', '', '', 3, '2019-11-04 12:36:35'),
(1399, 7016, 'N/A', 'SE40-110-ET-S', '', 'FLEXO', 'KRAFT', '155', 'n/a', '-', '', '425*1010', '', '', '', '33*26*26', '', '', 3, '2019-11-04 12:36:35'),
(1400, 7017, 'N/A', 'SE40-110-ET-S', '', 'EMBOSS', 'KRAFT', '82', 'n/a', '-', '', '425*1020', '', '', '', '33*26*26', '', '', 3, '2019-11-04 12:36:35'),
(1401, 7018, 'INSERT', 'SE40-110-ET-S', '', 'EMBOSS', 'KRAFT', '17', 'n/a', '-', '', '425*1020', '', '', '', '33*26*26', '', '', 3, '2019-11-04 12:36:36'),
(1402, 7019, 'INSERT', 'SE40-110-ET-S', '', 'EMBOSS', 'KRAFT', '61', 'n/a', '-', '', '430*1040', '', '', '', '33*26*26', '', '', 3, '2019-11-04 12:36:36'),
(1403, 7020, 'N/A', 'SEW47-110-ET-C', '', 'EMBOSS', 'WHITE', '79', 'n/a', '-', '', '580*1190', '', '', '', '33*26*26', '', '', 3, '2019-11-04 12:36:36'),
(1404, 7021, 'DIE CUT RSC', 'S40-121-ET-C', '', 'FLEXO', 'KRAFT', '137', 'No Loc', 'BLK-000-LGE-K', '', '713*1029', '', '', '', '42*33*42', '', '', 3, '2019-11-04 12:36:36'),
(1405, 7022, 'INSERT', 'S18-110-ET-S', '', 'FLEXO', 'KRAFT', '122', '', 'BLK-000-LGE-K', '', '1571*445', '', '', '', '33*26*26', '', '', 3, '2019-11-04 12:36:36'),
(1406, 7023, 'N/A', 'S32-120-ET-C', '', 'FULL 1', 'KRAFT', '101', '', '', '', '', '', '', '', '#N/A', 'PK506038EN', '', 3, '2019-11-04 12:36:36'),
(1407, 7024, 'N/A', 'S32-120-ET-C', '', 'FULL 1', 'KRAFT', '', '', '', '', '', '', '', '', '#N/A', 'PK506039EN', '', 3, '2019-11-04 12:36:36'),
(1408, 7025, 'N/A', 'S32-170-ET-C', '', 'FLEXO', 'KRAFT', '44', '', 'BLK-000-LGE-K', '', '525*808', '', '1', '', '34*26*26', '', '', 3, '2019-11-04 12:36:36'),
(1409, 7026, 'N/A', 'S36-110-ET-C', '', 'FLEXO', 'KRAFT', '', '', '', '', '969*919', '', '', '', '#N/A', '', '', 3, '2019-11-04 12:36:36'),
(1410, 7027, 'N/A', 'S39-140-ET-C', '', 'EMBOSS', 'KRAFT', '139', '', '', '', '902*970', '', '1', '', '34*26*26', '', '', 3, '2019-11-04 12:36:37'),
(1411, 7028, 'N/A', 'S57-110-ET-C', '', 'FLEXO', 'KRAFT', '87', '', '', '', '1471*944', '', '', '', '#N/A', '', '', 3, '2019-11-04 12:36:37'),
(1412, 7029, 'N/A', 'SE40-110-ET-S', '', '', '', '', '', '', '', '', '', '', '', '#N/A', '', '', 3, '2019-11-04 12:36:37'),
(1413, 7030, 'HSC Box', 'SB64-110-ET-C', '', '', 'KRAFT', '88', '', 'Printing (PMS 300 Blue)', '', '367*1646', '', '1', '', '34*26*26', '', '', 3, '2019-11-04 12:36:37'),
(1414, 7031, 'N/A', 'S108-111-ET-C', '', '', 'KRAFT', '', '', 'Printing (Black)', '', '1028*2763', '', 'N/A', '', '33*26*33', '', '', 3, '2019-11-04 12:36:37'),
(1415, 7032, 'N/A', 'S89-131-ET-C', '', '', 'KRAFT', '', '', 'Printing (Black)', '', '582*2264', '', 'N/A', '', '42*33*33', '', '', 3, '2019-11-04 12:36:37'),
(1416, 7033, 'N/A', 'S68-121-ET-C', '', '', 'KRAFT', '', '', 'Printing (Black)', '', '795*1734', '', 'N/A', '', '33*26*33', '', '', 3, '2019-11-04 12:36:37'),
(1417, 7034, 'N/A', 'SB47-110-ET-C', '', '', 'KRAFT', '136', '338', 'Printing (Intense Black)', '', '1088*1195', '', '2', '', '33*26*33', '', '', 3, '2019-11-04 12:36:37'),
(1418, 7035, 'N/A', 'S68-131-ET-C', '', '', 'KRAFT', '', '', 'Printing (Black)', '', '603*1731', '', 'N/A', '', '33*26*33', '', '', 3, '2019-11-04 12:36:38'),
(1419, 7036, 'N/A', 'SB54-110-ET-C', '', '', 'KRAFT', '89', '', 'Printing (Intense Black)', '', '900*1396', '', '3', '', '33*26*33', '', '', 3, '2019-11-04 12:36:38'),
(1420, 7037, 'N/A', 'S61-111-ET-C', '', '', 'KRAFT', '', '', 'Printing (Black)', '', '711*1569', '', 'N/A', '', '33*26*33', '', '', 3, '2019-11-04 12:36:38'),
(1421, 7038, 'N/A', 'SB41-110-ET-C', '', '', 'KRAFT', '184', '', 'Printing (Black)', '', '979*1065', '', '2', '', '33*26*33', '', '', 3, '2019-11-04 12:36:38'),
(1422, 7039, 'N/A', 'S61-121-ET-C', '', '', 'KRAFT', '', '', 'Printing (Black)', '', '554*1569', '', 'N/A', '', '33*26*33', '', '', 3, '2019-11-04 12:36:38'),
(1423, 7040, 'N/A', 'SB33-110-ET-C', '', '', 'KRAFT', '178', '325', 'Printing (Intense Black)', '', '822*855', '', '2', '', '33*26*33', '', '', 3, '2019-11-04 12:36:38'),
(1424, 7041, 'N/A', 'S40-130-ET-C', '', '', 'KRAFT', '', '', '', '', '700*1039', '', '6', '', '33*26*33', '', '', 3, '2019-11-04 12:36:38'),
(1425, 7042, 'N/A', 'SB46-110-ET-C', '', '', 'KRAFT', '181', '', '', '', '509*1173', '', '5', '', '33*26*33', '', '', 3, '2019-11-04 12:36:38'),
(1426, 7043, 'N/A', 'SB46-120-ET-C', '', '', 'KRAFT', '133', '', '', '', '779*1173', '', '10', '', '33*26*33', '', '', 3, '2019-11-04 12:36:39'),
(1427, 7044, 'PK514077EN', 'S21-111-ET-C', '', 'FLEXO', 'KRAFT', '', '', 'Printing (PMS 300 Blue)', '', '540*1182', '', '1', '', '', '', '', 3, '2019-11-04 12:36:39'),
(1428, 7045, '11619291', 'D48-110-ET-C', '', 'PAD', 'KRAFT', '126', '', '', '', '1239*538', '', '1', '', '', '', '', 3, '2019-11-04 12:36:39'),
(1429, 7046, 'CLP-78061-DCT', '', '', 'EMBOSS', 'KRAFT', '43', '', '', '', '', '', '', '', '', '', '', 3, '2019-11-04 12:36:39'),
(1430, 7047, '78747CTN', 'S34-111-ET-C', '', 'FLEXO', 'KRAFT', '', '', 'Printing (PMS 300 Blue)', '', '880*1580', '', '1', '', '34*26*26', '', '', 3, '2019-11-04 12:36:39'),
(1431, 7048, 'N/A', '', '', 'FLEXO', 'KRAFT', '123', '', '', '', '', '', '', '', '', '', '', 3, '2019-11-04 12:36:39'),
(1432, 7049, 'PAD', 'S62-110-ET-C', '', 'EMBOSS', 'KRAFT', '', '', '', '', '671*1590', '', '8', '', '33*26*26', '', '', 3, '2019-11-04 12:36:39'),
(1433, 7050, 'INSERT', 'S61-120-ET-C', '', 'EMBOSS', 'KRAFT', '94', '', '', '', '753*1554', '', '6', '', '33*26*33', '', '', 3, '2019-11-04 12:36:39'),
(1434, 7051, 'N/A', '', '', 'FLEXO', 'KRAFT', '', '', 'PMS BLUE 300', '', '572*1698', '', '1', '', '33*26*33', '', '', 3, '2019-11-04 12:36:40'),
(1435, 7052, 'N/A', 'S33-120-ET-C', '', 'FLEXO', 'KRAFT', '70', '', 'Printing (Blue 300)', '', '660*858', '', '1', '', '33*26*33', '', '', 3, '2019-11-04 12:36:40'),
(1436, 7053, 'N/A', 'S81-110-ET-C', '', 'FLEXO', 'KRAFT', '', '', 'Printing (Blue 300)', '', '758*2060', '', '1', '', '42*26*33', '', '', 3, '2019-11-04 12:36:40'),
(1437, 7054, 'N/A', 'SB43-110-ET-C', '', 'FLEXO', 'KRAFT', '163', '', '', '', '793*1097', '', '3', '', '33*26*33', '', '', 3, '2019-11-04 12:36:40'),
(1438, 7055, 'N/A', 'S48-110-ET-C', '', 'FLEXO', 'KRAFT', '173', '', 'Printing (Blue 300)', '', '872*1230', '', '2', '', '33*26*33', '', '', 3, '2019-11-04 12:36:40'),
(1439, 7056, '238X177X316 BOX', 'S71-110-CS-C', '', 'NO', 'KRAFT', '113', 'Litho', 'N/A', '', '435*911', '', '', '', '33*26*26', '', '', 3, '2019-11-04 12:36:40'),
(1440, 7057, '635045 BOX', 'S72-110-CS-C', '', 'NO', 'KRAFT', '106', 'n/a', 'BLK-000-LGE-K', '', '747*1854', '', '', '', '33*26*26', '', '', 3, '2019-11-04 12:36:41'),
(1441, 7058, 'RSC JNT L/W', 'S42-111-FR-C', '', 'NO', 'KRAFT', '', '', 'N/A', '', '747*1080', '', '', '', '33*26*33', '', '', 3, '2019-11-04 12:36:41'),
(1442, 7059, 'RSC JNT L/W', 'S42-111-FR-C', '', 'NO', 'KRAFT', '', '', 'N/A', '', '747*1080', '', '', '', '33*26*33', '', '', 3, '2019-11-04 12:36:41'),
(1443, 7060, '510*510*450', 'S84-111-HN-C', '', 'FLEXO', 'KRAFT', '0', '0', 'BLK-000-LGE-K', '', '978*2120', '', '', '', '42*26*33', '', '', 3, '2019-11-04 12:36:41'),
(1444, 7061, 'BOX 257X208X149', 'S38-111-HN-C', '', 'FLEXO', 'KRAFT', '', '', 'BLK-000-LGE-K', '', '357*967', '', '', '', '26*26*26', '', '', 3, '2019-11-04 12:36:41'),
(1445, 7062, 'BOX 310*190*160', 'S43-111-HN-C', '', 'FLEXO', 'KRAFT', 'Navaja', '', '-', '', '350*1100', '', '1', '', '26*26*26', '', '', 3, '2019-11-04 12:36:41'),
(1446, 7063, 'BOX 446X304X223', 'S61-111-HN-C', '', 'FLEXO', 'KRAFT', '', '', 'ROJ-207C-LGE-K, BLK-000-LGE-K', '', '527*1542', '', '', '', '33*26*33', '', '', 3, '2019-11-04 12:36:41'),
(1447, 7064, '290 x 195 x 160', '', '', 'FLEXO', 'KRAFT', 'Navaja', '', '', '', '354*1007', '', '1', '', '', '', '', 3, '2019-11-04 12:36:41'),
(1448, 7065, 'J.COX BOX', 'D37-210-JC-C', '', 'FLEXO', 'KRAFT', '0', '181', 'BLK-000-LGE-K', '', '715*940', '', '', '', '42*26*26*26*33', '', '', 3, '2019-11-04 12:36:41'),
(1449, 7066, '660*1150', 'ANY-SHEET-D', '', 'PAD', 'KRAFT', '', '', '', '', '660*1150', '', '', '', '42*26*26*26*33', '', '', 3, '2019-11-04 12:36:42'),
(1450, 7067, 'J.COX BOX', 'D112-111-JC-C', '', 'FLEXO', 'KRAFT', '', '', 'BLK-000-LGE-K', '', '1068*2845', '', '', '', '42*26*26*26*33', '', '', 3, '2019-11-04 12:36:42'),
(1451, 7068, 'J.COX BOX', 'D135-111-JC-C', '', 'FLEXO', 'KRAFT', '', '', 'BLK-000-LGE-K', '', '1360*3747', '', '', '', '42*26*35*26*42', '', '', 3, '2019-11-04 12:36:42'),
(1452, 7069, 'J.COX', 'D37-110-JC-S', '', 'PAD', 'KRAFT', '', '', '', '', '600*1920', '', '', '', '42*26*26*26*33', '', '', 3, '2019-11-04 12:36:42'),
(1453, 7070, 'J.COX', 'D45-110-JC-S', '', 'PAD', 'KRAFT', '', '', '', '', '680*1170', '', '', '', '42*26*26*26*33', '', '', 3, '2019-11-04 12:36:42'),
(1454, 7071, 'SB BOX', 'D91-111-JC-C', '', 'FLEXO', 'KRAFT', '', '', 'BLK-000-LGE-K', '', '868*2325', '', '', '', '42*26*35*26*30', '', '', 3, '2019-11-04 12:36:42'),
(1455, 7072, 'JM-PAD-MEDIANA', 'S72-110-JM-S', '', 'PAD', 'KRAFT', '8', '', '', '', '607*2305', '', '', '', '26*26*26', '', '', 3, '2019-11-04 12:36:42'),
(1456, 7073, 'JM-PAD-GRANDE', 'S75-110-JM-S', '', 'PAD', 'KRAFT', '', '', '', '', '533*1916', '', '', '', '26*26*26', '', '', 3, '2019-11-04 12:36:42'),
(1457, 7074, 'JM-PAD-CHICA', 'S80-110-JM-S', '', 'PAD', 'KRAFT', '', '', '', '', '530*2020', '', '', '', '26*26*26', '', '', 3, '2019-11-04 12:36:43'),
(1458, 7075, 'JM-782-2207', 'S87-111-JM-C', '', 'FLEXO', 'KRAFT', '', '', 'BLK-000-LGE-K', '', '781*2207', '', '', '', '33*26*33', '', '', 3, '2019-11-04 12:36:43'),
(1459, 7076, '325 X 510 PAD', '', '', 'FLEXO', 'WHITE', '', '', '', '', '381*1020', '', '', '', '33*26*26*26*33', '', '', 3, '2019-11-04 12:36:43'),
(1460, 7077, '584X114X76', 'D58-110-KS-C', '', 'N', 'KRAFT', '91', '', '', '', '236*1482', '', '', '', '33*26*26*26*33', '', '', 3, '2019-11-04 12:36:43'),
(1461, 7078, 'KS BOX MED.', 'S56-111-KS-C', '', 'N', 'KRAFT', '', '', '', '', '522*1410', '', '', '', '33*26*33', '', '', 3, '2019-11-04 12:36:43'),
(1462, 7079, 'BOX 16\"', 'S60-111-KS-C', '', 'FLEXO', 'KRAFT', '', '', '', '', '546*1521', '', '', '', '33*26*26', '', '', 3, '2019-11-04 12:36:43'),
(1463, 7080, '325 X 510 PAD', 'S61-110-KS-S', '', 'PAD', 'KRAFT', '', '', '', '', '670*1550', '', '', '', '26*26*26', '', '', 3, '2019-11-04 12:36:43'),
(1464, 7081, '(267 X 216 X 165)', '', '', 'FLEXO', 'KRAFT', '', '', '', '', '', '', '', '', '#N/A', '', '', 3, '2019-11-04 12:36:44'),
(1465, 7082, '43LF6350-SB/', 'D43-250-LG-C', '', 'FULL-2', 'KRAFT', '0', '0', 'ROJ-207C-LGE-K, BLK-000-LGE-K', '', '821*1280', '', '', '', '42*26*26*26*33', 'MAY67051001', '', 3, '2019-11-04 12:36:44'),
(1466, 7083, '43LF5100-UA', 'DW43-110-LG-C', '', 'TIP ON', 'WHITE', '44', '0', 'ROJ-207C-LGE-B, BLK-000-LGE-K', '', '836*2475', '', '', '', '42*26*26*26*33', 'MAY67613402', '', 3, '2019-11-04 12:36:44'),
(1467, 7084, '19CNV42K-BL/', 'S19-110-LG-A', '', 'FLEXO', 'KRAFT', '103', '0', 'ROJ-207C-LGE-K, BLK-000-LGE-K', '', '584*1786', '', '', '', '42*40*42', '', '', 3, '2019-11-04 12:36:44'),
(1468, 7085, '22MT49', 'S22-110-LG-C', '', 'FLEXO', 'KRAFT', '260', '0', 'BLK-000-LGE-K', '', '515*2108', '', '', '', '42*40*42', '', '', 3, '2019-11-04 12:36:44'),
(1469, 7086, '22MT48AF-PM/', 'S22-110-LG-C', '', 'FLEXO', 'KRAFT', '260', '0', 'BLK-000-LGE-K', '', '515*2108', '', '', '', '42*40*42', '', '', 3, '2019-11-04 12:36:44'),
(1470, 7087, '22MT47A-PMP', 'S22-110-LG-C', '', 'FLEXO', 'KRAFT', '260', '0', 'ROJ-207C-LGE-K, BLK-000-LGE-K', '', '515*2108', '', '', '', '42*40*42', '', '', 3, '2019-11-04 12:36:44'),
(1471, 7088, '23MT77D-PUS/', 'S23-110-LG-C', '', 'FLEXO', 'KRAFT', '109', '0', 'ROJ-207C-LGE-K, BLK-000-LGE-K', '', '535*2025', '', '', '', '42*40*42', '', '', 3, '2019-11-04 12:36:45'),
(1472, 7089, '24TL520A', 'S24-120-LG-C', '', '', '', '227', '76', '', '', '535*2235', '', '', '', '#N/A', '', '', 3, '2019-11-04 12:36:45'),
(1473, 7090, '24MT45A-PMP/', 'S24-141-LG-C', '', 'FLEXO', 'KRAFT', '0', '0', 'ROJ-207C-LGE-K, BLK-000-LGE-K', '', '514*2222', '', '', '', '42*40*42', '', '', 3, '2019-11-04 12:36:45'),
(1474, 7091, '28MT49DF-PU', 'S28-110-LG-C', '', 'FLEXO', 'KRAFT', '51', '0', 'BLK-000-LGE-K', '', '583*1866', '', '', '', '42*40*42', '', '', 3, '2019-11-04 12:36:45'),
(1475, 7092, '28MT48AC-PM', 'S28-110-LG-C', '', 'FLEXO', 'KRAFT', '51', '0', 'BLK-000-LGE-K', '', '583*1866', '', '', '', '42*40*42', '', '', 3, '2019-11-04 12:36:45'),
(1476, 7093, '28MT48DF-PU/', 'S28-110-LG-C', '', 'FLEXO', 'KRAFT', '51', '0', 'BLK-000-LGE-K', '', '583*1866', '', '', '', '42*40*42', '', '', 3, '2019-11-04 12:36:45'),
(1477, 7094, '28MT48VF-PD/', 'S28-110-LG-C', '', 'FLEXO', 'KRAFT', '51', '0', 'BLK-000-LGE-K', '', '583*1866', '', '', '', '42*40*42', '', '', 3, '2019-11-04 12:36:45'),
(1478, 7095, '28LF4520-PU/', 'S28-110-LG-C', '', 'FLEXO', 'KRAFT', '51', '0', 'ROJ-207C-LGE-K, BLK-000-LGE-K', '', '583*1866', '', '', '', '42*40*42', '', '', 3, '2019-11-04 12:36:45'),
(1479, 7096, '28MT47B-PMP/', 'S28-120-LG-C', '', 'FLEXO', 'KRAFT', '80', '0', 'ROJ-207C-LGE-K, BLK-000-LGE-K', '', '610*1738', '', '', '', '42*40*42', '', '', 3, '2019-11-04 12:36:45'),
(1480, 7097, '32LY340C-UA/', 'S32-130-LG-C', '', 'FLEXO', 'KRAFT', '0', '0', 'BLK-000-LGE-K', '', '668*1936', '', '', '', '42*40*42', '', '', 3, '2019-11-04 12:36:46'),
(1481, 7098, '49UK7500PUA/', 'DW49-140-LG-C', '', 'TIP ON', 'WHITE', '47', '1', 'MOR-216C-LGE-B, BLK-000-LGE-K', '', '998*2760', '', '', '', '42*26*26*26*34', 'MAY68459202', '', 3, '2019-11-04 12:36:46'),
(1482, 7099, '24MT48DF-PS', 'S24-110-LG-C', '', 'FLEXO', 'KRAFT', '37', '58', 'BLK-000-LGE-K', '', '535*2235', '', '', '', '#N/A', '', '', 3, '2019-11-04 12:36:46'),
(1483, 7100, '24TL520D-PU/', 'S24-120-LG-C', '', 'FLEXO', 'KRAFT', '255', '55', 'BLK-000-LGE-K', '', '550*2135', '', '', '', '42*40*42', '', '', 3, '2019-11-04 12:36:46'),
(1484, 7101, '28TL43OD_ODM', 'S28-120-LG-C', '', 'FLEXO', 'KRAFT', '78', '127', 'BLK-000-LGE-K', '', '610*1738', '', '', '', '42*40*42', '', '', 3, '2019-11-04 12:36:46'),
(1485, 7102, '22MB35D-IE/22MB35DM-IF/22MB35Y-II/', 'S22-120-LG-C', '', 'FLEXO', 'KRAFT', '32', '126', 'BLK-000-LGE-K', '', '530*1955', '', '', '', '42*40*42', '', '', 3, '2019-11-04 12:36:46'),
(1486, 7103, '49LK5700', 'DW49-150-LG-C', '', 'FLEXO', 'WHITE', '207', '49', 'ROJ-207C-LGE-B, BLK-000-LGE-K', '', '960*2780', '', '', '', '42*26*26*26*33', '', '', 3, '2019-11-04 12:36:46'),
(1487, 7104, '22LJ4540-PU/', 'S22-110-LG-C', '', 'FLEXO', 'KRAFT', '260', '70', 'BLK-000-LGE-K', '', '515*2108', '', '', '', '42*40*42', '', '', 3, '2019-11-04 12:36:46'),
(1488, 7105, '22TK410A', 'S22-110-LG-C', '', 'FLEXO', 'KRAFT', '260', '89', 'BLK-000-LGE-K', '', '515*2108', '', '', '', '42*40*42', '', '', 3, '2019-11-04 12:36:46'),
(1489, 7106, '24MB35D-BE/24MB35DM-BF/', 'S24-120-LG-C', '', 'FLEXO', 'KRAFT', '257', '125', 'BLK-000-LGE-K', '', '560*2135', '', '', '', '42*40*42', '', '', 3, '2019-11-04 12:36:47'),
(1490, 7107, '24MB35P-BE/24MB35PU-BH/24MB35PY-BI/', 'S24-170-LG-C', '', 'FLEXO', 'KRAFT', '6', '124', 'BLK-000-LGE-K', '', '690*2295', '', '', '', '42-36-56', '', '', 3, '2019-11-04 12:36:47'),
(1491, 7108, '24CAV37K-BL/', 'S24-150-LG-C', '', 'FLEXO', 'KRAFT', '86', '123', 'BLK-000-LGE-K', '', '610*2135', '', '', '', '42*40*42', '', '', 3, '2019-11-04 12:36:47'),
(1492, 7109, '28LY560M-UA', 'S28-130-LG-C', '', 'FLEXO', 'KRAFT', '73', '94', 'BLK-000-LGE-K', '', '628*1780', '', '', '', '42*40*42', '', '', 3, '2019-11-04 12:36:47'),
(1493, 7110, '43UM7100PUA/', 'DW43-110-LG-C', '', 'FLEXO', 'WHITE', '180', '51', 'MOR-216C-LGE-B, BLK-000-LGE-K', '', '825*2470', '', '', '', '42*26*26*26*33', '', '', 3, '2019-11-04 12:36:47'),
(1494, 7111, '23CAV42_US/CC', 'S23-120-LG-C', '', 'FLEXO', 'KRAFT', '35', '22', 'ROJ-207C-LGE-K, BLK-000-LGE-K', '', '609*2076', '', '', '', '42*40*42', '', '', 3, '2019-11-04 12:36:47'),
(1495, 7112, '50UM7400PUA/', 'DW50-120-LG-C', '', 'TIP ON', 'WHITE', '202', '25', 'MOR-216C-LGE-B', '', '1051*2849', '', '', '', '42*26*26*26*34', 'MAY69333701', '', 3, '2019-11-04 12:36:47'),
(1496, 7113, '49UK63', 'DW49-150-LG-C', '', 'FLEXO', 'WHITE', '209', '47', 'MOR-216C-LGE-B, BLK-000-LGE-K', '', '960*2780', '', '', '', '42*26*26*26*33', '', '', 3, '2019-11-04 12:36:48'),
(1497, 7114, '43UK6300', 'DW43-110-LG-C', '', 'FLEXO', 'WHITE', '180', '28', 'MOR-216C-LGE-B, BLK-000-LGE-K', '', '836*2475', '', '', '', '42*26*26*26*33', '', '', 3, '2019-11-04 12:36:48'),
(1498, 7115, '49UM7300PSA/', 'DW49-150-LG-C', '', 'FLEXO', 'WHITE', '207', '28', 'MOR-216C-LGE-B, BLK-000-LGE-K', '', '960*2780', '', '', '', '42*26*26*26*33', '', '', 3, '2019-11-04 12:36:48'),
(1499, 7116, '43UK6500', 'DW43-110-LG-C', '', 'TIP ON', 'WHITE', '31', '32', 'MOR-216C-LGE-B, BLK-000-LGE-K', '', '836*2475', '', '', '', '42*26*26*26*33', 'MAY68509301', '', 3, '2019-11-04 12:36:48'),
(1500, 7117, '49SM8600PUA/', 'DW49-140-LG-C', '', 'TIP ON', 'WHITE', '27', '33', 'GRA-80-LGE-B / BLK-000-LGE-K', '', '998*2760', '', '', '', '42*26*26*26*34', 'MAY69351001', '', 3, '2019-11-04 12:36:48'),
(1501, 7118, '49UM7100PUA/', 'DW49-150-LG-C', '', 'FLEXO', 'WHITE', '236', '35', 'MOR-216C-LGE-B, BLK-000-LGE-K', '', '960*2780', '', '', '', '42*26*26*26*34', '', '', 3, '2019-11-04 12:36:48'),
(1502, 7119, '34BL85C', 'D34-110-LG-C', '', 'FLEXO', 'KRAFT', '131', '121', 'Printing (Intense Black)', '', '752*2453', '', '1', '', '42*26*26*26*33', '', '', 3, '2019-11-04 12:36:48'),
(1503, 7120, 'CBV42-BL', 'S76-111-LG-C', '', 'FLEXO', 'KRAFT', '0', '36', 'BLK-000-LGE-K', '', '728*1926', '', '', '', '33*26*33', '', '', 3, '2019-11-04 12:36:48'),
(1504, 7121, '49UK7500', 'DW49-140-LG-C', '', 'TIP ON', 'WHITE', '27', '38', 'MOR-216C-LGE-B, BLK-000-LGE-K', '', '998*2760', '', '', '', '42*26*26*26*34', 'MAY68459201', '', 3, '2019-11-04 12:36:48'),
(1505, 7122, '43UK6300', 'DW43-110-LG-C', '', 'FLEXO', 'WHITE', '180', '24', 'MOR-216C-LGE-B, BLK-000-LGE-K', '', '836*2475', '', '', '', '42*26*26*26*33', '', '', 3, '2019-11-04 12:36:49'),
(1506, 7123, '43LK57', 'DW43-110-LG-C', '', 'FLEXO', 'WHITE', '180', '40', 'ROJ-207C-LGE-B, BLK-000-LGE-K', '', '836*2475', '', '', '', '42*26*26*26*33', '', '', 3, '2019-11-04 12:36:49'),
(1507, 7124, '28LK430B-PD', 'S28-140-LG-C', '', 'FLEXO', 'KRAFT', '244', '129', 'BLK-000-LGE-K', '', '644*1767', '', '', '', '42*40*42', '', '', 3, '2019-11-04 12:36:49'),
(1508, 7125, '50UM73', 'DW50-110-LG-C', '', 'FLEXO', 'WHITE', '2', '2', 'MOR-216C-LGE-B, BLK-000-LGE-K', '', '970*2835', '', '', '', '42*26*26*26*34', '', '', 3, '2019-11-04 12:36:49'),
(1509, 7126, '27BK550Y-BI/', 'S27-160-LG-C', '', 'FLEXO', 'KRAFT', '', '120', 'BLK-000-LGE-K', '', '744*2540', '', '', '', '42*36*56', '', '', 3, '2019-11-04 12:36:49'),
(1510, 7127, '27BK430H-BB/', 'S27-120-LG-C', '', 'FLEXO', 'KRAFT', '258', '114', 'BLK-000-LGE-K', '', '630*2385', '', '', '', '42*33*56', '', '', 3, '2019-11-04 12:36:49'),
(1511, 7128, '43UK6300BUB', 'DW43-110-LG-C', '', 'TIP ON', 'KRAFT', '180', '48', 'MOR-216C-LGE-K, BLK-000-LGE-K', '', '825*2475', '', '', '', '42*26*26*26*33', 'MAY68589801', '', 3, '2019-11-04 12:36:49'),
(1512, 7129, '42LCDSVC', 'D43-120-LG-C', '', 'FLEXO', 'KRAFT', '36', '119', 'BLK-000-LGE-K', '', '829*2487', '', '', '', '42*26*26*2633', '', '', 3, '2019-11-04 12:36:50'),
(1513, 7130, '49SE3B-SERIES', 'D49-130-LG-C', '', 'FLEXO', 'KRAFT', '220', '118', 'BLK-000-LGE-K', '', '942*2740', '', '', '', '42*26*26*26*34', '', '', 3, '2019-11-04 12:36:50'),
(1514, 7131, 'CBV42-BL/', 'S42-110-LG-A', '', 'FLEXO', 'KRAFT', '259', '51', 'ROJ-207C-LGE-K, BLK-000-LGE-K', '', '514*962', '', '', '', '26*26*26', '', '', 3, '2019-11-04 12:36:50'),
(1515, 7132, '50LCDSVC', 'D49-110-LG-C', '', 'FLEXO', 'KRAFT', '204', '117', 'BLK-000-LGE-K', '', '918*2757', '', '', '', '42*26*26*2634', '', '', 3, '2019-11-04 12:36:50'),
(1516, 7133, '43LK5000PSA/', 'DW43-110-LG-C', '', 'FLEXO', 'WHITE', '199', '53', 'ROJ-207C-LGE-B, BLK-000-LGE-K', '', '836*2475', '', '', '', '42*26*26*26*33', '', '', 3, '2019-11-04 12:36:50'),
(1517, 7134, '32LK510BPDA/32LK510BPSA/', 'SW32-130-LG-C', '', 'FLEXO', 'WHITE', '13', '54', 'ROJ-207C-LGE-B, BLK-000-LGE-K', '', '668*1950', '', '', '', '42*40*42', '', '', 3, '2019-11-04 12:36:50'),
(1518, 7135, '43LU340L-UB/', 'D43-110-LG-C', '', 'FLEXO', 'KRAFT', '180', '116', 'BLK-000-LGE-K', '', '825*2470', '', '', '', '42*26*26*26*33', '', '', 3, '2019-11-04 12:36:50'),
(1519, 7136, '43UK65', 'DW43-170-LG-C', '', 'TIP ON', 'WHITE', '219', '36', 'MOR-216C-LGE-B, BLK-000-LGE-K', '', '875*2596', '', '', '', '42*26*26*26*33', 'MAY68512701', '', 3, '2019-11-04 12:36:50'),
(1520, 7137, '49UM7300PUA/', 'DW49-150-LG-C', '', 'FLEXO', 'WHITE', '209', '50', 'MOR-216C-LGE-B, BLK-000-LGE-K', '', '960*2780', '', '', '', '42*26*26*26*33', '', '', 3, '2019-11-04 12:36:50'),
(1521, 7138, '24TL520D-WU/', 'S24-120-LG-C', '', 'FLEXO', 'KRAFT', '255', '58', 'BLK-000-LGE-K', '', '550*2135', '', '', '', '42*40*42', '', '', 3, '2019-11-04 12:36:51'),
(1522, 7139, '49LT340C0UB/', 'D49-130-LG-C', '', 'FLEXO', 'KRAFT', '207', '134', 'BLK-000-LGE-K', '', '942*2740', '', '', '', '42*26*26*26*33', '', '', 3, '2019-11-04 12:36:51'),
(1523, 7140, '43UM7300PDA/43UM7300PSA/43UM7310PUA/', 'DW43-110-LG-C', '', 'FLEXO', 'WHITE', '180', '49', 'MOR-216C-LGE-B, BLK-000-LGE-K', '', '825*2470', '', '', '', '42*26*26*26*33', '', '', 3, '2019-11-04 12:36:51');
INSERT INTO `tblmodelo` (`idmodelo`, `idparte`, `descripcion`, `nombrehoja`, `customer`, `fulloneimpresion`, `colorlinea`, `diucutno`, `platonumero`, `color`, `blanksize`, `sheetsize`, `score`, `normascompartidas`, `salida`, `combinacion`, `lithoname`, `comment`, `idusuario`, `fecharegistro`) VALUES
(1524, 7141, '24BK550Y-II/', 'S24-170-LG-C', '', 'FLEXO', 'KRAFT', '5', '115', 'BLK-000-LGE-K', '', '690*2295', '', '', '', '42-36-56', '', '', 3, '2019-11-04 12:36:51'),
(1525, 7142, '24LM520D-WU/', 'S24-120-LG-C', '', 'FLEXO', 'KRAFT', '255', '71', 'BLK-000-LGE-K', '', '550*2135', '', '', '', '42*40*42', '', '', 3, '2019-11-04 12:36:51'),
(1526, 7143, '22MT48DF-PU/', 'S22-110-LG-C', '', 'FLEXO', 'KRAFT', '260', '56', 'BLK-000-LGE-K', '', '515*2108', '', '', '', '42*40*42', '', '', 3, '2019-11-04 12:36:51'),
(1527, 7144, '43UM7300AUE/', 'DW43-110-LG-C', '', 'TIP ON', 'WHITE', '180', '7', 'MOR-216C-LGE-B, BLK-000-LGE-K', '', '825*2470', '', '', '', '42*26*26*26*33', 'MAY69356101', '', 3, '2019-11-04 12:36:51'),
(1528, 7145, '49SK8050PUA/', 'DW49-140-LG-C', '', 'TIP ON', 'WHITE', '47', '71', 'GRA-80-LGE-B / BLK-000-LGE-K', '', '998*2760', '', '', '', '42*26*26*26*34', 'MAY68589901', '', 3, '2019-11-04 12:36:52'),
(1529, 7146, '24LM520S-WU/', 'S24-120-LG-C', '', 'FLEXO', 'KRAFT', '255', '75', 'BLK-000-LGE-K', '', '550*2135', '', '', '', '42*40*42', '', '', 3, '2019-11-04 12:36:52'),
(1530, 7147, '49UK6200PDA/49UK6200PSA/', 'DW49-150-LG-C', '', 'FLEXO', 'WHITE', '3', '43', 'MOR-216C-LGE-B, BLK-000-LGE-K', '', '960*2780', '', '', '', '42*26*26*26*34', '', '', 3, '2019-11-04 12:36:52'),
(1531, 7148, '49UK60', 'DW49-150-LG-C', '', 'TIP ON', 'WHITE', '209', '79', 'MOR-216C-LGE-B, BLK-000-LGE-K', '', '960*2780', '', '', '', '42*26*26*26*33', 'MAY68748501', '', 3, '2019-11-04 12:36:52'),
(1532, 7149, '43LU660H-SB/', 'D43-110-LG-C', '', 'FLEXO', 'KRAFT', '180', '112', 'BLK-000-LGE-K', '', '825*2470', '', '', '', '42*26*26*26*33', '', '', 3, '2019-11-04 12:36:52'),
(1533, 7150, '24TK410V-PD/', 'S24-110-LG-C', '', 'FLEXO', 'KRAFT', '84', '72', 'BLK-000-LGE-K', '', '535*2235', '', '', '', '42*40*42', '', '', 3, '2019-11-04 12:36:52'),
(1534, 7151, '43UT570H0UA/', 'D43-150-LG-C', '', 'FLEXO', 'KRAFT', '212', '111', 'BLK-000-LGE-K', '', '865*2725', '', '', '', '42*26*26*26*33', '', '', 3, '2019-11-04 12:36:52'),
(1535, 7152, '43MU79', 'D43-140-LG-C', '', 'FLEXO', 'WHITE', '25', '84', 'BLK-000-LG-K', '', '953*2743', '', '', '', '42*26*26*26*33', '', '', 3, '2019-11-04 12:36:52'),
(1536, 7153, '24MT49S-PUS/', 'S24-110-LG-C', '', 'FLEXO', 'KRAFT', '93 / 95', '73', 'BLK-000-LGE-K', '', '535*2235', '', '', '', '42*40*42', '', '', 3, '2019-11-04 12:36:52'),
(1537, 7154, '32MU59-BB/', 'D32-110-LG-C', '', 'FLEXO', 'KRAFT', '68', '110', 'BLK-000-LGE-K', '', '750*2840', '', '', '', '42*26*33*26*33', '', '', 3, '2019-11-04 12:36:53'),
(1538, 7155, '43LK5700PUA/', 'DW43-110-LG-C', '', 'TIP ON', 'WHITE', '244', '89', 'ROJ-207C-LGE-B, BLK-000-LGE-K', '', '825*2470', '', '', '', '42*26*26*26*33', 'MAY68808201', '', 3, '2019-11-04 12:36:53'),
(1539, 7156, '43LM5700PUA/', 'DW43-110-LG-C', '', 'FLEXO', 'WHITE', '180', '90', 'ROJ-207C-LGE-B, BLK-000-LGE-K', '', '825*2470', '', '', '', '42*26*26*26*33', '', '', 3, '2019-11-04 12:36:53'),
(1540, 7157, '32LK500BPDA/32LK500BPSA/', 'SW32-130-LG-C', '', 'FLEXO', 'WHITE', '65', '45', 'ROJ-207C-LGE-B, BLK-000-LGE-K', '', '668*1950', '', '', '', '42*40*42', '', '', 3, '2019-11-04 12:36:53'),
(1541, 7158, '43UK6500PSA/', 'DW43-110-LG-C', '', 'FLEXO', 'WHITE', '31', '13', 'MOR-216C-LGE-B, BLK-000-LGE-K', '', '836*2475', '', '', '', '42*26*26*26*33', '', '', 3, '2019-11-04 12:36:53'),
(1542, 7159, '43LM6300PDB/43LM6300PSB/43LM6300PUB/', 'DW43-110-LG-C', '', 'FLEXO', 'WHITE', '180', '29', 'ROJ-207C-LGE-B, BLK-000-LGE-K', '', '825*2470', '', '', '', '42*26*26*26*33', '', '', 3, '2019-11-04 12:36:53'),
(1543, 7160, '32LK61', 'SW32-130-LG-C', '', 'FLEXO', 'WHITE', '13', '46', 'ROJ-207C-LGE-B, BLK-000-LGE-K', '', '668*1950', '', '', '', '42*40*42', '', '', 3, '2019-11-04 12:36:53'),
(1544, 7161, '43UK6200PDA/43UK6200PSA/', 'DW43-110-LG-C', '', 'FLEXO', 'WHITE', '180', '97', 'MOR-216C-LGE-B, BLK-000-LGE-K', '', '825*2470', '', '', '', '42*26*26*26*33', '', '', 3, '2019-11-04 12:36:54'),
(1545, 7162, '24MT48AF-PM', 'S24-110-LG-C', '', 'FLEXO', 'KRAFT', '215', '74', 'BLK-000-LGE-K', '', '535*2235', '', '', '', '42*40*42', '', '', 3, '2019-11-04 12:36:54'),
(1546, 7163, '24TK410D-PS/', 'S24-110-LG-C', '', 'FLEXO', 'KRAFT', '84', '77', 'BLK-000-LGE-K', '', '535*2235', '', '', '', '42*40*42', '', '', 3, '2019-11-04 12:36:54'),
(1547, 7164, '24TK410V-WD/', 'S24-110-LG-C', '', 'FLEXO', 'KRAFT', '84', '100', 'BLK-000-LGE-K', '', '535*2235', '', '', '', '42*40*42', '', '', 3, '2019-11-04 12:36:54'),
(1548, 7165, '24MT48AF-PM/', 'S24-110-LG-C', '', 'FLEXO', 'KRAFT', '215', '61 / 62', 'BLK-000-LGE-K', '', '535*2235', '', '', '', '42*40*42', '', '', 3, '2019-11-04 12:36:54'),
(1549, 7166, '24MT48DF-PU/', 'S24-110-LG-C', '', 'FLEXO', 'KRAFT', '215', '78', 'BLK-000-LGE-K', '', '535*2235', '', '', '', '42*40*42', '', '', 3, '2019-11-04 12:36:54'),
(1550, 7167, '20CAV37', 'S20-120-LG-C', '', 'FLEXO', 'KRAFT', '145', '109', 'BLK-000-LGE-K', '', '575*1816', '', '', '', '42*35*56', '', '', 3, '2019-11-04 12:36:54'),
(1551, 7168, '43UK6200PUA', 'DW43-110-LG-C', '', 'TIP ON', 'WHITE', '180', '107', 'MOR-216C-LGE-B, BLK-000-LGE-K', '', '825*2470', '', '', '', '42*26*26*26*33', 'MAY68635601', '', 3, '2019-11-04 12:36:54'),
(1552, 7169, '50UM7300AUE/', 'DW50-110-LG-C', '', 'TIP ON', 'WHITE', '2', '110', 'MOR-216-LGE-B', '', '970*2835', '', '', '', '42*26*26*26*34', 'MAY69374701', '', 3, '2019-11-04 12:36:54'),
(1553, 7170, '28LK430B', 'S28-140-LG-C', '', 'FLEXO', 'KRAFT', '77', '108', 'BLK-000-LGE-K', '', '644*1767', '', '', '', '42*40*42', '', '', 3, '2019-11-04 12:36:55'),
(1554, 7171, '32LK540BPDA/32LK540BPSA/32LK540BPUA/', 'SW32-140-LG-C', '', 'FLEXO', 'WHITE', '49', '18', 'ROJ-207C-LGE-B, BLK-000-LGE-K', '', '690*2000', '', '', '', '42*40*42', '', '', 3, '2019-11-04 12:36:55'),
(1555, 7172, '49UM6900PUA', 'DW49-150-LG-C', '', 'TIP ON', 'WHITE', '31', '25', 'MOR-216C-LGE-B, BLK-000-LGE-K', '', '960*2780', '', '', '', '42*26*26*26*33', 'MAY69360001', '', 3, '2019-11-04 12:36:55'),
(1556, 7173, '49UM6900PUA', 'DW49-150-LG-C', '', 'TIP ON', 'WHITE', '31', '34', 'MOR-216C-LGE-B, BLK-000-LGE-K', '', '960*2780', '', '', '', '42*26*26*26*33', 'MAY69360002', '', 3, '2019-11-04 12:36:55'),
(1557, 7174, '24TL520D-PU/', 'S24-120-LG-C', '', 'FLEXO', 'KRAFT', '255', '146', 'BLK-000-LGE-K', '', '550*2135', '', '', '', '#N/A', '', '', 3, '2019-11-04 12:36:55'),
(1558, 7175, '20MT49DF-PU/', 'S20-110-LG-C', '', 'FLEXO', 'KRAFT', '146', '136', 'BLK-000-LGE-K', '', '491*1942', '', '', '', '42*35*56', '', '', 3, '2019-11-04 12:36:55'),
(1559, 7176, '24LH4830-PU/', 'S24-110-LG-C', '', 'FLEXO', 'KRAFT', '95', '80', 'BLK-000-LGE-K', '', '535*2235', '', '', '', '42*40*42', '', '', 3, '2019-11-04 12:36:55'),
(1560, 7177, '43LX560H-UC/43LX570H-UC', 'D43-130-LG-C', '', 'FLEXO', 'KRAFT', '214', '107', 'BLK-000-LGE-K', '', '886*2520', '', '', '', '42*26*26*26*33', '', '', 3, '2019-11-04 12:36:55'),
(1561, 7178, 'GAME REMO', '', '', '', '', '0', '140', 'BLK-000-LGE-K', '', '', '', '', '', '0', '', '', 3, '2019-11-04 12:36:56'),
(1562, 7179, '40LX570H-UA', 'S40-120-LG-C', '', 'FLEXO', 'KRAFT', '132', '141', 'BLK-000-LGE-K', '', '776*2488', '', '', '', '42*33*56', '', '', 3, '2019-11-04 12:36:56'),
(1563, 7180, '43UK6250PUB', 'DW43-130-LG-C', '', 'TIP ON', 'WHITE', '206', '20', 'MOR-216C-LGE-B, BLK-000-LGE-K', '', '860*2550', '', '', '', '42*26*26*26*33', 'MAY68667601', '', 3, '2019-11-04 12:36:56'),
(1564, 7181, '24LJ4840-W', 'S24-110-LG-C', '', 'FLEXO', 'KRAFT', '243', '146', 'BLK-000-LGE-K', '', '535*2235', '', '', '', '42*40*42', '', '', 3, '2019-11-04 12:36:56'),
(1565, 7182, '24LF454B-PU/', 'S24-110-LG-C', '', 'FLEXO', 'KRAFT', '215', '81', 'BLK-000-LGE-K', '', '535*2235', '', '', '', '42*40*42', '', '', 3, '2019-11-04 12:36:56'),
(1566, 7183, '24TL520S-PU/', 'S24-120-LG-C', '', 'FLEXO', 'KRAFT', '255', '130', 'BLK-000-LGE-K', '', '550*2135', '', '', '', '42*40*42', '', '', 3, '2019-11-04 12:36:56'),
(1567, 7184, '24MT49', 'S24-110-LG-C', '', 'FLEXO', 'KRAFT', '215', '82', 'BLK-000-LGE-K', '', '535*2235', '', '', '', '42*40*42', '', '', 3, '2019-11-04 12:36:56'),
(1568, 7185, '24LJ4540', 'S24-110-LG-C', '', 'FLEXO', 'KRAFT', '95', '64', 'BLK-000-LGE-K', '', '535*2235', '', '', '', '42*40*42', '', '', 3, '2019-11-04 12:36:57'),
(1569, 7186, 'Accessory Box', 'SE34-110-LG-C', '', 'FLEXO', 'KRAFT', '254', '106', 'BLK-000-LGE-K', '', '524*1380', '', '', '', '33*26*33', '', '', 3, '2019-11-04 12:36:57'),
(1570, 7187, '32LJ500B-UB', 'S32-130-LG-C', '', 'FLEXO', 'KRAFT', '64', '105', 'BLK-000-LGE-K', '', '668*1936', '', '', '', '42*40*42', '', '', 3, '2019-11-04 12:36:57'),
(1571, 7188, '32LM620BPUA/', 'SW32-130-LG-C', '', 'FLEXO', 'WHITE', '67', '17', 'ROJ-207C-LGE-B, BLK-000-LGE-K', '', '668*1950', '', '', '', '42*40*42', '', '', 3, '2019-11-04 12:36:57'),
(1572, 7189, '49LV35/45', 'D49-140-LG-C', '', 'FLEXO', 'KRAFT', '211', '104', 'BLK-000-LGE-K', '', '960*2985', '', '', '', '42*26*26*26*34', '', '', 3, '2019-11-04 12:36:57'),
(1573, 7190, '28LM520S-WU/', 'S28-160-LG-C', '', 'FLEXO', 'KRAFT', '57', '83', 'BLK-000-LGE-K', '', '605*2390', '', '', '', '42*40*42', '', '', 3, '2019-11-04 12:36:57'),
(1574, 7191, '24TL520A-PM/', 'S24-120-LG-C', '', 'FLEXO', 'KRAFT', '255', '84', 'BLK-000-LGE-K', '', '550*2135', '', '', '', '42*40*42', '', '', 3, '2019-11-04 12:36:57'),
(1575, 7192, '24TL520V-WD/', 'S24-120-LG-C', '', 'FLEXO', 'KRAFT', '255', '68', 'BLK-000-LGE-K', '', '550*2135', '', '', '', '42*40*42', '', '', 3, '2019-11-04 12:36:57'),
(1576, 7193, '24TL520V-PD/', 'S24-120-LG-C', '', 'FLEXO', 'KRAFT', '48', '168', 'BLK-000-LGE-K', '', '550*2135', '', '', '', '42*40*42', '', '', 3, '2019-11-04 12:36:58'),
(1577, 7194, '49UM7300AUE/', 'DW49-150-LG-C', '', 'TIP ON', 'WHITE', '207', '31', 'MOR-216C-LGE-B, BLK-000-LGE-K', '', '960*2780', '', '', '', '42*26*26*26*33', 'MAY69349001', '', 3, '2019-11-04 12:36:58'),
(1578, 7195, '32LJ51/61', 'S32-130-LG-C', '', 'FLEXO', 'KRAFT', '7', '92', 'BLK-000-LGE-K', '', '668*1936', '', '', '', '42*40*42', '', '', 3, '2019-11-04 12:36:58'),
(1579, 7196, '32LM630BPDB/32LM630BPSB/32LM630BPUB/', 'SW32-130-LG-C', '', 'FLEXO', 'WHITE', '67', '172', 'ROJ-207C-LGE-B, BLK-000-LGE-K', '', '668*1950', '', '', '', '42*40*42', '', '', 3, '2019-11-04 12:36:58'),
(1580, 7197, '43LV340C-UB', 'D43-110-LG-C', '', 'FLEXO', 'KRAFT', '56', '102', 'BLK-000-LGE-K', '', '825*2470', '', '', '', '42*26*26*26*33', '', '', 3, '2019-11-04 12:36:58'),
(1581, 7198, '43UM7300PUA/', 'DW43-110-LG-C', '', 'FLEXO', 'WHITE', '180', '175', 'MOR-216C-LGE-B, BLK-000-LGE-K', '', '825*2470', '', '', '', '42*26*26*26*33', '', '', 3, '2019-11-04 12:36:58'),
(1582, 7199, '32LM570BPUA/', 'SW32-130-LG-C', '', 'FLEXO', 'WHITE', '67', '318 / 319', 'ROJ-207C-LGE-B, BLK-000-LGE-K', '', '668*1950', '', '', '', '42*40*42', '', '', 3, '2019-11-04 12:36:59'),
(1583, 7200, '43LV761H', 'D43-160-LG-C', '', 'FLEXO', 'KRAFT', '209', '101', 'BLK-000-LGE-K', '', '847*2675', '', '', '', '42*26*26*26*33', '', '', 3, '2019-11-04 12:36:59'),
(1584, 7201, '32LV34', 'S32-120-LG-C', '', 'FLEXO', 'KRAFT', '59', '182', 'BLK-000-LGE-K', '', '699*2158', '', '', '', '42*40*42', '', '', 3, '2019-11-04 12:36:59'),
(1585, 7202, '27MU58P-BA/', 'S27-160-LG-C', '', 'FLEXO', 'KRAFT', '115', '96', 'BLK-000-LGE-K', '', '744*2540', '', '', '', '42*36*56', '', '', 3, '2019-11-04 12:36:59'),
(1586, 7203, '24MT49DF-WU/', 'S24-110-LG-C', '', 'FLEXO', 'KRAFT', '215', '85 / 86', 'BLK-000-LGE-K', '', '535*2235', '', '', '', '42*40*42', '', '', 3, '2019-11-04 12:36:59'),
(1587, 7204, '24MT49DF-SU/', 'S24-110-LG-C', '', 'FLEXO', 'KRAFT', '215', '87', 'BLK-000-LGE-K', '', '535*2235', '', '', '', '42*40*42', '', '', 3, '2019-11-04 12:36:59'),
(1588, 7205, '28MT42DF-PU', 'S28-120-LG-C', '', 'FLEXO', 'KRAFT', '78', '100', 'BLK-000-LGE-K', '', '610*1738', '', '', '', '42*40*42', '', '', 3, '2019-11-04 12:36:59'),
(1589, 7206, '49UK6200PUA/', 'DW49-150-LG-C', '', 'TIP ON', 'WHITE', '54', '189', 'MOR-216C-LGE-B, BLK-000-LGE-K', '', '960*2780', '', '', '', '42*26*26*26*34', 'MAY68631301', '', 3, '2019-11-04 12:36:59'),
(1590, 7207, '32LK610BPUA/', 'SW32-130-LG-C', '', 'FLEXO', 'WHITE', '13', '14', 'ROJ-207C-LGE-B, BLK-000-LGE-K', '', '668*1950', '', '', '', '42*40*42', '', '', 3, '2019-11-04 12:36:59'),
(1591, 7208, '28MT49S', 'S28-110-LG-C', '', 'FLEXO', 'KRAFT', '51', '97', 'BLK-000-LGE-K', '', '583*1866', '', '', '', '42*40*42', '', '', 3, '2019-11-04 12:37:00'),
(1592, 7209, '43LV340C-SB', 'D43-110-LG-C', '', 'FLEXO', 'KRAFT', '203', '99', 'BLK-000-LGE-K', '', '825*2470', '', '7', '', '42*26*26*26*33', '', '', 3, '2019-11-04 12:37:00'),
(1593, 7210, '43UK6090PUA', 'DW43-110-LG-C', '', 'TIP ON', 'WHITE', '180', '21', 'MOR-216C-LGE-B, BLK-000-LGE-K', '', '825*2470', '', '', '', '42*26*26*26*33', 'MAY68748701', '', 3, '2019-11-04 12:37:00'),
(1594, 7211, '24MT49S-PSS/', 'S24-110-LG-C', '', 'FLEXO', 'KRAFT', '84', '65', 'BLK-000-LGE-K', '', '535*2235', '', '', '', '42*40*42', '', '', 3, '2019-11-04 12:37:00'),
(1595, 7212, '22MB35P-IE/22MB35PU-IH/', 'S22-140-LG-C', '', 'FLEXO', 'KRAFT', '1', '98', 'BLK-000-LGE-K', '', '580*1930', '', '', '', '42*40*42', '', '', 3, '2019-11-04 12:37:00'),
(1596, 7213, '43UV770H-UA', 'D43-170-LG-C', '', 'FLEXO', 'KRAFT', '210', '95', 'BLK-000-LGE-K', '', '862*2783', '', '', '', '42*26*26*26*33', '', '', 3, '2019-11-04 12:37:00'),
(1597, 7214, '32LV340C-SB', 'S32-130-LG-C', '', 'FLEXO', 'KRAFT', '7', '131', 'BLK-000-LGE-K', '', '668*1936', '', '', '', '42*40*42', '', '', 3, '2019-11-04 12:37:00'),
(1598, 7215, '24LJ4540-PU/', 'S24-110-LG-C', '', 'FLEXO', 'KRAFT', '95', '88', 'BLK-000-LGE-K', '', '535*2235', '', '', '', '42*40*42', '', '', 3, '2019-11-04 12:37:00'),
(1599, 7216, '49UK6250PUB/', 'DW49-160-LG-C', '', 'TIP ON', 'WHITE', '217', '212', 'MOR-216C-LGE-B, BLK-000-LGE-K', '', '1010*2800', '', '', '', '42*26*26*26*34', 'MAY68631501', '', 3, '2019-11-04 12:37:00'),
(1600, 7217, '49SM80', 'DW49-120-LG-C', '', 'TIP ON', 'WHITE', '19', '219', 'GRA-80-LGE-B / BLK-000-LGE-K', '', '910*2740', '', '', '', '42*26*26*26*34', 'MAY69373701', '', 3, '2019-11-04 12:37:01'),
(1601, 7218, '24CK550', 'S24-180-LG-C', '', 'FLEXO', 'KRAFT', '154', '93', 'BLK-000-LGE-K', '', '670*2235', '', '', '', '42*40*42', '', '', 3, '2019-11-04 12:37:01'),
(1602, 7219, '49UK6300PUE/', 'DW49-150-LG-C', '', 'FLEXO', 'WHITE', '50', '11', 'MOR-216C-LGE-B, BLK-000-LGE-K', '', '960*2780', '', '', '', '42*26*26*26*33', '', '', 3, '2019-11-04 12:37:01'),
(1603, 7220, 'N/A', '', '', '', '', '', '', '', '', '', '', '', '', '0', '', '', 3, '2019-11-04 12:37:01'),
(1604, 7221, '27MP37VQ-BA', '', '', 'FLEXO', '', '', '', '', '', '', '', '', '', '0', '', '', 3, '2019-11-04 12:37:01'),
(1605, 7222, '19MT43D-PUS/', '', '', '', '', '', '', '', '', '', '', '', '', '0', '', '', 3, '2019-11-04 12:37:01'),
(1606, 7223, 'PAD 1190*1104', 'D20-160-LG-S', '', 'PAD', 'KRAFT', '', '', '', '', '1190*1104', '', '', '', '26*26*26', '', '', 3, '2019-11-04 12:37:01'),
(1607, 7224, 'PAD 1193*972', 'D20-160-LG-S', '', 'PAD', 'KRAFT', '', '', '', '', '1193*972', '', '', '', '26*26*26', '', '', 3, '2019-11-04 12:37:01'),
(1608, 7225, 'PAD 1024*696', 'D43-110-LG-C', '', 'PAD', 'KRAFT', '', '', '', '', '1024*696', '', '', '', '26*26*26', '', '', 3, '2019-11-04 12:37:01'),
(1609, 7226, 'PAD 1390*795', 'D43-110-LG-C', '', 'PAD', 'KRAFT', '', '', '', '', '1390*795', '', '', '', '26*26*26', '', '', 3, '2019-11-04 12:37:01'),
(1610, 7227, 'PAD 928*718', 'D43-110-LG-C', '', 'PAD', 'KRAFT', '', '', '', '', '928*718', '', '', '', '26*26*26', '', '', 3, '2019-11-04 12:37:02'),
(1611, 7228, '43LF6300-UA/', 'D43-250-LG-C', '', 'FULL-2', 'KRAFT', '', '', 'BLK-000-LGE-K', '', '821*1280', '', '', '', '42*26*26*26*33', 'MAY66971601', '', 3, '2019-11-04 12:37:02'),
(1612, 7229, '43UK6200PUA', 'DW43-110-LG-C', '', 'TIP ON', 'WHITE', '180', '8', 'MOR-216C-LGE-B, BLK-000-LGE-K', '', '825*2470', '', '', '', '42*26*26*26*33', 'MAY68635601', '', 3, '2019-11-04 12:37:02'),
(1613, 7230, '49UK6200PUA/', 'DW49-150-LG-C', '', 'TIP ON', 'WHITE', '54', '26', 'MOR-216C-LGE-B, BLK-000-LGE-K', '', '960*2780', '', '', '', '42*26*26*26*34', 'MAY68631301', '', 3, '2019-11-04 12:37:02'),
(1614, 7231, '43UK6300BUB/', 'DW43-110-LG-C', '', 'TIP ON', 'KRAFT', '', '', 'MOR-216C-LGE-K, BLK-000-LGE-K', '', '825*2475', '', '', '', '42*26*26*26*33', '', '', 3, '2019-11-04 12:37:02'),
(1615, 7232, '49UK6300PUE/', 'DW49-150-LG-C', '', 'FLEXO', 'WHITE', '', '', 'MOR-216C-LGE-B, BLK-000-LGE-K', '', '960*2780', '', '', '', '42*26*26*26*33', '', '', 3, '2019-11-04 12:37:02'),
(1616, 7233, '50UM7310PUA/', 'DW50-110-LG-C', '', 'TIP ON', 'WHITE', '2', '41', 'MOR-216C-LGE-B, BLK-000-LGE-K', '', '970*2835', '', '', '', '42*26*26*26*34', 'MAY69332601', '', 3, '2019-11-04 12:37:02'),
(1617, 7234, '50UM7300PDA/50UM7300PSA/', 'DW50-110-LG-C', '', 'FLEXO', 'WHITE', '2', '6', 'MOR-216C-LGE-B, BLK-000-LGE-K', '', '970*2835', '', '', '', '42*26*26*26*34', '', '', 3, '2019-11-04 12:37:02'),
(1618, 7235, '24MT47D-PUS/', 'S24-110-LG-C', '', 'FLEXO', 'KRAFT', '', '', 'BLK-000-LGE-K', '', '535*2235', '', '', '', '42*40*42', '', '', 3, '2019-11-04 12:37:02'),
(1619, 7236, '28MT47V-PDS', 'S28-110-LG-C', '', 'FLEXO', 'KRAFT', '', '', 'BLK-000-LGE-K', '', '583*1866', '', '', '', '42*40*42', '', '', 3, '2019-11-04 12:37:02'),
(1620, 7237, '28MT47B-PMP/', 'S28-120-LG-C', '', 'FLEXO', 'KRAFT', '', '', 'BLK-000-LGE-K', '', '610*1738', '', '', '', '42*40*42', '', '', 3, '2019-11-04 12:37:02'),
(1621, 7238, '22BL450Y', 'S22-150-LG-C', '', 'FLEXO', 'KRAFT', '257', '141', 'BLK-000-LGE-K', '', '683*2176', '', '1', '', '#N/A', '', '', 3, '2019-11-04 12:37:03'),
(1622, 7239, '24BL450Y', 'S24-190-LG-C', '', 'FLEXO', 'KRAFT', '248', '', 'BLK-000-LGE-K', '', '708*2320', '', '1', '', '#N/A', '', '', 3, '2019-11-04 12:37:03'),
(1623, 7240, '27BL450Y', 'S27-170-LG-C', '', 'FLEXO', 'KRAFT', '135', '113', 'BLK-000-LGE-K', '', '761*2574', '', '1', '', '42*36*56', '', '', 3, '2019-11-04 12:37:03'),
(1624, 7241, '24LF4520-WU/', 'S24-230-LG-C', '', 'FULL-2', 'KRAFT', '100', 'Litho', 'N/A', '', '544*1150', '', '', '', '42*40*42', 'MAY67093102', '', 3, '2019-11-04 12:37:03'),
(1625, 7242, '43LH570A-UE', 'D43-240-LG-C', '', 'FULL-2', 'KRAFT', '45', 'n/a', 'N/A', '', '834*1270', '', '', '', '33*26*26*26*33', 'MAY67536201', '', 3, '2019-11-04 12:37:03'),
(1626, 7243, '55SJ95 BOTTOM', 'D55-150-LG-B', '', 'BOTTOM', 'KRAFT', '189', 'n/a', '', '', '430*1636', '', '', '', '42*26*26*26*33', '', '', 3, '2019-11-04 12:37:03'),
(1627, 7244, '65UH65 BOTTOM', 'D65-150-LG-B', '', 'BOTTOM', 'KRAFT', '0', 'n/a', 'N/A', '', '445*1856', '', '', '', '42*26*26*26*33', '', '', 3, '2019-11-04 12:37:03'),
(1628, 7245, '43UM6900PUA', 'DW43-110-LG-C', '', 'TIP ON', 'KRAFT', '180', '30', '', '', '825*2460', '', '', '', '#N/A', 'MAY69380801', '', 3, '2019-11-04 12:37:03'),
(1629, 7246, '24TL520D', 'S24-120-LG-C', '', '', 'KRAFT', '255', '90', '', '', '550*2135', '', '', '', '#N/A', '', '', 3, '2019-11-04 12:37:03'),
(1630, 7247, '34BL85C-BH', '', '', 'PAD', 'KRAFT', '102', '', '', '', '190*960', '', '1', '', '', '', '', 3, '2019-11-04 12:37:03'),
(1631, 7248, '43UM6950DUB', 'DW43-110-LG-C', '', 'TIP ON', 'WHITE', '180', '39', 'MOR-216C-LGE-B, BLK-000-LGE-K', '', '825*2470', '', '1', '', '42*26*26*26*33', 'MAY69380802', '', 3, '2019-11-04 12:37:04'),
(1632, 7249, '24BL650C-BA', 'S24-140-LG-C', '', 'FLEXO', 'KRAFT', '256', '137', 'Printing (Black)', '', '698*2266', '', '1', '', '42*36*56', '', '', 3, '2019-11-04 12:37:04'),
(1633, 7250, '27BL650C-BA', 'D27-110-LG-C', '', 'FLEXO', 'KRAFT', '23', '', 'Printing (Black)', '', '758*2534', '', '1', '', '42*26*26*26*33', '', '', 3, '2019-11-04 12:37:04'),
(1634, 7251, '49UT770H0UA', 'D49-150-LG-C', '', 'FLEXO', 'KRAFT', '39', '132', 'Printing (Intense Black)', '', '974*2833', '', '1', '', '42*26*26*26*33', '', '', 3, '2019-11-04 12:37:04'),
(1635, 7252, '43UM6910PUA', 'DW43-110-LG-C', '', 'TIP ON', 'WHITE', '180', '42', 'MOR-216C-LGE-B, BLK-000-LGE-K', '', '825*2470', '', '1', '', '42*26*26*26*33', 'MAY69380803', '', 3, '2019-11-04 12:37:04'),
(1636, 7253, '43LM5000PUA', 'DW43-180-LG-C', '', 'FLEXO', 'WHITE', '', '37', 'ROJ-207C-LGE-B, BLK-000-LGE-K', '', '832*2509', '', '1', '', '42*26*26*26*33', '', '', 3, '2019-11-04 12:37:04'),
(1637, 7254, '32LM500BPUA', 'SW32-130-LG-C', '', 'FLEXO', 'WHITE', '13', '15', 'ROJ-207C-LGE-B, BLK-000-LGE-K', '', '668*1950', '', '1', '', '42*40*42', '', '', 3, '2019-11-04 12:37:04'),
(1638, 7255, 'N/A', '', '', '', '', '1', '', '', '', '', '', '', '', '', '', '', 3, '2019-11-04 12:37:04'),
(1639, 7256, 'N/A', '', '', '', '', '180', '', '', '', '', '', '', '', '', '', '', 3, '2019-11-04 12:37:05'),
(1640, 7257, 'PALLET SHEET BOTTOM', 'S44-120-LG-C', '', 'PAD', 'KRAFT', '', '', '', '', '965*1130', '', '', '', '42*26*33', '', '', 3, '2019-11-04 12:37:05'),
(1641, 7258, 'TOP COVER', 'S56-120-LG-C', '', 'PAD', 'KRAFT', '', '', '', '', '1265*1430', '', '', '', '42*26*33', '', '', 3, '2019-11-04 12:37:05'),
(1642, 7259, '1 PALLET SIDE COVER', 'S85-110- LG-C', '', 'PAD', 'KRAFT', '', '', '', '', '711*2160', '', '', '', '42*26*33', '', '', 3, '2019-11-04 12:37:05'),
(1643, 7260, 'SIDE SKIRT', 'S86-120- LG-C', '', 'PAD', 'KRAFT', '', '', '', '', '711*2185', '', '', '', '42*26*33', '', '', 3, '2019-11-04 12:37:05'),
(1644, 7261, '1 PALLET TOP COVER (ADDED)', 'S94-110-LG-C', '', 'PAD', 'KRAFT', '', '', '', '', '1200*2400', '', '', '', '33*26*33', '', '', 3, '2019-11-04 12:37:05'),
(1645, 7262, '1 PALLET SHEET FOR THE BOTTOM', 'S94-110-LG-C', '', 'PAD', 'KRAFT', '', '', '', '', '1200*2400', '', '', '', '33*26*33', '', '', 3, '2019-11-04 12:37:05'),
(1646, 7263, '1 PALLET COVER SHEET WITH SCORE', 'S94-110-LG-C', '', 'PAD', 'KRAFT', '', '', '', '', '1200*2400', '', '', '', '33*26*33', '', '', 3, '2019-11-04 12:37:05'),
(1647, 7264, 'PALLET SKIRT', 'S94-210-LG-C', '', 'FULL-2', 'KRAFT', '', '', '', '', '1050*2380', '', '', '', '42*26*33', 'MDQ65896501-#1', '', 3, '2019-11-04 12:37:06'),
(1648, 7265, '2 FILLER BOXES (WHITE BOX)', 'SW66-111-LG-C', '', 'BOX', 'WHITE', '', '', '', '', '679*1676', '', '', '', '42*26*33', '', '', 3, '2019-11-04 12:37:06'),
(1649, 7266, '1 INNER BOXES WHT BOX)', 'SW-94-110-LG-C', '', 'TIP ON', 'WHITE', '175', 'Litho', '', '', '1200*2400', '', '', '', '42*26*33', 'MDQ66116301-#2', '', 3, '2019-11-04 12:37:06'),
(1650, 7267, '1 FILLER BOX (WHITE BOX)', 'SW-94-111-LG-C', '', 'BOX', 'WHITE', '177', 'n/a', '', '', '1200*2400', '', '', '', '42*26*33', '', '', 3, '2019-11-04 12:37:06'),
(1651, 7268, 'RETRO LOURDES', 'S72-111-LD-C', '', 'FLEXO', '', '', '', 'BLK-000-LGE-K', '', '562*1861', '', '', '', '33*26*26', '', '', 3, '2019-11-04 12:37:06'),
(1652, 7269, 'N/A', '', '', 'FLEXO', '', 'Navaja', '206', 'BLK-000-LGE-K', '', '', '', '', '', '0', '', '', 3, '2019-11-04 12:37:06'),
(1653, 7270, 'N/A', '', '', 'FLEXO', '', '', '', '#N/A', '', '', '', '', '', '0', '', '', 3, '2019-11-04 12:37:06'),
(1654, 7271, 'SEPARADOR', 'D86-110-OD-S', '', '-', 'KRAFT', '', '', '', '', '542*2178', '', '', '', '42*26*26*26*34', '', '', 3, '2019-11-04 12:37:07'),
(1655, 7272, 'COVER BOX', 'D89-111-OD-C', '', 'FLEXO', 'KRAFT', 'Navaja', '', 'BLK-000-LGE-K', '', '1152*2267', '', '', '', '42*26*34*26*34', '', '', 3, '2019-11-04 12:37:07'),
(1656, 7273, 'CELL', 'S87-110-OD-S', '', '-', 'KRAFT', '', '', '', '', '1168*2190', '', '', '', '0', '', '', 3, '2019-11-04 12:37:07'),
(1657, 7274, 'CELL', 'S87-110-OD-S', '', '-', 'KRAFT', '110 / 111', 'n/a', '', '', '1168*2190', '', '', '', '#N/A', '', '', 3, '2019-11-04 12:37:07'),
(1658, 7275, 'OH BOX GDE', 'S71-111-OH-C', '', 'FLEXO', 'KRAFT', 'Navaja', '108', 'ROJ-207C-LGE-K, BLK-000-LGE-K', '', '690*1807', '', '', '', '42*26*33', '', '', 3, '2019-11-04 12:37:07'),
(1659, 7276, 'CARTON BOX', 'S61-111-OH-C', '', 'FLEXO', 'KRAFT', 'Navaja', '149', 'ROJ-207C-LGE-K, BLK-000-LGE-K', '', '596*1564', '', '', '', '42*40*42', '', '', 3, '2019-11-04 12:37:07'),
(1660, 7277, 'CARTON BOX', 'D85-111-OH-C', '', 'FLEXO', 'KRAFT', 'Navaja', '265', 'BLK-000-LGE-K', '', '786*2200', '', '', '', '33*23*26*23*33', '', '', 3, '2019-11-04 12:37:07'),
(1661, 7278, 'OH BOX CHICA', 'S48-121-OH-C', '', 'FLEXO', 'KRAFT', '', '', 'N/A', '', '506*1226', '', '', '', '26*26*26', '', '', 3, '2019-11-04 12:37:07'),
(1662, 7279, 'PAD(470X310)_', 'S62-110-OH-S', '', 'PAD', 'KRAFT', '', '', '', '', '470*1560', '', '', '', '26*26*26', '', '', 3, '2019-11-04 12:37:07'),
(1663, 7280, 'SEPARADOR', 'S69-110-OH-C', '', 'PAD', 'KRAFT', '', '', '', '', '430*1770', '', '', '', '26*26*26', '', '', 3, '2019-11-04 12:37:08'),
(1664, 7281, 'OH BOX GDE', 'S71-121-OH-C', '', 'FLEXO', 'KRAFT', '', '', 'ROJ-207C-LGE-K, BLK-000-LGE-K', '', '620*1807', '', '', '', '42*26*33', '', '', 3, '2019-11-04 12:37:08'),
(1665, 7282, 'PAD(310 X 235 )', 'S75-110-OH-S', '', 'PAD', 'KRAFT', '124', '', '', '', '490*1890', '', '', '', '26*26*26', '', '', 3, '2019-11-04 12:37:08'),
(1666, 7283, 'PAD (SEPARADOR)', 'S77-110-OH-S', '', '-', 'KRAFT', '', '', '', '', '605*1910', '', '', '', '26*26*26', '', '', 3, '2019-11-04 12:37:08'),
(1667, 7284, 'INNER BOX', 'S42-111-OH-C', '', 'FLEXO', 'KRAFT', 'Navaja', 'n/a', 'N/A', '', '349*1060', '', '', '', '26*26*26', '', '', 3, '2019-11-04 12:37:08'),
(1668, 7285, 'OH BOX CHICA', 'S48-111-OH-C', '', 'FLEXO', 'KRAFT', 'Navaja', 'n/a', 'N/A', '', '576*1226', '', '', '', '26*26*26', '', '', 3, '2019-11-04 12:37:08'),
(1669, 7286, 'SEPARADOR', 'S58-110-OH-S', '', 'PAD', 'KRAFT', '164', 'n/a', '', '', '860*1495', '', '', '', '26*26*26', '', '', 3, '2019-11-04 12:37:08'),
(1670, 7287, 'SEPARADOR', 'S82-110-OH-S', '', 'PAD', 'KRAFT', '174', 'n/a', '', '', '860*2090', '', '', '', '26*26*26', '', '', 3, '2019-11-04 12:37:08'),
(1671, 7288, 'SEPARADOR', 'S82-110-OH-S', '', 'PAD', 'KRAFT', '174', 'n/a', '', '', '860*2090', '', '', '', '26*26*26', '', '', 3, '2019-11-04 12:37:08'),
(1672, 7289, '524.66*496.32', 'S44-110-RM-C', '', 'NO', 'KRAFT', '108', '', '-', '', '560*1115', '', '', '', '26*26*26', '', '', 3, '2019-11-04 12:37:09'),
(1673, 7290, 'SPL 32ECT', 'S35-110-SP-C', '', '-', 'KRAFT', '', '', 'N/A', '', '1100*900', '', '', '', '26*26*26', '', '', 3, '2019-11-04 12:37:09'),
(1674, 7291, 'SPL 32ECT', 'S43-110-SP-C', '', '-', 'KRAFT', '', '', 'N/A', '', '1300*1100', '', '', '', '26*26*26', '', '', 3, '2019-11-04 12:37:09'),
(1675, 7292, 'SPL 32ECT', 'S51-110-SP-C', '', '-', 'KRAFT', '', '', 'N/A', '', '1500*1300', '', '', '', '26*26*26', '', '', 3, '2019-11-04 12:37:09'),
(1676, 7293, 'SPL 32 ECT', 'S67-110-SP-C', '', '-', 'KRAFT', '', '', 'N/A', '', '400*1700', '', '', '', '33*26*33', '', '', 3, '2019-11-04 12:37:09'),
(1677, 7294, 'SPL 38ECT', 'S67-120-SP-C', '', '-', 'KRAFT', '', '', 'N/A', '', '400*1700', '', '', '', '42*26*33', '', '', 3, '2019-11-04 12:37:09'),
(1678, 7295, 'SPL 32 ECT', 'S75-110-SP-C', '', '-', 'KRAFT', '', '', 'N/A', '', '600*1900', '', '', '', '33*26*33', '', '', 3, '2019-11-04 12:37:09'),
(1679, 7296, 'SPL 38ECT', 'S75-120-SP-C', '', '-', 'KRAFT', '', '', 'N/A', '', '600*1900', '', '', '', '42*26*33', '', '', 3, '2019-11-04 12:37:09'),
(1680, 7297, 'SPL 32 ECT', 'S83-110-SP-C', '', '-', 'KRAFT', '', '', 'N/A', '', '800*2100', '', '', '', '33*26*33', '', '', 3, '2019-11-04 12:37:09'),
(1681, 7298, 'SPL 38ECT', 'S83-120-SP-C', '', '-', 'KRAFT', '', '', 'N/A', '', '800*2100', '', '', '', '42*26*33', '', '', 3, '2019-11-04 12:37:10'),
(1682, 7299, '1200*2000', 'SB79-120-SAMPLE', '', 'NO', 'KRAFT', '', '', 'N/A', '', '1200*2000', '', '', '', '33*26*33', '', '', 3, '2019-11-04 12:37:10'),
(1683, 7300, 'ALP 1 CALF REG', 'S47-111-SM-C', '', 'FLEXO', 'KRAFT', '', '72', 'BLK-000-LGE-K', '', '460*1198', '', '', '', '33*23*26', '', '', 3, '2019-11-04 12:37:10'),
(1684, 7301, 'ALP 1A CALF REG', 'S47-111-SM-C', '', 'FLEXO', 'KRAFT', 'Navaja', '303', 'BLK-000-LGE-K', '', '460*1198', '', '', '', '#N/A', '', '', 3, '2019-11-04 12:37:10'),
(1685, 7302, 'ALP 1SM', 'S47-111-SM-C', '', 'NO PRINT', 'KRAFT', '', '321', '', '', '460*1198', '', '', '', '33*23*26', '', '', 3, '2019-11-04 12:37:10'),
(1686, 7303, 'ALP1 CALF REG', 'S47-111-SM-C', '', 'FLEXO', 'KRAFT', '', '', 'BLK-000-LGE-K', '', '460*1198', '', '', '', '33*23*26', '', '', 3, '2019-11-04 12:37:10'),
(1687, 7304, 'ALP 2 XL', 'S60-111-SM-C', '', 'NO PRINT', 'KRAFT', '', '322', '', '', '445*1556', '', '', '', '33*23*26', '', '', 3, '2019-11-04 12:37:10'),
(1688, 7305, 'ALP2 CALF LARGE', 'S60-111-SM-C', '', 'FLEXO', 'KRAFT', '', '', 'BLK-000-LGE-K', '', '445*1556', '', '', '', '33*23*26', '', '', 3, '2019-11-04 12:37:10'),
(1689, 7306, 'ALP3 THIGH REG', 'S62-111-SM-C', '', 'FLEXO', 'KRAFT', '', '', 'BLK-000-LGE-K', '', '577*1584', '', '', '', '33*26*33', '', '', 3, '2019-11-04 12:37:11'),
(1690, 7307, '26 X16 X 19', 'S87-111-SM-C', '', 'FLEXO', 'KRAFT', 'Navaja', 'BMC', 'BLK-000-LGE-K', '', '907*2190', '', '', '', '33*26*33', '', '', 3, '2019-11-04 12:37:11'),
(1691, 7308, 'SI43F', 'D43-210-DT-C', '', 'FULL 2', 'KRAFT', '', '', '', '', '815*1317', '', '', '', '35*26*26*26*33', '100-SI43-13282-JVC', '', 3, '2019-11-04 12:37:11'),
(1692, 7309, 'DELTA JVC 43\"', 'D43-220-DT-C', '', 'FULL 2', 'KRAFT', '', '', '', '', '840*1256', '', '', '', '35*26*26*26*33', 'JVC 43', '', 3, '2019-11-04 12:37:11'),
(1693, 7310, 'DELTA 49\"', 'D49-210-DT-C', '', 'FULL 2', 'KRAFT', '188', '', '', '', '930*1430', '', '', '', '35*26*26*26*33', 'AIWA -49', '', 3, '2019-11-04 12:37:11'),
(1694, 7311, 'SI49FS-SMART', 'D49-210-DT-C', '', 'FULL 2', 'KRAFT', '97', '', '', '', '930*1430', '', '', '', '35*26*26*26*33', '200-SI49F-02G-JVC', '', 3, '2019-11-04 12:37:11'),
(1695, 7312, 'DELTA JVC 49\"', 'D49-220-DT-C', '', 'FULL 2', 'KRAFT', '', '', '', '', '1001*1501', '', '', '', '35*26*26*26*33', 'JVC-49', '', 3, '2019-11-04 12:37:11'),
(1696, 7313, 'SI51 FS', 'D50-210-DT-C', '', 'FULL 2', 'KRAFT', '', '', '', '', '902*1430', '', '', '', '35*26*26*26*33', 'SI51F-002G-JVC', '', 3, '2019-11-04 12:37:11'),
(1697, 7314, 'SI 50FS', 'D50-210-DT-C', '', 'FULL 2', 'KRAFT', '', '', '', '', '902*1430', '', '', '', '35*26*26*26*33', 'SI50F-002G-JVC', '', 3, '2019-11-04 12:37:12'),
(1698, 7315, 'SI50FS-BIG', 'D50-210-DT-C', '', 'FULL 2', 'KRAFT', '', '', '', '', '930*1430', '', '', '', '35*26*26*26*33', '100-SI50-132AD-JVC', '', 3, '2019-11-04 12:37:12'),
(1699, 7316, 'SI 55 FS', 'D55-210-DT-C', '', 'FULL 2', 'KRAFT', '', '', '', '', '986*1526', '', '', '', '33*26*26*26*33', 'SI55F-002G-JVC', '', 3, '2019-11-04 12:37:12'),
(1700, 7317, 'SI 65 FS', 'D65-210-LG-C', '', 'FULL 2', 'KRAFT', '', '', '', '', '1140*1820', '', '', '', '35*26*26*26*33', 'SI65F-002G-JVC', '', 3, '2019-11-04 12:37:12'),
(1701, 7318, 'SPELLER', 'S24-210-DT-C', '', 'FULL-2', 'KRAFT', '', '', '', '', '663*797', '', '', '', '42*33*33', 'SP-LED24', '', 3, '2019-11-04 12:37:12'),
(1702, 7319, 'JVC', 'S24-210-DT-C', '', 'FULL-2', 'KRAFT', '', '', '', '', '663*797', '', '', '', '42*33*33', '200-SI24J-02G-JVC', '', 3, '2019-11-04 12:37:12'),
(1703, 7320, 'ATVIO (FRONT)', 'S24-230-DT-C', '', 'FULL-2', 'KRAFT', '', '', '', '', '725*827', '', '', '', '42*33*33', 'ATV24-HD', '', 3, '2019-11-04 12:37:12'),
(1704, 7321, 'JVC- BIG- FRONT', 'S24-230-DT-C', '', 'FULL-2', 'KRAFT', '', '', '', '', '725*827', '', '', '', '42*33*33', '201-SI24J-02G-JVC', '', 3, '2019-11-04 12:37:12'),
(1705, 7322, 'ATVIO HD- FRONT', 'S24-230-DT-C', '', 'FULL-2', 'KRAFT', '', '', '', '', '725*827', '', '', '', '42*33*33', '200-ATV24J-03G-ATV(BIG)', '', 3, '2019-11-04 12:37:12'),
(1706, 7323, 'SPELLER', 'S24-230-DT-C', '', 'FULL-2', 'KRAFT', '', '', '', '', '725*827', '', '', '', '42*33*33', '200-24SP-03G-SP  SP-LED24', '', 3, '2019-11-04 12:37:13'),
(1707, 7324, '32SM-13282-SP', 'S32-210-DT-C', '', 'FULL-2', 'KRAFT', '', '', '-', '', '679*981', '', '', '', '42*33*33', 'SP-32 SMART', '', 3, '2019-11-04 12:37:13'),
(1708, 7325, 'DELTA GV', 'S32-210-DT-C', '', 'FULL-2', 'KRAFT', '', '', '-', '', '679*981', '', '', '', '42*33*33', 'GV-32 LED', '', 3, '2019-11-04 12:37:13'),
(1709, 7326, 'TLK-32LED', 'S32-210-DT-C', '', 'FULL-2', 'KRAFT', '', '', '-', '', '679*981', '', '', '', '42*33*33', '300-TLK32-002-TLK', '', 3, '2019-11-04 12:37:13'),
(1710, 7327, 'SI32H', 'S32-210-DT-C', '', 'FULL-2', 'KRAFT', '', '', '-', '', '679*981', '', '', '', '42*33*33', '200-SI32J-02G-JVC', '', 3, '2019-11-04 12:37:13'),
(1711, 7328, '32-HDSP', 'S32-210-DT-C', '', 'FULL-2', 'KRAFT', '', '', '-', '', '679*981', '', '', '', '42*33*33', '200-32-HSDP-0104', '', 3, '2019-11-04 12:37:13'),
(1712, 7329, 'ATVIO LED', 'S32-210-DT-C', '', 'FULL-2', 'KRAFT', '', '', '-', '', '679*981', '', '', '', '42*33*33', '200-32CT-002G-ATV', '', 3, '2019-11-04 12:37:13'),
(1713, 7330, 'ATVIO 32 SMART', 'S32-210-DT-C', '', 'FULL-2', 'KRAFT', '', '', '-', '', '679*981', '', '', '', '42*33*33', '101-32SM-13262-ATV', '', 3, '2019-11-04 12:37:13'),
(1714, 7331, 'SPELLER', 'S32-210-DT-C', '', 'FULL-2', 'KRAFT', '', '', '-', '', '679*981', '', '', '', '42*33*33', '100-32SP-13282-SP', '', 3, '2019-11-04 12:37:14'),
(1715, 7332, 'SP-LED32M(NEGRO)', 'S32-210-DT-C', '', 'FULL-2', 'KRAFT', '', '', '-', '', '679*981', '', '', '', '42*33*33', '100-32SM-13301-SP', '', 3, '2019-11-04 12:37:14'),
(1716, 7333, 'ATVIO SMART 32', 'S32-210-DT-C', '', 'FULL-2', 'KRAFT', '', '', '-', '', '679*981', '', '', '', '42*33*33', '100-32SM-13282-ATV', '', 3, '2019-11-04 12:37:14'),
(1717, 7334, 'DELRA JVC 39\"', 'S39-210-DT-C', '', 'FULL 2', 'KRAFT', '', '', '', '', '765*1180', '', '', '', '42*33*33', 'JVC-39', '', 3, '2019-11-04 12:37:14'),
(1718, 7335, 'ATV-40SM', 'S40-210-DT-C', '', 'FULL 2', 'KRAFT', '', '', '', '', '765*1180', '', '', '', '42*33*42', 'ATV40GIFTBOX', '', 3, '2019-11-04 12:37:14'),
(1719, 7336, 'ATVIO', 'S24-210-DT-C', '', 'FULL-2', 'KRAFT', '80', 'Litho', '', '', '663*797', '', '', '', '42*33*33', '200-ATV24J-02G-ATV', '', 3, '2019-11-04 12:37:14'),
(1720, 7337, 'TMK32H', 'S32-210-DT-C', '', 'FULL-2', 'KRAFT', '7', 'Litho', '-', '', '679*981', '', '', '', '42*33*33', '10A-5GTA-132082-002G-TMK', '', 3, '2019-11-04 12:37:14'),
(1721, 7338, 'SI 40FS', 'S40-210-DT-C', '', 'FULL 2', 'KRAFT', '19', 'Litho', '', '', '765*1180', '', '', '', '42*33*42', '200-SI40F-02G-JVC', '', 3, '2019-11-04 12:37:14'),
(1722, 7339, 'JVC40_SI40FS', 'S40-210-DT-C', '', 'FULL 2', 'KRAFT', '176', 'Litho', '', '', '785*1180', '', '', '', '42*33*42', 'SQY-SI40FS-02G-JVC', '', 3, '2019-11-04 12:37:14'),
(1723, 7340, '49 JVC', 'D49-230-DT-C', '', 'FULL 2', 'KRAFT', 'No Loc', 'n/a', '', '', '976*1476', '', '', '', '35*26*26*26*33', '200-SI49FC-JVC', '', 3, '2019-11-04 12:37:14'),
(1724, 7341, 'SERVICIOS', 'D43-110-LG-C', '', 'FLEXO', 'KRAFT', '180', 'N/A', '', '', '825*2460', '', '1', '', '42*26*26*26*33', '', '', 3, '2019-11-04 12:37:15'),
(1725, 7342, 'N/A', '', '', 'FLEXO', 'KRAFT', '', '', 'BLK-000-LGE-K', '', '', '', '', '', '33*26*33', '', '', 3, '2019-11-04 12:37:15'),
(1726, 7343, 'N/A', '', '', 'FLEXO', 'KRAFT', '', '', 'BLK-000-LGE-K', '', '663*1390', '', '', '', '42*26*33', '', '', 3, '2019-11-04 12:37:15'),
(1727, 7344, 'L32V7800TN', 'D32-150-TC-C', '', 'FLEXO', 'KRAFT', '', '', 'COOL GREY 11C', '', '', '', '', '', '#N/A', '', '', 3, '2019-11-04 12:37:15'),
(1728, 7345, 'SCS76-570540-4ATZ2)', 'D32-210-TC-C', '', 'FULL 2', 'KRAFT', '66', '', '', '', '655*1008', '', '', '', '34*23*26*23*26', 'TCL 32D1800KALLY', '', 3, '2019-11-04 12:37:15'),
(1729, 7346, '76-544470-OAT', 'D32-220-TC-C', '', 'FULL 2', 'KRAFT', '148', '', '', '', '665*990', '', '', '', '34*23*26*23*26', 'TCL32D1560 (OLIMPO)', '', 3, '2019-11-04 12:37:15'),
(1730, 7347, 'ATVIO 32 (W785 D113 H490 )', 'D32-220-TC-C', '', 'FULL-2', 'KRAFT', '25', '', '-', '', '665*990', '', '', '', '34*23*26*23*27', 'ATV-32SM-76-581050-0ATT3', '', 3, '2019-11-04 12:37:15'),
(1731, 7348, '32F1800', 'D32-220-TC-C', '', 'FULL-2', 'KRAFT', '', '', '-', '', '665*990', '', '', '', '34*23*26*23*26', '76-581050-0ATWL', '', 3, '2019-11-04 12:37:15'),
(1732, 7349, '32F1800', 'D32-220-TC-C', '', 'FULL-2', 'KRAFT', '24', '', '-', '', '665*990', '', '', '', '#N/A', 'SVS76-581050-0ATWK', '', 3, '2019-11-04 12:37:16'),
(1733, 7350, '43S425-MX', 'D43-220-TC-C', '', 'FULL 3', 'KRAFT', '130', '', '', '', '820*1340', '', '', '', '#N/A', 'SVS765990400AT2KC', '', 3, '2019-11-04 12:37:16'),
(1734, 7351, '43F1800', 'D43-220-TC-C', '', 'FULL 2', 'KRAFT', '', '', '', '', '820*1340', '', '', '', '#N/A', 'SVS76-54827B-2ATU1', '', 3, '2019-11-04 12:37:16'),
(1735, 7352, '43D1870', 'D43-220-TC-C', '', 'FULL 2', 'KRAFT', '', '', '', '', '820*1340', '', '', '', '#N/A', 'SVS76-548270-0ATWP', '', 3, '2019-11-04 12:37:16'),
(1736, 7353, '50S425-MX', 'D50-220-TC-C', '', 'FULL 2', 'KRAFT', '12', '', '', '', '940*1470', '', '', '', '#N/A', 'SVS766068200AT2CC', '', 3, '2019-11-04 12:37:16'),
(1737, 7354, '55S4425-MX', 'D55-220-TC-C', '', 'FULL 2', 'KRAFT', '194', '', '', '', '964*1610', '', '', '', '#N/A', 'SVS766117500AT1AC', '', 3, '2019-11-04 12:37:16'),
(1738, 7355, '55D1241', 'D55-240-TC-C', '', 'FULL 2', 'KRAFT', '191', '', '', '', '1033*1623', '', '', '', '#N/A', 'SVS76-544220-0ATWP', '', 3, '2019-11-04 12:37:16'),
(1739, 7356, '65S425-MX', 'D65-220-TC-C', '', 'FULL 2', 'KRAFT', '195', '', '', '', '1123*1896', '', '', '', '34*23*26*23*26', 'SVS76-5880800AT1SC', '', 3, '2019-11-04 12:37:16'),
(1740, 7357, '55S4425-MX', 'S55-230-TC-B', '', 'BOTTOM', 'KRAFT', '201', '', '', '', '300*1540', '', '', '', '#N/A', '', '', 3, '2019-11-04 12:37:16'),
(1741, 7358, '65S425-MX', 'S65-230-TC-C', '', 'BOTTOM', 'KRAFT', '', '', '', '', '480*2000', '', '', '', '42*33*42', '', '', 3, '2019-11-04 12:37:16'),
(1742, 7359, 'H3-32F60KB', 'D32-150-TC-C', '', 'FLEXO', 'KRAFT', '165', '250/251', 'VER-363-TC-K, WHT-000-TC-K, BLK-000-LG-K', '', '650*1875', '', '', '', '34*23*26*23*26', '', '', 3, '2019-11-04 12:37:17'),
(1743, 7360, '32D1200(HKP)', 'D32-220-TC-C', '', 'FULL-2', 'KRAFT', '81', 'n/a', '-', '', '665*990', '', '', '', '34*23*26*23*26', 'SVS76-581050-0ATR6', '', 3, '2019-11-04 12:37:17'),
(1744, 7361, 'BOX', 'SB34-110-TP-C', '', 'FLEXO', 'KRAFT', '76', '220', 'BLK-000-LGE-K', '', '1106*858', '', '', '', '33*26*33', '', '', 3, '2019-11-04 12:37:17'),
(1745, 7362, '390X390X430', 'D64-111-TP-C', '', 'FLEXO', 'KRAFT', '156', '230', 'BLK-000-LGE-K', '', '821*1620', '', '', '', '#N/A', '', '', 3, '2019-11-04 12:37:17'),
(1746, 7363, 'N/A', 'D', '', 'FLEXO', 'KRAFT', '', '', 'BLK-000-LGE-K', '', '', '', '', '', '35*26*26*26*33', '', '', 3, '2019-11-04 12:37:17'),
(1747, 7364, '796072', '', '', 'FLEXO', 'KRAFT', '', '', '', '', '736*1602', '', '', '', '', '', '', 3, '2019-11-04 12:37:17'),
(1748, 7365, '794723', '', '', 'FLEXO', 'KRAFT', '', '', '', '', '680*2018', '', '', '', '', '', '', 3, '2019-11-04 12:37:17'),
(1749, 7366, 'BOX 8090', 'SB83-110-TM-S', '', 'FLEXO', '', '125', 'n/a', 'BLK-000-LGE-K', '', '678*2112', '', '', '', '33*26*33', '', '', 3, '2019-11-04 12:37:17'),
(1750, 7367, 'BOX 8089', 'SB89-110-TM-S', '', 'FLEXO', '', '46', 'n/a', 'BLK-000-LGE-K', '', '889*2260', '', '', '', '33*26*33', '', '', 3, '2019-11-04 12:37:17'),
(1751, 7368, 'TRIPTICO WHT PAD', 'SW39-111-TR-S', '', 'NO', 'WHITE', '', '', 'N/A', '', '991*711', '', '', '', '33*26*33', '', '', 3, '2019-11-04 12:37:17'),
(1752, 7369, 'TRIPTICO WHT PAD', 'SW73-110-TR-S', '', 'NO', 'WHITE', '', '', 'N/A', '', '1215*915', '', '', '', '33*26*33', '', '', 3, '2019-11-04 12:37:18'),
(1753, 7370, 'DESSAMP(HONEWELL)', 'S55-110-VP-C', '', 'FULL 1', 'KRAFT', '167', '', '', '', '700*1400', '', '', '', '#N/A', '50050839', '', 3, '2019-11-04 12:37:18'),
(1754, 7371, '1045*1045', 'S83-110-WO-C', '', 'FLEXO', 'KRAFT', '69', '34', 'VER-20-WM-K', '', '1065*2110', '', '', '', '42*33*42', '', '', 3, '2019-11-04 12:37:18'),
(1755, 7372, 'N/A', 'S49-110-WO-C', '', '', 'KRAFT', '118', '', 'Printing (red)', '', '1144*1257', '', '1', '', '42*33*42', '', '', 3, '2019-11-04 12:37:18'),
(1756, 7373, '430*310*175', '', '', 'FLEXO', 'KRAFT', '0', '320', 'BLK-000-LGE-K', '', '519*1545', '', '', '', '#N/A', '', '', 3, '2019-11-04 12:37:18'),
(1757, 7374, '465*350*300', 'S67-111-WR-C', '', 'FLEXO', 'KRAFT', 'Navaja', '222', 'BLK-000-LGE-K', '', '665*1696', '', '', '', '33*26*33', '', '', 3, '2019-11-04 12:37:18'),
(1758, 7375, '470*305*165', 'S64-111-WR-C', '', 'FLEXO', 'KRAFT', 'Navaja', '247', 'BLK-000-LGE-K', '', '485*1616', '', '', '', '42*33*42', '', '', 3, '2019-11-04 12:37:18'),
(1759, 7376, '450*310*280', 'S62-111-WR-C', '', 'FLEXO', 'KRAFT', 'Navaja', '259', 'BLK-000-LGE-K', '', '686*1586', '', '', '', '42*26*33', '', '', 3, '2019-11-04 12:37:18'),
(1760, 7377, 'N/A', '', '', 'FLEXO', 'KRAFT', '', '', 'BLK-000-LGE-K', '', '', '', '', '', '33*26*33', '', '', 3, '2019-11-04 12:37:19'),
(1761, 7378, 'N/A', '', '', 'FLEXO', 'KRAFT', '', '', 'BLK-000-LGE-K', '', '', '', '', '', '33*26*33', '', '', 3, '2019-11-04 12:37:19'),
(1762, 7379, 'N/A', '', '', 'FLEXO', 'KRAFT', '', '', 'BLK-000-LGE-K', '', '', '', '', '', '33*26*33', '', '', 3, '2019-11-04 12:37:19'),
(1763, 7380, 'N/A', '', '', 'FLEXO', 'KRAFT', '', '', 'BLK-000-LGE-K', '', '', '', '', '', '33*26*33', '', '', 3, '2019-11-04 12:37:19'),
(1764, 7381, 'N/A', '', '', 'FLEXO', 'KRAFT', '', '', 'BLK-000-LGE-K', '', '', '', '', '', '33*26*33', '', '', 3, '2019-11-04 12:37:19'),
(1765, 7382, 'N/A', '', '', '', '', '', '', '', '', '', '', '', '', '0', '', '', 3, '2019-11-04 12:37:19'),
(1766, 7383, 'N/A', '', '', '', '', '', '', '', '', '', '', '', '', '0', '', '', 3, '2019-11-04 12:37:19'),
(1767, 7384, 'N/A', '', '', '', '', '', '', '', '', '', '', '', '', '0', '', '', 3, '2019-11-04 12:37:19'),
(1768, 7385, 'N/A', '', '', '', '', '', '', '', '', '', '', '', '', '0', '', '', 3, '2019-11-04 12:37:19'),
(1769, 7386, 'N/A', '', '', '', '', '', '', '', '', '', '', '', '', '0', '', '', 3, '2019-11-04 12:37:20'),
(1770, 7387, '465*350*300', 'D67-111-WR-C', '', 'FLEXO', 'KRAFT', '', '', 'BLK-000-LGE-K', '', '676*1720', '', '', '', '42*26*26*26*33', '', '', 3, '2019-11-04 12:37:20'),
(1771, 7388, '520*325*315', 'D70-111-WR-C', '', 'FLEXO', 'KRAFT', '', '', 'BLK-000-LGE-K', '', '668*1797', '', '', '', '42*26*26*26*33', '', '', 3, '2019-11-04 12:37:20'),
(1772, 7389, '780*360*298', 'D94-111-WR-C', '', 'FLEXO', 'KRAFT', '', '', 'BLK-000-LGE-K', '', '685*2379', '', '', '', '42*26*26*26*33', '', '', 3, '2019-11-04 12:37:20'),
(1773, 7390, '420*337*195', 'DW62-111-WR-C', '', 'FLEXO', 'WHITE', '', '', 'BLK-000-LGE-K', '', '557*1590', '', '', '', '42*26*26*26*33', '', '', 3, '2019-11-04 12:37:20'),
(1774, 7391, '430*345*195', 'DW64-111-WR-C', '', 'FLEXO', 'WHITE', '', '', 'BLK-000-LGE-K', '', '566*1625', '', '', '', '42*26*26*26*33', '', '', 3, '2019-11-04 12:37:20'),
(1775, 7392, '485*360*300', 'DW70-111-WR-C', '', 'FLEXO', 'KRAFT', '', '', 'BLK-000-LGE-K', '', '686*1790', '', '', '', '42*26*26*26*33', '', '', 3, '2019-11-04 12:37:20'),
(1776, 7393, '400*266*114', 'S55-111-WR-C', '', 'FLEXO', 'KRAFT', '', '', 'BLK-000-LGE-K', '', '398*1398', '', '', '', '33*26*33', '', '', 3, '2019-11-04 12:37:20'),
(1777, 7394, '430*310*175', 'S61-111-WR-C', '', 'FLEXO', 'KRAFT', '', '', 'BLK-000-LGE-K', '', '502*1546', '', '', '', '42*33*42', '', '', 3, '2019-11-04 12:37:20'),
(1778, 7395, '440*330*300', 'S64-121-WR-C', '', 'FLEXO', 'KRAFT', '', '', 'BLK-000-LGE-K', '', '646*1616', '', '', '', '33*26*33', '', '', 3, '2019-11-04 12:37:20'),
(1779, 7396, '490*350*115', 'S68-111-WR-C', '', 'FLEXO', 'KRAFT', '', '', 'BLK-000-LGE-K', '', '537*1746', '', '', '', '33*26*33', '', '', 3, '2019-11-04 12:37:20'),
(1780, 7397, '485*360*300', 'S70-111-WR-C', '', 'FLEXO', 'KRAFT', '', '', 'BLK-000-LGE-K', '', '675*1766', '', '', '', '42*33*42', '', '', 3, '2019-11-04 12:37:21'),
(1781, 7398, '520*325*315', 'S70-121-WR-C', '', 'FLEXO', 'KRAFT', '', '', 'BLK-000-LGE-K', '', '655*1756', '', '', '', '42*33*42', '', '', 3, '2019-11-04 12:37:21'),
(1782, 7399, '550*320*240', 'S71-111-WR-C', '', 'FLEXO', 'KRAFT', '', '', 'BLK-000-LGE-K', '', '578*1806', '', '', '', '42*40*42', '', '', 3, '2019-11-04 12:37:21'),
(1783, 7400, '475*405*180', 'S72-111-WR-C', '', 'FLEXO', 'KRAFT', '', '', 'BLK-000-LGE-K', '', '602*1826', '', '', '', '33*26*33', '', '', 3, '2019-11-04 12:37:21'),
(1784, 7401, '880*368*310', 'S99-111-WR-C', '', 'FLEXO', 'KRAFT', '', '', 'BLK-000-LGE-K', '', '694*2562', '', '', '', '42*26*33', '', '', 3, '2019-11-04 12:37:21'),
(1785, 7402, 'N/A', 'S34-121-ET-C', '', 'FLEXO', 'KRAFT', '', '341', 'BLK-000-LGE-K', '', '380*884', '', '', '', '33*26*33', '', '', 3, '2019-11-04 12:37:21'),
(1786, 7403, 'N/A', 'S42-141-ET-C', '', 'FLEXO', 'KRAFT', '', '', 'Printing (Blue 300)', '', '368*1080', '', '', '', '33*26*33', '', '', 3, '2019-11-04 12:37:21'),
(1787, 7404, 'N/A', 'SB45-120-ET-C', '', 'FLEXO', 'KRAFT', '239', '353', 'No Printing', '', '496*1153', '', '3', '', '33*26*33', '', '', 3, '2019-11-04 12:37:21'),
(1788, 7405, 'N/A', 'S45-120-ET-C', '', 'FLEXO', 'KRAFT', '249', '', 'No Printing', '', '585*1147', '', '8', '', '42*33*33', '', '', 3, '2019-11-04 12:37:21'),
(1789, 7406, '27BL55U-BK', 'D43-110-LG-C', '', 'FLEXO', 'KRAFT', 'TBD', 'TBD', 'Printing (Intense Black)', '', '726*2458', '', '1', '', '42*26*26*26*33', '', 'USING ALTERNATIVE SHEET', 3, '2019-11-04 12:37:21'),
(1790, 7407, '28TL525S-PD', 'D27-110-LG-C', '', 'FLEXO', 'KRAFT', '221', '351', 'Printing (Intense Black)', '', '642*2421', '', '1', '', '42*26*26*26*33', '', 'USING ALTERNATIVE SHEET', 3, '2019-11-04 12:37:21'),
(1791, 7408, '34BL650-BK', 'D49-140-LG-C', '', 'FLEXO', 'KRAFT', '237', '356', 'Printing (Black)', '', '741*2905', '', '1', '', '42*26*26*26*33', '', 'USING ALTERNATIVE SHEET', 3, '2019-11-04 12:37:21'),
(1792, 7409, 'N/A', 'S83-110-WO-C', '', 'FLEXO', 'KRAFT', '69', 'TBD', '', '', '1065*2110', '', '', '', '42*33*42', '', '', 3, '2019-11-04 12:37:22'),
(1793, 7410, 'N/A', 'S48-131-OH-C', '', 'FLEXO', 'KRAFT', 'TBD', 'TBD', 'No Printing', '', '531*1236', '', '1', '', '26*26*26', '', '', 3, '2019-11-04 12:37:22'),
(1794, 7411, 'N/A', 'S48-131-OH-C', '', 'FLEXO', 'KRAFT', 'TBD', 'TBD', 'Printing (Red 207c y Intense Black)', '', '647*1817', '', '1', '', '42*26*33', '', '', 3, '2019-11-04 12:37:22'),
(1795, 7412, '24LT572MBUB', 'S24-140-LG-C', '', 'FLEXO', 'KRAFT', 'TBD', '357', 'Printing (Black)', '', '556*2254', '', '1', '', '42*40*42', '', 'USING ALTERNATIVE', 3, '2019-11-04 12:37:22'),
(1796, 7413, '28LM400B-PU', 'S28-140-LG-C', '', 'FLEXO', 'KRAFT', '78', 'TBD', 'Printing (Black)', '', '644*1767', '', '1', '', '42*40*42', '', 'USING ALTERNATIVE', 3, '2019-11-04 12:37:22'),
(1797, 7414, 'DIVIDER PAD', 'SB47-110-ET-C', '', 'FLEXO', 'KRAFT', 'TBD', 'TBD', 'No Printing', '', '191*1169', '', '2', '', '', '', '', 3, '2019-11-04 12:37:22'),
(1798, 7415, '32LS55B', '', '', 'FLEXO', 'KRAFT', 'TBD', 'TBD', '', '', '649*1917', '', '1', '', '', '', '', 3, '2019-11-04 12:37:22'),
(1799, 7416, 'BOTTOM (55LV)', 'S28-120-LG-C', '', 'FLEXO', 'KRAFT', '240', 'TBD', '', '', '610*1738', '', '1', '', '', '', '', 3, '2019-11-04 12:37:22'),
(1800, 7417, 'BOTTOM (65UHSE)', '', '', 'FLEXO', 'KRAFT', '238', 'TBD', '', '', '512*1867', '', '1', '', '', '', '', 3, '2019-11-04 12:37:22'),
(1801, 7418, '43SE3B', 'D43-110-LG-C', '', 'FLEXO', 'KRAFT', '226', '358', '', '', '797*2417', '', '1', '', '', '', 'USING ALTERNATIVE', 3, '2019-11-04 12:37:22'),
(1802, 7419, '55LV / 55VH', 'D55-110-LG-C', '', 'FLEXO', 'KRAFT', '234', '359', '', '', '1125*3285', '', '1', '', '', '', '', 3, '2019-11-04 12:37:23'),
(1803, 7420, '55SE3B', 'D55-110-LG-C', '', 'FLEXO', 'KRAFT', '235', '360', '', '', '1125*3285', '', '1', '', '', '', '', 3, '2019-11-04 12:37:23'),
(1804, 7421, 'N/A', '', '', 'FLEXO', 'KRAFT', 'TBD', 'TBD', 'Printing (Blue 300)', '', '813*1300', '', '1', '', '42*33*42', '', '', 3, '2019-11-04 12:37:23'),
(1805, 7422, 'N/A', 'D65-210-LG-C', '', 'FLEXO', 'KRAFT', 'TBD', 'TBD', '', '', '', '', '', '', '', '', '', 3, '2019-11-04 12:37:23'),
(1806, 7423, '24MD4KL (inner box)', 'SB27-110-LG-C', '', 'TIP ON', 'KRAFT', 'TBD', 'TBD', '', '', '1050*1080', '', '1', '', '42*33*33', '', '', 3, '2019-11-04 12:37:23'),
(1807, 7424, '27MD5KL (inner box)', 'SB27-110-LG-C', '', 'TIP ON', 'KRAFT', 'TBD', 'TBD', '', '', '1050*1080', '', '1', '', '42*33*33', '', '', 3, '2019-11-04 12:37:23'),
(1808, 7425, '24MD4KL (outer box)', 'SB27-120-LG-C', '', 'FLEXO', 'KRAFT', 'TBD', 'TBD', 'Printing (Intense Black)', '', '905*2150', '', '1', '', '42*26*33', '', '', 3, '2019-11-04 12:37:23'),
(1809, 7426, '27MD5KL (outer box)', 'SB27-120-LG-C', '', 'FLEXO', 'KRAFT', 'TBD', 'TBD', 'Printing (Intense Black)', '', '905*2150', '', '1', '', '42*26*33', '', '', 3, '2019-11-04 12:37:23'),
(1810, 7427, '24CK550', 'D24-110-LG-C', '', 'FLEXO', 'KRAFT', 'TBD', 'TBD', 'Printing (Intense Black)', '', '691*2260', '', '1', '', '45*26*26*26*34', '', 'USING ALTERNATIVE', 3, '2019-11-04 12:37:24'),
(1811, 7428, '49UM69', 'DW49-170-LG-C', '', 'FLEXO', 'WHITE', 'TBD', 'TBD', 'Printing (Black & Purple)', '', '963*2905', '', '1', '', '42*26*26*26*33', '', '', 3, '2019-11-04 12:37:24'),
(1812, 7429, '55VH7E-AH/55VM5E-AJ', 'D55-110-LG-C', '', 'FLEXO', 'KRAFT', '234', '359', '', '', '1125*3285', '', '1', '', '', '', '', 3, '2019-11-04 12:37:24'),
(1813, 7430, 'LG SERVICE BOX GRANDE', '', '', 'THOMPSON', 'KRAFT', 'TBD', 'N/A', '', '', '', '', '1', '', '', '', '', 3, '2019-11-04 12:37:24'),
(1814, 7431, 'LG SERVICE BOX CHICO', '', '', 'THOMPSON', 'KRAFT', 'TBD', 'N/A', '', '', '520*430', '', '1', '', '', '', '', 3, '2019-11-04 12:37:24'),
(1815, 7432, '27MD5KL (accessory)', 'SE27-110-LG-C', '', 'FLEXO', 'KRAFT', 'TBD', 'TBD', 'Printing (Intense Black)', '', '800*1016', '', '1', '', '33*26*33', '', '', 3, '2019-11-04 12:37:24'),
(1816, 7433, '24MD4KL (accessory)', 'SB24-110-LG-C', '', 'FLEXO', 'KRAFT', 'TBD', 'TBD', 'Printing (Intense Black)', '', '760*870', '', '1', '', '33*26*33', '', '', 3, '2019-11-04 12:37:24'),
(1817, 7434, 'N/A', 'SB30-110-ET-C', '', 'FLEXO', 'KRAFT', 'TBD', 'TBD', '', '', '424*784', '', '2', '', '33*26*33', '', '', 3, '2019-11-04 12:37:24'),
(1818, 7435, 'N/A', 'S47-110-ET-C', '', 'FLEXO', 'KRAFT', 'TBD', 'TBD', '', '', '781*1206', '', '4', '', '42*33*33', '', '', 3, '2019-11-04 12:37:24'),
(1819, 7436, 'N/A', '', '', 'FLEXO', 'KRAFT', 'TBD', 'TBD', 'Printing (Black)', '589*732', '589*732', '143*303*143', '1', '', '33*26*33', '', '', 3, '2019-11-04 12:37:24'),
(1820, 7437, '49LT340H0UA', '', '', '', '', '', '', '', '', '', '', '', '', '', '', '', 3, '2019-11-17 12:01:16'),
(1821, 7438, 'MAY67899401/67897701', '', '', '', '', '', '', '', '', '', '', '', '', '', '', '', 3, '2019-11-17 12:01:16');
INSERT INTO `tblmodelo` (`idmodelo`, `idparte`, `descripcion`, `nombrehoja`, `customer`, `fulloneimpresion`, `colorlinea`, `diucutno`, `platonumero`, `color`, `blanksize`, `sheetsize`, `score`, `normascompartidas`, `salida`, `combinacion`, `lithoname`, `comment`, `idusuario`, `fecharegistro`) VALUES
(1822, 7439, '32LJ550B-SA/32LJ550D-DA', '', '', '', '', '', '', '', '', '', '', '', '', '', '', '', 3, '2019-11-17 12:09:56'),
(1823, 7440, 'CTNINS148M', '', '', '', '', '', '', '', '', '', '', '', '', '', '', '', 3, '2019-11-17 12:09:56'),
(1824, 7441, 'CLP0011164I (EATON)', '', '', '', '', '', '', '', '', '', '', '', '', '', '', '', 3, '2019-11-17 12:09:56'),
(1825, 7442, 'MAY67649801', '', '', '', '', '', '', '', '', '', '', '', '', '', '', '', 3, '2019-11-17 12:09:56'),
(1826, 7443, 'PK526434ML (EATON)', '', '', '', '', '', '', '', '', '', '', '', '', '', '', '', 3, '2019-11-17 12:09:56'),
(1827, 7444, 'MAY68748002', '', '', '', '', '', '', '', '', '', '', '', '', '', '', '', 3, '2019-11-17 12:09:56'),
(1828, 7445, 'MAY68749001', '', '', '', '', '', '', '', '', '', '', '', '', '', '', '', 3, '2019-11-17 12:09:56'),
(1829, 7446, 'MAY68749101', '', '', '', '', '', '', '', '', '', '', '', '', '', '', '', 3, '2019-11-17 12:09:56'),
(1830, 7447, ' PK514015EN-20EN (EATON)', '', '', '', '', '', '', '', '', '', '', '', '', '', '', '', 3, '2019-11-17 13:09:58'),
(1831, 7448, 'CMPM-C001', '', '', '', '', '', '', '', '', '', '', '', '', '', '', '', 3, '2019-11-17 13:09:58'),
(1832, 7449, 'ACE BOX 24´´', '', '', '', '', '', '', '', '', '', '', '', '', '', '', '', 3, '2019-11-17 13:09:58'),
(1833, 7450, 'PK518248ML', '', '', '', '', '', '', '', '', '', '', '', '', '', '', '', 3, '2019-11-17 13:09:58'),
(1834, 7451, 'PK517021EN (EATON)', '', '', '', '', '', '', '', '', '', '', '', '', '', '', '', 3, '2019-11-17 13:09:58'),
(1835, 7452, 'MAY67127901', '', '', '', '', '', '', '', '', '', '', '', '', '', '', '', 3, '2019-11-17 13:18:20'),
(1836, 7453, 'MAY66269802', '', '', '', '', '', '', '', '', '', '', '', '', '', '', '', 3, '2019-11-17 13:18:20'),
(1837, 7454, 'MAY67098302', '', '', '', '', '', '', '', '', '', '', '', '', '', '', '', 3, '2019-11-17 13:18:20'),
(1838, 7455, 'MAY69333701', '', '', '', '', '', '', '', '', '', '', '', '', '', '', '', 3, '2019-11-17 13:18:20'),
(1839, 7456, '49UM69', '', '', '', '', '', '', '', '', '', '', '', '', '', '', '', 3, '2019-11-17 13:18:20'),
(1840, 7457, 'MAY67313402\r\n', '', '', '', '', '', '', '', '', '', '', '', '', '', '', '', 3, '2019-11-17 13:18:20'),
(1841, 7458, 'SEPARADOR 1 y 2', '', '', '', '', '', '', '', '', '', '', '', '', '', '', '', 3, '2019-11-17 13:53:35'),
(1842, 7459, 'MAY67089302', '', '', '', '', '', '', '', '', '', '', '', '', '', '', '', 3, '2019-11-17 13:53:35'),
(1843, 7460, 'MAY69332302', '', '', '', '', '', '', '', '', '', '', '', '', '', '', '', 3, '2019-11-17 13:53:35'),
(1844, 7461, 'MAY67712303', '', '', '', '', '', '', '', '', '', '', '', '', '', '', '', 3, '2019-11-17 13:53:35'),
(1845, 7462, 'MAY69374303', '', '', '', '', '', '', '', '', '', '', '', '', '', '', '', 3, '2019-11-17 13:54:19');

-- --------------------------------------------------------

--
-- Estructura de tabla para la tabla `tblrevision`
--

CREATE TABLE `tblrevision` (
  `idrevision` int(11) NOT NULL,
  `idmodelo` int(11) NOT NULL,
  `descripcion` varchar(255) NOT NULL,
  `idusuario` int(11) NOT NULL,
  `fecharegistro` datetime NOT NULL
) ENGINE=InnoDB DEFAULT CHARSET=latin1;

--
-- Volcado de datos para la tabla `tblrevision`
--

INSERT INTO `tblrevision` (`idrevision`, `idmodelo`, `descripcion`, `idusuario`, `fecharegistro`) VALUES
(10, 1224, 'N/A', 3, '2019-11-04 12:36:18'),
(11, 1225, 'N/A', 3, '2019-11-04 12:36:18'),
(12, 1226, 'N/A', 3, '2019-11-04 12:36:19'),
(13, 1227, 'N/A', 3, '2019-11-04 12:36:19'),
(14, 1228, 'N/A', 3, '2019-11-04 12:36:19'),
(15, 1229, 'N/A', 3, '2019-11-04 12:36:19'),
(16, 1230, 'N/A', 3, '2019-11-04 12:36:19'),
(17, 1231, 'N/A', 3, '2019-11-04 12:36:19'),
(18, 1232, 'N/A', 3, '2019-11-04 12:36:19'),
(19, 1233, 'N/A', 3, '2019-11-04 12:36:19'),
(20, 1234, 'N/A', 3, '2019-11-04 12:36:20'),
(21, 1235, 'N/A', 3, '2019-11-04 12:36:20'),
(22, 1236, 'N/A', 3, '2019-11-04 12:36:20'),
(23, 1237, 'N/A', 3, '2019-11-04 12:36:20'),
(24, 1238, 'N/A', 3, '2019-11-04 12:36:20'),
(25, 1239, 'N/A', 3, '2019-11-04 12:36:20'),
(26, 1240, 'N/A', 3, '2019-11-04 12:36:20'),
(27, 1241, 'n/a', 3, '2019-11-04 12:36:20'),
(28, 1242, 'n/a', 3, '2019-11-04 12:36:20'),
(29, 1243, 'n/a', 3, '2019-11-04 12:36:20'),
(30, 1244, 'n/a', 3, '2019-11-04 12:36:20'),
(31, 1245, 'n/a', 3, '2019-11-04 12:36:21'),
(32, 1246, 'n/a', 3, '2019-11-04 12:36:21'),
(33, 1247, 'n/a', 3, '2019-11-04 12:36:21'),
(34, 1248, 'n/a', 3, '2019-11-04 12:36:21'),
(35, 1249, 'N/A', 3, '2019-11-04 12:36:21'),
(36, 1250, 'N/A', 3, '2019-11-04 12:36:21'),
(37, 1251, 'N/A', 3, '2019-11-04 12:36:21'),
(38, 1252, 'N/A', 3, '2019-11-04 12:36:21'),
(39, 1253, 'N/A', 3, '2019-11-04 12:36:21'),
(40, 1254, 'N/A', 3, '2019-11-04 12:36:21'),
(41, 1255, 'N/A', 3, '2019-11-04 12:36:21'),
(42, 1256, 'N/A', 3, '2019-11-04 12:36:22'),
(43, 1257, 'N/A', 3, '2019-11-04 12:36:22'),
(44, 1258, 'n/a', 3, '2019-11-04 12:36:22'),
(45, 1259, 'n/a', 3, '2019-11-04 12:36:22'),
(46, 1260, 'n/a', 3, '2019-11-04 12:36:22'),
(47, 1261, 'n/a', 3, '2019-11-04 12:36:22'),
(48, 1262, 'n/a', 3, '2019-11-04 12:36:22'),
(49, 1263, 'n/a', 3, '2019-11-04 12:36:22'),
(50, 1264, 'n/a', 3, '2019-11-04 12:36:22'),
(51, 1265, 'n/a', 3, '2019-11-04 12:36:22'),
(52, 1266, 'n/a', 3, '2019-11-04 12:36:22'),
(53, 1267, 'n/a', 3, '2019-11-04 12:36:22'),
(54, 1268, 'n/a', 3, '2019-11-04 12:36:22'),
(55, 1269, 'n/a', 3, '2019-11-04 12:36:23'),
(56, 1270, 'n/a', 3, '2019-11-04 12:36:23'),
(57, 1271, 'n/a', 3, '2019-11-04 12:36:23'),
(58, 1272, 'n/a', 3, '2019-11-04 12:36:23'),
(59, 1273, 'n/a', 3, '2019-11-04 12:36:23'),
(60, 1274, 'n/a', 3, '2019-11-04 12:36:23'),
(61, 1275, 'n/a', 3, '2019-11-04 12:36:23'),
(62, 1276, 'n/a', 3, '2019-11-04 12:36:23'),
(63, 1277, 'n/a', 3, '2019-11-04 12:36:23'),
(64, 1278, 'n/a', 3, '2019-11-04 12:36:23'),
(65, 1279, 'n/a', 3, '2019-11-04 12:36:24'),
(66, 1280, 'n/a', 3, '2019-11-04 12:36:24'),
(67, 1281, 'n/a', 3, '2019-11-04 12:36:24'),
(68, 1282, 'n/a', 3, '2019-11-04 12:36:24'),
(69, 1283, 'n/a', 3, '2019-11-04 12:36:24'),
(70, 1284, 'n/a', 3, '2019-11-04 12:36:24'),
(71, 1285, 'n/a', 3, '2019-11-04 12:36:24'),
(72, 1286, 'n/a', 3, '2019-11-04 12:36:24'),
(73, 1287, 'n/a', 3, '2019-11-04 12:36:24'),
(74, 1288, 'n/a', 3, '2019-11-04 12:36:24'),
(75, 1289, 'n/a', 3, '2019-11-04 12:36:24'),
(76, 1290, 'n/a', 3, '2019-11-04 12:36:24'),
(77, 1291, 'n/a', 3, '2019-11-04 12:36:25'),
(78, 1292, 'n/a', 3, '2019-11-04 12:36:25'),
(79, 1293, 'n/a', 3, '2019-11-04 12:36:25'),
(80, 1294, 'n/a', 3, '2019-11-04 12:36:25'),
(81, 1295, 'n/a', 3, '2019-11-04 12:36:25'),
(82, 1296, 'n/a', 3, '2019-11-04 12:36:25'),
(83, 1297, 'n/a', 3, '2019-11-04 12:36:25'),
(84, 1298, 'n/a', 3, '2019-11-04 12:36:25'),
(85, 1299, 'n/a', 3, '2019-11-04 12:36:25'),
(86, 1300, 'n/a', 3, '2019-11-04 12:36:25'),
(87, 1301, 'n/a', 3, '2019-11-04 12:36:25'),
(88, 1302, 'n/a', 3, '2019-11-04 12:36:26'),
(89, 1303, 'n/a', 3, '2019-11-04 12:36:26'),
(90, 1304, 'n/a', 3, '2019-11-04 12:36:26'),
(91, 1305, 'n/a', 3, '2019-11-04 12:36:26'),
(92, 1306, 'n/a', 3, '2019-11-04 12:36:26'),
(93, 1307, 'n/a', 3, '2019-11-04 12:36:26'),
(94, 1308, 'n/a', 3, '2019-11-04 12:36:26'),
(95, 1309, 'n/a', 3, '2019-11-04 12:36:26'),
(96, 1310, 'n/a', 3, '2019-11-04 12:36:26'),
(97, 1311, 'n/a', 3, '2019-11-04 12:36:26'),
(98, 1312, 'n/a', 3, '2019-11-04 12:36:26'),
(99, 1313, 'n/a', 3, '2019-11-04 12:36:26'),
(100, 1314, 'n/a', 3, '2019-11-04 12:36:26'),
(101, 1315, 'n/a', 3, '2019-11-04 12:36:27'),
(102, 1316, 'n/a', 3, '2019-11-04 12:36:27'),
(103, 1317, 'n/a', 3, '2019-11-04 12:36:27'),
(104, 1318, 'n/a', 3, '2019-11-04 12:36:27'),
(105, 1319, 'n/a', 3, '2019-11-04 12:36:27'),
(106, 1320, 'n/a', 3, '2019-11-04 12:36:27'),
(107, 1321, 'n/a', 3, '2019-11-04 12:36:27'),
(108, 1322, 'N/A', 3, '2019-11-04 12:36:27'),
(109, 1323, 'N/A', 3, '2019-11-04 12:36:28'),
(110, 1324, 'N/A', 3, '2019-11-04 12:36:28'),
(111, 1325, 'N/A', 3, '2019-11-04 12:36:28'),
(112, 1326, 'N/A', 3, '2019-11-04 12:36:28'),
(113, 1327, 'N/A', 3, '2019-11-04 12:36:28'),
(114, 1328, 'N/A', 3, '2019-11-04 12:36:28'),
(115, 1329, 'N/A', 3, '2019-11-04 12:36:28'),
(116, 1330, 'N/A', 3, '2019-11-04 12:36:28'),
(117, 1331, 'N/A', 3, '2019-11-04 12:36:28'),
(118, 1332, 'N/A', 3, '2019-11-04 12:36:28'),
(119, 1333, 'N/A', 3, '2019-11-04 12:36:28'),
(120, 1334, 'N/A', 3, '2019-11-04 12:36:29'),
(121, 1335, 'N/A', 3, '2019-11-04 12:36:29'),
(122, 1336, 'N/A', 3, '2019-11-04 12:36:29'),
(123, 1337, 'N/A', 3, '2019-11-04 12:36:29'),
(124, 1338, 'N/A', 3, '2019-11-04 12:36:29'),
(125, 1339, 'N/A', 3, '2019-11-04 12:36:29'),
(126, 1340, 'N/A', 3, '2019-11-04 12:36:29'),
(127, 1341, 'N/A', 3, '2019-11-04 12:36:29'),
(128, 1342, 'N/A', 3, '2019-11-04 12:36:29'),
(129, 1343, 'N/A', 3, '2019-11-04 12:36:29'),
(130, 1344, 'N/A', 3, '2019-11-04 12:36:30'),
(131, 1345, 'N/A', 3, '2019-11-04 12:36:30'),
(132, 1346, 'N/A', 3, '2019-11-04 12:36:30'),
(133, 1347, 'N/A', 3, '2019-11-04 12:36:30'),
(134, 1348, 'N/A', 3, '2019-11-04 12:36:30'),
(135, 1349, 'N/A', 3, '2019-11-04 12:36:30'),
(136, 1350, 'N/A', 3, '2019-11-04 12:36:30'),
(137, 1351, 'N/A', 3, '2019-11-04 12:36:30'),
(138, 1352, 'N/A', 3, '2019-11-04 12:36:31'),
(139, 1353, 'N/A', 3, '2019-11-04 12:36:31'),
(140, 1354, 'N/A', 3, '2019-11-04 12:36:31'),
(141, 1355, 'N/A', 3, '2019-11-04 12:36:31'),
(142, 1356, 'N/A', 3, '2019-11-04 12:36:31'),
(143, 1357, 'N/A', 3, '2019-11-04 12:36:31'),
(144, 1358, 'N/A', 3, '2019-11-04 12:36:31'),
(145, 1359, 'N/A', 3, '2019-11-04 12:36:31'),
(146, 1360, 'N/A', 3, '2019-11-04 12:36:31'),
(147, 1361, 'N/A', 3, '2019-11-04 12:36:31'),
(148, 1362, 'N/A', 3, '2019-11-04 12:36:31'),
(149, 1363, 'n/a', 3, '2019-11-04 12:36:32'),
(150, 1364, 'n/a', 3, '2019-11-04 12:36:32'),
(151, 1365, 'n/a', 3, '2019-11-04 12:36:32'),
(152, 1366, 'n/a', 3, '2019-11-04 12:36:32'),
(153, 1367, 'n/a', 3, '2019-11-04 12:36:32'),
(154, 1368, 'n/a', 3, '2019-11-04 12:36:32'),
(155, 1369, 'n/a', 3, '2019-11-04 12:36:32'),
(156, 1370, 'n/a', 3, '2019-11-04 12:36:32'),
(157, 1371, 'n/a', 3, '2019-11-04 12:36:32'),
(158, 1372, 'n/a', 3, '2019-11-04 12:36:32'),
(159, 1373, 'n/a', 3, '2019-11-04 12:36:32'),
(160, 1374, 'n/a', 3, '2019-11-04 12:36:33'),
(161, 1375, 'n/a', 3, '2019-11-04 12:36:33'),
(162, 1376, 'n/a', 3, '2019-11-04 12:36:33'),
(163, 1377, 'n/a', 3, '2019-11-04 12:36:33'),
(164, 1378, 'n/a', 3, '2019-11-04 12:36:33'),
(165, 1379, 'n/a', 3, '2019-11-04 12:36:33'),
(166, 1380, 'n/a', 3, '2019-11-04 12:36:33'),
(167, 1381, 'n/a', 3, '2019-11-04 12:36:33'),
(168, 1382, 'n/a', 3, '2019-11-04 12:36:34'),
(169, 1383, 'n/a', 3, '2019-11-04 12:36:34'),
(170, 1384, 'n/a', 3, '2019-11-04 12:36:34'),
(171, 1385, 'n/a', 3, '2019-11-04 12:36:34'),
(172, 1386, 'n/a', 3, '2019-11-04 12:36:34'),
(173, 1387, 'n/a', 3, '2019-11-04 12:36:34'),
(174, 1388, 'n/a', 3, '2019-11-04 12:36:34'),
(175, 1389, 'n/a', 3, '2019-11-04 12:36:34'),
(176, 1390, 'n/a', 3, '2019-11-04 12:36:34'),
(177, 1391, 'n/a', 3, '2019-11-04 12:36:34'),
(178, 1392, 'n/a', 3, '2019-11-04 12:36:35'),
(179, 1393, 'n/a', 3, '2019-11-04 12:36:35'),
(180, 1394, 'n/a', 3, '2019-11-04 12:36:35'),
(181, 1395, 'n/a', 3, '2019-11-04 12:36:35'),
(182, 1396, 'n/a', 3, '2019-11-04 12:36:35'),
(183, 1397, 'n/a', 3, '2019-11-04 12:36:35'),
(184, 1398, 'n/a', 3, '2019-11-04 12:36:35'),
(185, 1399, 'n/a', 3, '2019-11-04 12:36:35'),
(186, 1400, 'n/a', 3, '2019-11-04 12:36:35'),
(187, 1401, 'n/a', 3, '2019-11-04 12:36:36'),
(188, 1402, 'n/a', 3, '2019-11-04 12:36:36'),
(189, 1403, 'n/a', 3, '2019-11-04 12:36:36'),
(190, 1404, 'n/a', 3, '2019-11-04 12:36:36'),
(191, 1405, 'N/A', 3, '2019-11-04 12:36:36'),
(192, 1406, 'N/A', 3, '2019-11-04 12:36:36'),
(193, 1407, 'N/A', 3, '2019-11-04 12:36:36'),
(194, 1408, 'N/A', 3, '2019-11-04 12:36:36'),
(195, 1409, 'N/A', 3, '2019-11-04 12:36:37'),
(196, 1410, 'N/A', 3, '2019-11-04 12:36:37'),
(197, 1411, 'N/A', 3, '2019-11-04 12:36:37'),
(198, 1412, 'N/A', 3, '2019-11-04 12:36:37'),
(199, 1413, 'N/A', 3, '2019-11-04 12:36:37'),
(200, 1414, 'N/A', 3, '2019-11-04 12:36:37'),
(201, 1415, 'N/A', 3, '2019-11-04 12:36:37'),
(202, 1416, 'N/A', 3, '2019-11-04 12:36:37'),
(203, 1417, 'N/A', 3, '2019-11-04 12:36:37'),
(204, 1418, 'N/A', 3, '2019-11-04 12:36:38'),
(205, 1419, 'N/A', 3, '2019-11-04 12:36:38'),
(206, 1420, 'N/A', 3, '2019-11-04 12:36:38'),
(207, 1421, 'N/A', 3, '2019-11-04 12:36:38'),
(208, 1422, 'N/A', 3, '2019-11-04 12:36:38'),
(209, 1423, 'N/A', 3, '2019-11-04 12:36:38'),
(210, 1424, 'N/A', 3, '2019-11-04 12:36:38'),
(211, 1425, 'N/A', 3, '2019-11-04 12:36:39'),
(212, 1426, 'N/A', 3, '2019-11-04 12:36:39'),
(213, 1427, 'N/A', 3, '2019-11-04 12:36:39'),
(214, 1428, 'N/A', 3, '2019-11-04 12:36:39'),
(215, 1429, 'N/A', 3, '2019-11-04 12:36:39'),
(216, 1430, '1.0', 3, '2019-11-04 12:36:39'),
(217, 1431, 'N/A', 3, '2019-11-04 12:36:39'),
(218, 1432, 'N/A', 3, '2019-11-04 12:36:39'),
(219, 1433, 'N/A', 3, '2019-11-04 12:36:39'),
(220, 1434, 'N/A', 3, '2019-11-04 12:36:40'),
(221, 1435, 'N/A', 3, '2019-11-04 12:36:40'),
(222, 1436, 'N/A', 3, '2019-11-04 12:36:40'),
(223, 1437, 'N/A', 3, '2019-11-04 12:36:40'),
(224, 1438, 'N/A', 3, '2019-11-04 12:36:40'),
(225, 1439, 'n/a', 3, '2019-11-04 12:36:40'),
(226, 1440, 'n/a', 3, '2019-11-04 12:36:41'),
(227, 1441, 'N/A', 3, '2019-11-04 12:36:41'),
(228, 1442, 'N/A', 3, '2019-11-04 12:36:41'),
(229, 1443, 'N/A', 3, '2019-11-04 12:36:41'),
(230, 1444, 'N/A', 3, '2019-11-04 12:36:41'),
(231, 1445, 'N/A', 3, '2019-11-04 12:36:41'),
(232, 1446, 'N/A', 3, '2019-11-04 12:36:41'),
(233, 1447, 'N/A', 3, '2019-11-04 12:36:41'),
(234, 1448, 'n/a', 3, '2019-11-04 12:36:41'),
(235, 1449, 'N/A', 3, '2019-11-04 12:36:42'),
(236, 1450, 'N/A', 3, '2019-11-04 12:36:42'),
(237, 1451, 'N/A', 3, '2019-11-04 12:36:42'),
(238, 1452, 'N/A', 3, '2019-11-04 12:36:42'),
(239, 1453, 'N/A', 3, '2019-11-04 12:36:42'),
(240, 1454, 'N/A', 3, '2019-11-04 12:36:42'),
(241, 1455, 'N/A', 3, '2019-11-04 12:36:42'),
(242, 1456, 'N/A', 3, '2019-11-04 12:36:43'),
(243, 1457, 'N/A', 3, '2019-11-04 12:36:43'),
(244, 1458, 'N/A', 3, '2019-11-04 12:36:43'),
(245, 1459, 'N/A', 3, '2019-11-04 12:36:43'),
(246, 1460, 'N/A', 3, '2019-11-04 12:36:43'),
(247, 1461, 'N/A', 3, '2019-11-04 12:36:43'),
(248, 1462, 'N/A', 3, '2019-11-04 12:36:43'),
(249, 1463, 'N/A', 3, '2019-11-04 12:36:43'),
(250, 1464, 'N/A', 3, '2019-11-04 12:36:44'),
(251, 1465, '1.0', 3, '2019-11-04 12:36:44'),
(252, 1466, '1.2', 3, '2019-11-04 12:36:44'),
(253, 1467, '1.4', 3, '2019-11-04 12:36:44'),
(254, 1468, '1.0', 3, '2019-11-04 12:36:44'),
(255, 1469, '1.1', 3, '2019-11-04 12:36:44'),
(256, 1470, '1.0', 3, '2019-11-04 12:36:44'),
(257, 1471, '1.1', 3, '2019-11-04 12:36:45'),
(258, 1472, '1.1', 3, '2019-11-04 12:36:45'),
(259, 1473, '1.3', 3, '2019-11-04 12:36:45'),
(260, 1474, '1.1', 3, '2019-11-04 12:36:45'),
(261, 1475, '1.1', 3, '2019-11-04 12:36:45'),
(262, 1476, '1.2', 3, '2019-11-04 12:36:45'),
(263, 1477, '1.1', 3, '2019-11-04 12:36:45'),
(264, 1478, '1.1', 3, '2019-11-04 12:36:45'),
(265, 1479, '1.0', 3, '2019-11-04 12:36:45'),
(266, 1480, '1.5', 3, '2019-11-04 12:36:46'),
(267, 1481, '1.1', 3, '2019-11-04 12:36:46'),
(268, 1482, '1.1', 3, '2019-11-04 12:36:46'),
(269, 1483, '1.1', 3, '2019-11-04 12:36:46'),
(270, 1484, '1.3', 3, '2019-11-04 12:36:46'),
(271, 1485, '1.1', 3, '2019-11-04 12:36:46'),
(272, 1486, '1.1', 3, '2019-11-04 12:36:46'),
(273, 1487, '1.1', 3, '2019-11-04 12:36:46'),
(274, 1488, '1.0', 3, '2019-11-04 12:36:47'),
(275, 1489, '1.5', 3, '2019-11-04 12:36:47'),
(276, 1490, '1.4', 3, '2019-11-04 12:36:47'),
(277, 1491, '1.0', 3, '2019-11-04 12:36:47'),
(278, 1492, '1.1', 3, '2019-11-04 12:36:47'),
(279, 1493, '1.0', 3, '2019-11-04 12:36:47'),
(280, 1494, '1.3', 3, '2019-11-04 12:36:47'),
(281, 1495, '1.0', 3, '2019-11-04 12:36:47'),
(282, 1496, '1.1', 3, '2019-11-04 12:36:48'),
(283, 1497, '1.1', 3, '2019-11-04 12:36:48'),
(284, 1498, '1.0', 3, '2019-11-04 12:36:48'),
(285, 1499, '1.2', 3, '2019-11-04 12:36:48'),
(286, 1500, '1.1', 3, '2019-11-04 12:36:48'),
(287, 1501, '1.0', 3, '2019-11-04 12:36:48'),
(288, 1502, '1.0', 3, '2019-11-04 12:36:48'),
(289, 1503, 'N/A', 3, '2019-11-04 12:36:48'),
(290, 1504, '1.1', 3, '2019-11-04 12:36:49'),
(291, 1505, '1.1', 3, '2019-11-04 12:36:49'),
(292, 1506, '1.1', 3, '2019-11-04 12:36:49'),
(293, 1507, '1.0', 3, '2019-11-04 12:36:49'),
(294, 1508, '1.0', 3, '2019-11-04 12:36:49'),
(295, 1509, '1.0', 3, '2019-11-04 12:36:49'),
(296, 1510, '1.0', 3, '2019-11-04 12:36:49'),
(297, 1511, '1.1', 3, '2019-11-04 12:36:49'),
(298, 1512, '1.0', 3, '2019-11-04 12:36:50'),
(299, 1513, '1.2', 3, '2019-11-04 12:36:50'),
(300, 1514, 'N/A', 3, '2019-11-04 12:36:50'),
(301, 1515, '1.0', 3, '2019-11-04 12:36:50'),
(302, 1516, '1.1', 3, '2019-11-04 12:36:50'),
(303, 1517, '1.5', 3, '2019-11-04 12:36:50'),
(304, 1518, '1.1', 3, '2019-11-04 12:36:50'),
(305, 1519, '1.1', 3, '2019-11-04 12:36:50'),
(306, 1520, '1.0', 3, '2019-11-04 12:36:51'),
(307, 1521, '1.1', 3, '2019-11-04 12:36:51'),
(308, 1522, '1.0', 3, '2019-11-04 12:36:51'),
(309, 1523, '1.0', 3, '2019-11-04 12:36:51'),
(310, 1524, '1.3', 3, '2019-11-04 12:36:51'),
(311, 1525, '1.0', 3, '2019-11-04 12:36:51'),
(312, 1526, '1.1', 3, '2019-11-04 12:36:51'),
(313, 1527, '1.1', 3, '2019-11-04 12:36:51'),
(314, 1528, '1.1', 3, '2019-11-04 12:36:52'),
(315, 1529, '1.0', 3, '2019-11-04 12:36:52'),
(316, 1530, '1.0', 3, '2019-11-04 12:36:52'),
(317, 1531, '1.0', 3, '2019-11-04 12:36:52'),
(318, 1532, '1.0', 3, '2019-11-04 12:36:52'),
(319, 1533, '1.0', 3, '2019-11-04 12:36:52'),
(320, 1534, '1.0', 3, '2019-11-04 12:36:52'),
(321, 1535, '1.0', 3, '2019-11-04 12:36:52'),
(322, 1536, '1.1', 3, '2019-11-04 12:36:53'),
(323, 1537, '1.2', 3, '2019-11-04 12:36:53'),
(324, 1538, '1.0', 3, '2019-11-04 12:36:53'),
(325, 1539, '1.0', 3, '2019-11-04 12:36:53'),
(326, 1540, '1.1', 3, '2019-11-04 12:36:53'),
(327, 1541, '1.2', 3, '2019-11-04 12:36:53'),
(328, 1542, '1.0', 3, '2019-11-04 12:36:53'),
(329, 1543, '1.5', 3, '2019-11-04 12:36:53'),
(330, 1544, '1.0', 3, '2019-11-04 12:36:54'),
(331, 1545, '1.1', 3, '2019-11-04 12:36:54'),
(332, 1546, '1.0', 3, '2019-11-04 12:36:54'),
(333, 1547, '1.0', 3, '2019-11-04 12:36:54'),
(334, 1548, '1.1', 3, '2019-11-04 12:36:54'),
(335, 1549, '1.1', 3, '2019-11-04 12:36:54'),
(336, 1550, '1.0', 3, '2019-11-04 12:36:54'),
(337, 1551, '1.1', 3, '2019-11-04 12:36:54'),
(338, 1552, '1.0', 3, '2019-11-04 12:36:55'),
(339, 1553, '1.0', 3, '2019-11-04 12:36:55'),
(340, 1554, '1.2', 3, '2019-11-04 12:36:55'),
(341, 1555, '1.1', 3, '2019-11-04 12:36:55'),
(342, 1556, '1.2', 3, '2019-11-04 12:36:55'),
(343, 1557, '1.1', 3, '2019-11-04 12:36:55'),
(344, 1558, '1.0', 3, '2019-11-04 12:36:55'),
(345, 1559, '1.1', 3, '2019-11-04 12:36:55'),
(346, 1560, '1.1', 3, '2019-11-04 12:36:55'),
(347, 1561, 'N/A', 3, '2019-11-04 12:36:56'),
(348, 1562, '1.1', 3, '2019-11-04 12:36:56'),
(349, 1563, '1.0', 3, '2019-11-04 12:36:56'),
(350, 1564, '1.1', 3, '2019-11-04 12:36:56'),
(351, 1565, '1.2', 3, '2019-11-04 12:36:56'),
(352, 1566, '1.1', 3, '2019-11-04 12:36:56'),
(353, 1567, '1.0', 3, '2019-11-04 12:36:57'),
(354, 1568, '1.2', 3, '2019-11-04 12:36:57'),
(355, 1569, 'N/A', 3, '2019-11-04 12:36:57'),
(356, 1570, '1.2', 3, '2019-11-04 12:36:57'),
(357, 1571, '1.1', 3, '2019-11-04 12:36:57'),
(358, 1572, '1.2', 3, '2019-11-04 12:36:57'),
(359, 1573, '1.0', 3, '2019-11-04 12:36:57'),
(360, 1574, '1.2', 3, '2019-11-04 12:36:57'),
(361, 1575, '1.1', 3, '2019-11-04 12:36:58'),
(362, 1576, '1.1', 3, '2019-11-04 12:36:58'),
(363, 1577, '1.1', 3, '2019-11-04 12:36:58'),
(364, 1578, '1.1', 3, '2019-11-04 12:36:58'),
(365, 1579, '1.0', 3, '2019-11-04 12:36:58'),
(366, 1580, '1.0', 3, '2019-11-04 12:36:58'),
(367, 1581, '1.0', 3, '2019-11-04 12:36:58'),
(368, 1582, '1.1', 3, '2019-11-04 12:36:59'),
(369, 1583, '1.0', 3, '2019-11-04 12:36:59'),
(370, 1584, '1.1', 3, '2019-11-04 12:36:59'),
(371, 1585, '1.0', 3, '2019-11-04 12:36:59'),
(372, 1586, '1.1', 3, '2019-11-04 12:36:59'),
(373, 1587, '1.1', 3, '2019-11-04 12:36:59'),
(374, 1588, '1.1', 3, '2019-11-04 12:36:59'),
(375, 1589, '1.1', 3, '2019-11-04 12:36:59'),
(376, 1590, '1.2', 3, '2019-11-04 12:36:59'),
(377, 1591, '1.2', 3, '2019-11-04 12:37:00'),
(378, 1592, '1.3', 3, '2019-11-04 12:37:00'),
(379, 1593, '1.0', 3, '2019-11-04 12:37:00'),
(380, 1594, '1.1', 3, '2019-11-04 12:37:00'),
(381, 1595, '1.1', 3, '2019-11-04 12:37:00'),
(382, 1596, '1.0', 3, '2019-11-04 12:37:00'),
(383, 1597, '1.0', 3, '2019-11-04 12:37:00'),
(384, 1598, '1.1', 3, '2019-11-04 12:37:00'),
(385, 1599, '1.0', 3, '2019-11-04 12:37:00'),
(386, 1600, '1.0', 3, '2019-11-04 12:37:01'),
(387, 1601, '1.0', 3, '2019-11-04 12:37:01'),
(388, 1602, '1.2', 3, '2019-11-04 12:37:01'),
(389, 1603, '1.0', 3, '2019-11-04 12:37:01'),
(390, 1604, '1.0', 3, '2019-11-04 12:37:01'),
(391, 1605, '1.0', 3, '2019-11-04 12:37:01'),
(392, 1606, '1.0', 3, '2019-11-04 12:37:01'),
(393, 1607, '1.0', 3, '2019-11-04 12:37:01'),
(394, 1608, '1.0', 3, '2019-11-04 12:37:01'),
(395, 1609, '1.0', 3, '2019-11-04 12:37:01'),
(396, 1610, '1.0', 3, '2019-11-04 12:37:02'),
(397, 1611, '1.0', 3, '2019-11-04 12:37:02'),
(398, 1612, '1.0', 3, '2019-11-04 12:37:02'),
(399, 1613, '1.0', 3, '2019-11-04 12:37:02'),
(400, 1614, '1.0', 3, '2019-11-04 12:37:02'),
(401, 1615, '1.0', 3, '2019-11-04 12:37:02'),
(402, 1616, '1.0', 3, '2019-11-04 12:37:02'),
(403, 1617, '1.0', 3, '2019-11-04 12:37:02'),
(404, 1618, '1.0', 3, '2019-11-04 12:37:02'),
(405, 1619, '1.0', 3, '2019-11-04 12:37:02'),
(406, 1620, '1.0', 3, '2019-11-04 12:37:02'),
(407, 1621, '1.1', 3, '2019-11-04 12:37:03'),
(408, 1622, '1.1', 3, '2019-11-04 12:37:03'),
(409, 1623, '1.1', 3, '2019-11-04 12:37:03'),
(410, 1624, '1.0', 3, '2019-11-04 12:37:03'),
(411, 1625, '1.4', 3, '2019-11-04 12:37:03'),
(412, 1626, '1.0', 3, '2019-11-04 12:37:03'),
(413, 1627, '1.0', 3, '2019-11-04 12:37:03'),
(414, 1628, '1.0', 3, '2019-11-04 12:37:03'),
(415, 1629, '1.0', 3, '2019-11-04 12:37:03'),
(416, 1630, '1.0', 3, '2019-11-04 12:37:03'),
(417, 1631, '1.2', 3, '2019-11-04 12:37:04'),
(418, 1632, '1.0', 3, '2019-11-04 12:37:04'),
(419, 1633, '1.0', 3, '2019-11-04 12:37:04'),
(420, 1634, '1.0', 3, '2019-11-04 12:37:04'),
(421, 1635, '1.2', 3, '2019-11-04 12:37:04'),
(422, 1636, '1.0', 3, '2019-11-04 12:37:04'),
(423, 1637, '1.0', 3, '2019-11-04 12:37:04'),
(424, 1638, '1.0', 3, '2019-11-04 12:37:04'),
(425, 1639, '1.0', 3, '2019-11-04 12:37:05'),
(426, 1640, 'N/A', 3, '2019-11-04 12:37:05'),
(427, 1641, 'N/A', 3, '2019-11-04 12:37:05'),
(428, 1642, 'N/A', 3, '2019-11-04 12:37:05'),
(429, 1643, 'N/A', 3, '2019-11-04 12:37:05'),
(430, 1644, 'N/A', 3, '2019-11-04 12:37:05'),
(431, 1645, 'N/A', 3, '2019-11-04 12:37:05'),
(432, 1646, 'N/A', 3, '2019-11-04 12:37:05'),
(433, 1647, 'N/A', 3, '2019-11-04 12:37:06'),
(434, 1648, 'N/A', 3, '2019-11-04 12:37:06'),
(435, 1649, 'n/a', 3, '2019-11-04 12:37:06'),
(436, 1650, 'n/a', 3, '2019-11-04 12:37:06'),
(437, 1651, 'N/A', 3, '2019-11-04 12:37:06'),
(438, 1652, 'n/a', 3, '2019-11-04 12:37:06'),
(439, 1653, 'N/A', 3, '2019-11-04 12:37:06'),
(440, 1654, 'N/A', 3, '2019-11-04 12:37:07'),
(441, 1655, 'N/A', 3, '2019-11-04 12:37:07'),
(442, 1656, 'N/A', 3, '2019-11-04 12:37:07'),
(443, 1657, 'n/a', 3, '2019-11-04 12:37:07'),
(444, 1658, 'n/a', 3, '2019-11-04 12:37:07'),
(445, 1659, 'n/a', 3, '2019-11-04 12:37:07'),
(446, 1660, 'n/a', 3, '2019-11-04 12:37:07'),
(447, 1661, 'N/A', 3, '2019-11-04 12:37:07'),
(448, 1662, 'N/A', 3, '2019-11-04 12:37:07'),
(449, 1663, 'N/A', 3, '2019-11-04 12:37:08'),
(450, 1664, 'N/A', 3, '2019-11-04 12:37:08'),
(451, 1665, 'N/A', 3, '2019-11-04 12:37:08'),
(452, 1666, 'N/A', 3, '2019-11-04 12:37:08'),
(453, 1667, 'n/a', 3, '2019-11-04 12:37:08'),
(454, 1668, 'n/a', 3, '2019-11-04 12:37:08'),
(455, 1669, 'n/a', 3, '2019-11-04 12:37:08'),
(456, 1670, 'n/a', 3, '2019-11-04 12:37:08'),
(457, 1671, 'n/a', 3, '2019-11-04 12:37:08'),
(458, 1672, 'N/A', 3, '2019-11-04 12:37:09'),
(459, 1673, 'N/A', 3, '2019-11-04 12:37:09'),
(460, 1674, 'N/A', 3, '2019-11-04 12:37:09'),
(461, 1675, 'N/A', 3, '2019-11-04 12:37:09'),
(462, 1676, 'N/A', 3, '2019-11-04 12:37:09'),
(463, 1677, 'N/A', 3, '2019-11-04 12:37:09'),
(464, 1678, 'N/A', 3, '2019-11-04 12:37:09'),
(465, 1679, 'N/A', 3, '2019-11-04 12:37:09'),
(466, 1680, 'N/A', 3, '2019-11-04 12:37:10'),
(467, 1681, 'N/A', 3, '2019-11-04 12:37:10'),
(468, 1682, 'N/A', 3, '2019-11-04 12:37:10'),
(469, 1683, 'N/A', 3, '2019-11-04 12:37:10'),
(470, 1684, 'n/a', 3, '2019-11-04 12:37:10'),
(471, 1685, 'N/A', 3, '2019-11-04 12:37:10'),
(472, 1686, 'N/A', 3, '2019-11-04 12:37:10'),
(473, 1687, 'N/A', 3, '2019-11-04 12:37:10'),
(474, 1688, 'N/A', 3, '2019-11-04 12:37:10'),
(475, 1689, 'N/A', 3, '2019-11-04 12:37:11'),
(476, 1690, 'N/A', 3, '2019-11-04 12:37:11'),
(477, 1691, 'N/A', 3, '2019-11-04 12:37:11'),
(478, 1692, 'N/A', 3, '2019-11-04 12:37:11'),
(479, 1693, 'N/A', 3, '2019-11-04 12:37:11'),
(480, 1694, 'N/A', 3, '2019-11-04 12:37:11'),
(481, 1695, 'N/A', 3, '2019-11-04 12:37:11'),
(482, 1696, 'N/A', 3, '2019-11-04 12:37:11'),
(483, 1697, 'N/A', 3, '2019-11-04 12:37:12'),
(484, 1698, 'N/A', 3, '2019-11-04 12:37:12'),
(485, 1699, 'N/A', 3, '2019-11-04 12:37:12'),
(486, 1700, 'N/A', 3, '2019-11-04 12:37:12'),
(487, 1701, 'N/A', 3, '2019-11-04 12:37:12'),
(488, 1702, 'N/A', 3, '2019-11-04 12:37:12'),
(489, 1703, 'N/A', 3, '2019-11-04 12:37:12'),
(490, 1704, 'N/A', 3, '2019-11-04 12:37:12'),
(491, 1705, 'N/A', 3, '2019-11-04 12:37:12'),
(492, 1706, 'N/A', 3, '2019-11-04 12:37:13'),
(493, 1707, 'N/A', 3, '2019-11-04 12:37:13'),
(494, 1708, 'N/A', 3, '2019-11-04 12:37:13'),
(495, 1709, 'N/A', 3, '2019-11-04 12:37:13'),
(496, 1710, 'N/A', 3, '2019-11-04 12:37:13'),
(497, 1711, 'N/A', 3, '2019-11-04 12:37:13'),
(498, 1712, 'N/A', 3, '2019-11-04 12:37:13'),
(499, 1713, 'N/A', 3, '2019-11-04 12:37:13'),
(500, 1714, 'N/A', 3, '2019-11-04 12:37:14'),
(501, 1715, 'N/A', 3, '2019-11-04 12:37:14'),
(502, 1716, 'N/A', 3, '2019-11-04 12:37:14'),
(503, 1717, 'N/A', 3, '2019-11-04 12:37:14'),
(504, 1718, 'N/A', 3, '2019-11-04 12:37:14'),
(505, 1719, 'n/a', 3, '2019-11-04 12:37:14'),
(506, 1720, 'n/a', 3, '2019-11-04 12:37:14'),
(507, 1721, 'n/a', 3, '2019-11-04 12:37:14'),
(508, 1722, 'n/a', 3, '2019-11-04 12:37:14'),
(509, 1723, 'n/a', 3, '2019-11-04 12:37:15'),
(510, 1724, 'N/A', 3, '2019-11-04 12:37:15'),
(511, 1725, 'N/A', 3, '2019-11-04 12:37:15'),
(512, 1726, 'N/A', 3, '2019-11-04 12:37:15'),
(513, 1727, 'N/A', 3, '2019-11-04 12:37:15'),
(514, 1728, 'N/A', 3, '2019-11-04 12:37:15'),
(515, 1729, 'N/A', 3, '2019-11-04 12:37:15'),
(516, 1730, 'N/A', 3, '2019-11-04 12:37:15'),
(517, 1731, 'N/A', 3, '2019-11-04 12:37:15'),
(518, 1732, 'N/A', 3, '2019-11-04 12:37:16'),
(519, 1733, 'N/A', 3, '2019-11-04 12:37:16'),
(520, 1734, 'N/A', 3, '2019-11-04 12:37:16'),
(521, 1735, 'N/A', 3, '2019-11-04 12:37:16'),
(522, 1736, 'N/A', 3, '2019-11-04 12:37:16'),
(523, 1737, 'N/A', 3, '2019-11-04 12:37:16'),
(524, 1738, 'N/A', 3, '2019-11-04 12:37:16'),
(525, 1739, 'N/A', 3, '2019-11-04 12:37:16'),
(526, 1740, 'N/A', 3, '2019-11-04 12:37:16'),
(527, 1741, 'N/A', 3, '2019-11-04 12:37:16'),
(528, 1742, 'n/a', 3, '2019-11-04 12:37:17'),
(529, 1743, 'n/a', 3, '2019-11-04 12:37:17'),
(530, 1744, 'n/a', 3, '2019-11-04 12:37:17'),
(531, 1745, 'n/a', 3, '2019-11-04 12:37:17'),
(532, 1746, 'N/A', 3, '2019-11-04 12:37:17'),
(533, 1747, 'N/A', 3, '2019-11-04 12:37:17'),
(534, 1748, 'N/A', 3, '2019-11-04 12:37:17'),
(535, 1749, 'n/a', 3, '2019-11-04 12:37:17'),
(536, 1750, 'n/a', 3, '2019-11-04 12:37:17'),
(537, 1751, 'N/A', 3, '2019-11-04 12:37:18'),
(538, 1752, 'N/A', 3, '2019-11-04 12:37:18'),
(539, 1753, 'N/A', 3, '2019-11-04 12:37:18'),
(540, 1754, 'N/A', 3, '2019-11-04 12:37:18'),
(541, 1755, 'N/A', 3, '2019-11-04 12:37:18'),
(542, 1756, 'N/A', 3, '2019-11-04 12:37:18'),
(543, 1757, 'n/a', 3, '2019-11-04 12:37:18'),
(544, 1758, 'n/a', 3, '2019-11-04 12:37:18'),
(545, 1759, 'n/a', 3, '2019-11-04 12:37:18'),
(546, 1760, 'N/A', 3, '2019-11-04 12:37:19'),
(547, 1761, 'N/A', 3, '2019-11-04 12:37:19'),
(548, 1762, 'N/A', 3, '2019-11-04 12:37:19'),
(549, 1763, 'N/A', 3, '2019-11-04 12:37:19'),
(550, 1764, 'N/A', 3, '2019-11-04 12:37:19'),
(551, 1765, 'N/A', 3, '2019-11-04 12:37:19'),
(552, 1766, 'N/A', 3, '2019-11-04 12:37:19'),
(553, 1767, 'N/A', 3, '2019-11-04 12:37:19'),
(554, 1768, 'N/A', 3, '2019-11-04 12:37:19'),
(555, 1769, 'N/A', 3, '2019-11-04 12:37:20'),
(556, 1770, 'N/A', 3, '2019-11-04 12:37:20'),
(557, 1771, 'N/A', 3, '2019-11-04 12:37:20'),
(558, 1772, 'N/A', 3, '2019-11-04 12:37:20'),
(559, 1773, 'N/A', 3, '2019-11-04 12:37:20'),
(560, 1774, 'N/A', 3, '2019-11-04 12:37:20'),
(561, 1775, 'N/A', 3, '2019-11-04 12:37:20'),
(562, 1776, 'N/A', 3, '2019-11-04 12:37:20'),
(563, 1777, 'N/A', 3, '2019-11-04 12:37:20'),
(564, 1778, 'N/A', 3, '2019-11-04 12:37:20'),
(565, 1779, 'N/A', 3, '2019-11-04 12:37:20'),
(566, 1780, 'N/A', 3, '2019-11-04 12:37:21'),
(567, 1781, 'N/A', 3, '2019-11-04 12:37:21'),
(568, 1782, 'N/A', 3, '2019-11-04 12:37:21'),
(569, 1783, 'N/A', 3, '2019-11-04 12:37:21'),
(570, 1784, 'N/A', 3, '2019-11-04 12:37:21'),
(571, 1785, 'N/A', 3, '2019-11-04 12:37:21'),
(572, 1786, 'N/A', 3, '2019-11-04 12:37:21'),
(573, 1787, 'N/A', 3, '2019-11-04 12:37:21'),
(574, 1788, 'N/A', 3, '2019-11-04 12:37:21'),
(575, 1789, '1.0', 3, '2019-11-04 12:37:21'),
(576, 1790, '1.0', 3, '2019-11-04 12:37:21'),
(577, 1791, '1.0', 3, '2019-11-04 12:37:22'),
(578, 1792, 'N/A', 3, '2019-11-04 12:37:22'),
(579, 1793, 'N/A', 3, '2019-11-04 12:37:22'),
(580, 1794, 'N/A', 3, '2019-11-04 12:37:22'),
(581, 1795, '1.0', 3, '2019-11-04 12:37:22'),
(582, 1796, '1.0', 3, '2019-11-04 12:37:22'),
(583, 1797, 'N/A', 3, '2019-11-04 12:37:22'),
(584, 1798, '1.3', 3, '2019-11-04 12:37:22'),
(585, 1799, '1.0', 3, '2019-11-04 12:37:22'),
(586, 1800, '1.0', 3, '2019-11-04 12:37:22'),
(587, 1801, '1.0', 3, '2019-11-04 12:37:23'),
(588, 1802, '1.0', 3, '2019-11-04 12:37:23'),
(589, 1803, '1.0', 3, '2019-11-04 12:37:23'),
(590, 1804, 'N/A', 3, '2019-11-04 12:37:23'),
(591, 1805, '1.0', 3, '2019-11-04 12:37:23'),
(592, 1806, '1.0', 3, '2019-11-04 12:37:23'),
(593, 1807, '1.0', 3, '2019-11-04 12:37:23'),
(594, 1808, '1.0', 3, '2019-11-04 12:37:23'),
(595, 1809, '1.0', 3, '2019-11-04 12:37:23'),
(596, 1810, '1.0', 3, '2019-11-04 12:37:24'),
(597, 1811, '1.0', 3, '2019-11-04 12:37:24'),
(598, 1812, '1.0', 3, '2019-11-04 12:37:24'),
(599, 1813, 'N/A', 3, '2019-11-04 12:37:24'),
(600, 1814, 'N/A', 3, '2019-11-04 12:37:24'),
(601, 1815, '1.0', 3, '2019-11-04 12:37:24'),
(602, 1816, '1.0', 3, '2019-11-04 12:37:24'),
(603, 1817, 'N/A', 3, '2019-11-04 12:37:24'),
(604, 1818, 'N/A', 3, '2019-11-04 12:37:24'),
(605, 1819, 'N/A', 3, '2019-11-04 12:37:25'),
(606, 1820, 'N/A', 3, '2019-11-17 12:01:16'),
(607, 1821, 'N/A', 3, '2019-11-17 12:01:16'),
(608, 1822, 'N/A', 3, '2019-11-17 12:09:56'),
(609, 1823, 'N/A', 3, '2019-11-17 12:09:56'),
(610, 1824, 'N/A', 3, '2019-11-17 12:09:56'),
(611, 1825, 'N/A', 3, '2019-11-17 12:09:56'),
(612, 1826, 'N/A', 3, '2019-11-17 12:09:56'),
(613, 1827, 'N/A', 3, '2019-11-17 12:09:56'),
(614, 1828, 'N/A', 3, '2019-11-17 12:09:56'),
(615, 1829, 'N/A', 3, '2019-11-17 12:09:56'),
(616, 1830, 'N/A', 3, '2019-11-17 13:09:58'),
(617, 1831, 'N/A', 3, '2019-11-17 13:09:58'),
(618, 1832, 'N/A', 3, '2019-11-17 13:09:58'),
(619, 1833, 'N/A', 3, '2019-11-17 13:09:58'),
(620, 1834, 'N/A', 3, '2019-11-17 13:09:58'),
(621, 1835, 'N/A', 3, '2019-11-17 13:18:20'),
(622, 1836, 'N/A', 3, '2019-11-17 13:18:20'),
(623, 1837, 'N/A', 3, '2019-11-17 13:18:20'),
(624, 1838, 'N/A', 3, '2019-11-17 13:18:20'),
(625, 1839, 'N/A', 3, '2019-11-17 13:18:20'),
(626, 1840, 'N/A', 3, '2019-11-17 13:18:20'),
(627, 1841, 'N/A', 3, '2019-11-17 13:53:35'),
(628, 1842, 'N/A', 3, '2019-11-17 13:53:35'),
(629, 1843, 'N/A', 3, '2019-11-17 13:53:35'),
(630, 1844, 'N/A', 3, '2019-11-17 13:53:35'),
(631, 1845, 'N/A', 3, '2019-11-17 13:54:19');

-- --------------------------------------------------------

--
-- Estructura de tabla para la tabla `tbltransferencia`
--

CREATE TABLE `tbltransferencia` (
  `idtransferancia` int(11) NOT NULL,
  `folio` int(11) NOT NULL,
  `idusuario` int(11) NOT NULL,
  `fecharegistro` datetime NOT NULL
) ENGINE=InnoDB DEFAULT CHARSET=latin1;

--
-- Volcado de datos para la tabla `tbltransferencia`
--

INSERT INTO `tbltransferencia` (`idtransferancia`, `folio`, `idusuario`, `fecharegistro`) VALUES
(10, 1, 3, '2019-11-08 09:11:33'),
(11, 2, 3, '2019-11-17 12:01:16'),
(12, 3, 3, '2019-11-17 12:07:23'),
(13, 4, 3, '2019-11-17 12:08:31'),
(14, 5, 3, '2019-11-17 12:08:50'),
(15, 6, 3, '2019-11-17 12:09:56'),
(16, 7, 3, '2019-11-17 13:09:58'),
(17, 8, 3, '2019-11-17 13:18:20'),
(18, 9, 3, '2019-11-17 13:53:35'),
(19, 10, 3, '2019-11-17 13:54:19');

-- --------------------------------------------------------

--
-- Estructura de tabla para la tabla `tbltrash`
--

CREATE TABLE `tbltrash` (
  `idtbltrash` int(11) NOT NULL,
  `idpalletcajas` int(11) NOT NULL,
  `idtransferencia` int(11) NOT NULL,
  `pallet` int(11) NOT NULL,
  `cajas` int(11) NOT NULL,
  `idstatus` int(11) NOT NULL,
  `idusuario` int(11) NOT NULL,
  `fecha` datetime NOT NULL
) ENGINE=InnoDB DEFAULT CHARSET=latin1;

-- --------------------------------------------------------

--
-- Estructura de tabla para la tabla `turno`
--

CREATE TABLE `turno` (
  `idturno` int(11) NOT NULL,
  `nombreturno` varchar(200) NOT NULL,
  `horainicial` time NOT NULL,
  `horafinal` time NOT NULL,
  `siguientedia` tinyint(1) NOT NULL,
  `activo` tinyint(1) NOT NULL,
  `idusuario` int(11) NOT NULL,
  `fecha` datetime NOT NULL
) ENGINE=MyISAM DEFAULT CHARSET=latin1;

--
-- Volcado de datos para la tabla `turno`
--

INSERT INTO `turno` (`idturno`, `nombreturno`, `horainicial`, `horafinal`, `siguientedia`, `activo`, `idusuario`, `fecha`) VALUES
(1, 'Matutino', '06:00:00', '16:59:59', 0, 1, 3, '2019-01-16 05:08:17'),
(2, 'Vespertino', '17:00:00', '05:59:59', 1, 1, 3, '2019-01-16 05:08:55');

-- --------------------------------------------------------

--
-- Estructura de tabla para la tabla `users`
--

CREATE TABLE `users` (
  `id` int(10) NOT NULL,
  `idturno` int(11) NOT NULL,
  `usuario` varchar(50) COLLATE utf8_unicode_ci NOT NULL,
  `name` varchar(255) COLLATE utf8_unicode_ci NOT NULL,
  `password` varchar(255) COLLATE utf8_unicode_ci NOT NULL,
  `activo` tinyint(4) NOT NULL,
  `fecha` datetime NOT NULL
) ENGINE=InnoDB DEFAULT CHARSET=utf8 COLLATE=utf8_unicode_ci;

--
-- Volcado de datos para la tabla `users`
--

INSERT INTO `users` (`id`, `idturno`, `usuario`, `name`, `password`, `activo`, `fecha`) VALUES
(3, 1, 'pvelasco', 'PRUDENCIO VELASCO', '21232f297a57a5a743894a0e4a801fc3', 1, '2018-08-18 00:00:00'),
(4, 1, 'calidad', 'Usuario Calidad', '21232f297a57a5a743894a0e4a801fc3', 1, '2018-10-28 05:37:27'),
(5, 1, 'bodega', 'Usuario Bodega', '21232f297a57a5a743894a0e4a801fc3', 1, '2019-01-08 06:23:24'),
(6, 1, 'packing', 'Usuario Packing', '21232f297a57a5a743894a0e4a801fc3', 1, '2019-01-29 03:53:39'),
(7, 1, 'salida', 'Usuario salida', '21232f297a57a5a743894a0e4a801fc3', 1, '2019-02-19 19:51:11'),
(8, 1, 'almacen', 'Usuario General Almacen', '21232f297a57a5a743894a0e4a801fc3', 1, '2019-03-27 20:22:17'),
(9, 1, 'calidadroot', 'Usuario General de Calidad', '21232f297a57a5a743894a0e4a801fc3', 1, '2019-03-29 20:30:14');

-- --------------------------------------------------------

--
-- Estructura de tabla para la tabla `users_rol`
--

CREATE TABLE `users_rol` (
  `id` int(10) NOT NULL,
  `id_rol` int(10) NOT NULL,
  `id_user` int(10) NOT NULL
) ENGINE=InnoDB DEFAULT CHARSET=latin1;

--
-- Volcado de datos para la tabla `users_rol`
--

INSERT INTO `users_rol` (`id`, `id_rol`, `id_user`) VALUES
(1, 1, 3),
(2, 2, 4),
(3, 4, 5),
(4, 3, 6),
(5, 5, 7),
(6, 4, 8),
(7, 2, 9),
(8, 1, 3);

-- --------------------------------------------------------

--
-- Estructura Stand-in para la vista `viewprocesopallet`
-- (Véase abajo para la vista actual)
--
CREATE TABLE `viewprocesopallet` (
`folio` int(11)
,`nombrecliente` varchar(200)
,`numeroparte` varchar(200)
,`nombremodelo` varchar(255)
,`nombrerevision` varchar(255)
,`cantidad` int(11)
,`estatuspallet` int(11)
,`idpalletcajas` int(11)
,`idestatus` int(11)
,`fecha` datetime
);

-- --------------------------------------------------------

--
-- Estructura para la vista `viewprocesopallet`
--
DROP TABLE IF EXISTS `viewprocesopallet`;

CREATE ALGORITHM=UNDEFINED DEFINER=`root`@`localhost` SQL SECURITY DEFINER VIEW `viewprocesopallet`  AS  select `t`.`folio` AS `folio`,`cl`.`nombre` AS `nombrecliente`,`p`.`numeroparte` AS `numeroparte`,`m`.`descripcion` AS `nombremodelo`,`r`.`descripcion` AS `nombrerevision`,`ca`.`cantidad` AS `cantidad`,`pc`.`idestatus` AS `estatuspallet`,`pcp`.`idpalletcajas` AS `idpalletcajas`,`pcp`.`idestatus` AS `idestatus`,max(`pcp`.`fecharegistro`) AS `fecha` from (((((((`tbltransferencia` `t` join `palletcajas` `pc` on((`pc`.`idtransferancia` = `t`.`idtransferancia`))) join `tblcantidad` `ca` on((`ca`.`idcantidad` = `pc`.`idcajas`))) join `tblrevision` `r` on((`r`.`idrevision` = `ca`.`idrevision`))) join `tblmodelo` `m` on((`m`.`idmodelo` = `r`.`idmodelo`))) join `parte` `p` on((`p`.`idparte` = `m`.`idmodelo`))) join `cliente` `cl` on((`cl`.`idcliente` = `p`.`idcliente`))) join `palletcajasproceso` `pcp` on((`pc`.`idpalletcajas` = `pcp`.`idpalletcajas`))) where (`pc`.`idestatus` not in (12,13,17)) group by `pcp`.`idpalletcajas`,`pcp`.`idestatus` order by `t`.`folio`,`pcp`.`idestatus` desc ;

--
-- Índices para tablas volcadas
--

--
-- Indices de la tabla `cliente`
--
ALTER TABLE `cliente`
  ADD PRIMARY KEY (`idcliente`),
  ADD KEY `idusuario` (`idusuario`);

--
-- Indices de la tabla `detalleparte`
--
ALTER TABLE `detalleparte`
  ADD PRIMARY KEY (`iddetalleparte`),
  ADD KEY `idestatus` (`idestatus`),
  ADD KEY `idusuario` (`idusuario`),
  ADD KEY `idparte` (`idparte`),
  ADD KEY `idlinea` (`idlinea`);

--
-- Indices de la tabla `detallestatus`
--
ALTER TABLE `detallestatus`
  ADD PRIMARY KEY (`iddetallestatus`),
  ADD KEY `iddetalleparte` (`iddetalleparte`),
  ADD KEY `idstatus` (`idstatus`),
  ADD KEY `idusuario` (`idusuario`);

--
-- Indices de la tabla `linea`
--
ALTER TABLE `linea`
  ADD PRIMARY KEY (`idlinea`);

--
-- Indices de la tabla `motivorechazo`
--
ALTER TABLE `motivorechazo`
  ADD PRIMARY KEY (`idmotivorechazo`),
  ADD KEY `idproceso` (`idproceso`);

--
-- Indices de la tabla `ordensalida`
--
ALTER TABLE `ordensalida`
  ADD PRIMARY KEY (`idordensalida`),
  ADD KEY `idsalida` (`idsalida`),
  ADD KEY `idparte` (`idpalletcajas`),
  ADD KEY `idusuario` (`idusuario`);

--
-- Indices de la tabla `palletcajas`
--
ALTER TABLE `palletcajas`
  ADD PRIMARY KEY (`idpalletcajas`),
  ADD KEY `iddetalleparte` (`idtransferancia`),
  ADD KEY `idestatus` (`idestatus`),
  ADD KEY `idusuario` (`idusuario`),
  ADD KEY `idcajas` (`idcajas`),
  ADD KEY `idcajas_2` (`idcajas`),
  ADD KEY `idlinea` (`idlinea`);

--
-- Indices de la tabla `palletcajasestatus`
--
ALTER TABLE `palletcajasestatus`
  ADD KEY `idpalletcajasestatus` (`idpalletcajasestatus`),
  ADD KEY `idmotivorechazo` (`idmotivorechazo`),
  ADD KEY `idpalletcajas` (`idpalletcajas`),
  ADD KEY `idusuario` (`idusuario`);

--
-- Indices de la tabla `palletcajasproceso`
--
ALTER TABLE `palletcajasproceso`
  ADD PRIMARY KEY (`idpalletcajasproceso`),
  ADD KEY `idestatus` (`idestatus`),
  ADD KEY `idpalletcajas` (`idpalletcajas`),
  ADD KEY `idusuario` (`idusuario`);

--
-- Indices de la tabla `parte`
--
ALTER TABLE `parte`
  ADD PRIMARY KEY (`idparte`),
  ADD KEY `idcliente` (`idcliente`),
  ADD KEY `idusuario` (`idusuario`),
  ADD KEY `idcategoria` (`idcategoria`);

--
-- Indices de la tabla `parteposicionbodega`
--
ALTER TABLE `parteposicionbodega`
  ADD PRIMARY KEY (`idparteposicionbodega`),
  ADD KEY `iddetalleparte` (`idpalletcajas`),
  ADD KEY `idposicion` (`idposicion`),
  ADD KEY `idusuario` (`idusuario`);

--
-- Indices de la tabla `permissions`
--
ALTER TABLE `permissions`
  ADD PRIMARY KEY (`id`);

--
-- Indices de la tabla `permission_rol`
--
ALTER TABLE `permission_rol`
  ADD PRIMARY KEY (`id`),
  ADD KEY `permission_id` (`permission_id`),
  ADD KEY `rol_id` (`rol_id`);

--
-- Indices de la tabla `posicionbodega`
--
ALTER TABLE `posicionbodega`
  ADD PRIMARY KEY (`idposicion`);

--
-- Indices de la tabla `proceso`
--
ALTER TABLE `proceso`
  ADD PRIMARY KEY (`idproceso`);

--
-- Indices de la tabla `rol`
--
ALTER TABLE `rol`
  ADD PRIMARY KEY (`id`);

--
-- Indices de la tabla `salida`
--
ALTER TABLE `salida`
  ADD PRIMARY KEY (`idsalida`),
  ADD KEY `idcliente` (`idcliente`),
  ADD KEY `idusuario` (`idusuario`);

--
-- Indices de la tabla `status`
--
ALTER TABLE `status`
  ADD PRIMARY KEY (`idestatus`),
  ADD KEY `idproceso` (`idproceso`);

--
-- Indices de la tabla `tblcantidad`
--
ALTER TABLE `tblcantidad`
  ADD PRIMARY KEY (`idcantidad`),
  ADD KEY `idusuario` (`idusuario`),
  ADD KEY `idrevision` (`idrevision`);

--
-- Indices de la tabla `tblcategoria`
--
ALTER TABLE `tblcategoria`
  ADD PRIMARY KEY (`idcategoria`),
  ADD KEY `idusuario` (`idusuario`);

--
-- Indices de la tabla `tbldocumento`
--
ALTER TABLE `tbldocumento`
  ADD PRIMARY KEY (`iddocumento`),
  ADD KEY `idusuario` (`idusuario`);

--
-- Indices de la tabla `tbllamina`
--
ALTER TABLE `tbllamina`
  ADD PRIMARY KEY (`idlamina`),
  ADD KEY `idparte` (`idparte`),
  ADD KEY `idusuario` (`idusuario`);

--
-- Indices de la tabla `tbllaminadevolucion`
--
ALTER TABLE `tbllaminadevolucion`
  ADD PRIMARY KEY (`idlaminadevolucion`),
  ADD KEY `idusuario` (`idusuario`),
  ADD KEY `idcliente` (`idcliente`),
  ADD KEY `idparte` (`idparte`);

--
-- Indices de la tabla `tbllaminasalida`
--
ALTER TABLE `tbllaminasalida`
  ADD PRIMARY KEY (`idlaminasalida`),
  ADD KEY `idmaquina` (`idmaquina`),
  ADD KEY `idparte` (`idparte`),
  ADD KEY `idusuario` (`idusuario`);

--
-- Indices de la tabla `tblmaquina`
--
ALTER TABLE `tblmaquina`
  ADD PRIMARY KEY (`idmaquina`),
  ADD KEY `idusuario` (`idusuario`);

--
-- Indices de la tabla `tblmodelo`
--
ALTER TABLE `tblmodelo`
  ADD PRIMARY KEY (`idmodelo`),
  ADD KEY `idparte` (`idparte`),
  ADD KEY `idusuario` (`idusuario`);

--
-- Indices de la tabla `tblrevision`
--
ALTER TABLE `tblrevision`
  ADD PRIMARY KEY (`idrevision`),
  ADD KEY `idmodelo` (`idmodelo`),
  ADD KEY `idusuario` (`idusuario`);

--
-- Indices de la tabla `tbltransferencia`
--
ALTER TABLE `tbltransferencia`
  ADD PRIMARY KEY (`idtransferancia`),
  ADD KEY `idusuario` (`idusuario`);

--
-- Indices de la tabla `tbltrash`
--
ALTER TABLE `tbltrash`
  ADD PRIMARY KEY (`idtbltrash`);

--
-- Indices de la tabla `turno`
--
ALTER TABLE `turno`
  ADD PRIMARY KEY (`idturno`),
  ADD KEY `idusuario` (`idusuario`);

--
-- Indices de la tabla `users`
--
ALTER TABLE `users`
  ADD PRIMARY KEY (`id`),
  ADD KEY `idturno` (`idturno`);

--
-- Indices de la tabla `users_rol`
--
ALTER TABLE `users_rol`
  ADD PRIMARY KEY (`id`),
  ADD KEY `id_rol` (`id_rol`),
  ADD KEY `id_user` (`id_user`);

--
-- AUTO_INCREMENT de las tablas volcadas
--

--
-- AUTO_INCREMENT de la tabla `cliente`
--
ALTER TABLE `cliente`
  MODIFY `idcliente` int(11) NOT NULL AUTO_INCREMENT, AUTO_INCREMENT=42;

--
-- AUTO_INCREMENT de la tabla `detalleparte`
--
ALTER TABLE `detalleparte`
  MODIFY `iddetalleparte` int(11) NOT NULL AUTO_INCREMENT, AUTO_INCREMENT=87;

--
-- AUTO_INCREMENT de la tabla `detallestatus`
--
ALTER TABLE `detallestatus`
  MODIFY `iddetallestatus` int(11) NOT NULL AUTO_INCREMENT;

--
-- AUTO_INCREMENT de la tabla `linea`
--
ALTER TABLE `linea`
  MODIFY `idlinea` int(11) NOT NULL AUTO_INCREMENT, AUTO_INCREMENT=6;

--
-- AUTO_INCREMENT de la tabla `motivorechazo`
--
ALTER TABLE `motivorechazo`
  MODIFY `idmotivorechazo` int(11) NOT NULL AUTO_INCREMENT, AUTO_INCREMENT=13;

--
-- AUTO_INCREMENT de la tabla `ordensalida`
--
ALTER TABLE `ordensalida`
  MODIFY `idordensalida` int(11) NOT NULL AUTO_INCREMENT, AUTO_INCREMENT=21;

--
-- AUTO_INCREMENT de la tabla `palletcajas`
--
ALTER TABLE `palletcajas`
  MODIFY `idpalletcajas` int(11) NOT NULL AUTO_INCREMENT, AUTO_INCREMENT=57;

--
-- AUTO_INCREMENT de la tabla `palletcajasestatus`
--
ALTER TABLE `palletcajasestatus`
  MODIFY `idpalletcajasestatus` int(11) NOT NULL AUTO_INCREMENT;

--
-- AUTO_INCREMENT de la tabla `palletcajasproceso`
--
ALTER TABLE `palletcajasproceso`
  MODIFY `idpalletcajasproceso` int(11) NOT NULL AUTO_INCREMENT, AUTO_INCREMENT=27;

--
-- AUTO_INCREMENT de la tabla `parte`
--
ALTER TABLE `parte`
  MODIFY `idparte` int(11) NOT NULL AUTO_INCREMENT, AUTO_INCREMENT=7463;

--
-- AUTO_INCREMENT de la tabla `parteposicionbodega`
--
ALTER TABLE `parteposicionbodega`
  MODIFY `idparteposicionbodega` int(11) NOT NULL AUTO_INCREMENT, AUTO_INCREMENT=30;

--
-- AUTO_INCREMENT de la tabla `permissions`
--
ALTER TABLE `permissions`
  MODIFY `id` int(10) NOT NULL AUTO_INCREMENT, AUTO_INCREMENT=60;

--
-- AUTO_INCREMENT de la tabla `permission_rol`
--
ALTER TABLE `permission_rol`
  MODIFY `id` int(10) NOT NULL AUTO_INCREMENT, AUTO_INCREMENT=93;

--
-- AUTO_INCREMENT de la tabla `posicionbodega`
--
ALTER TABLE `posicionbodega`
  MODIFY `idposicion` int(11) NOT NULL AUTO_INCREMENT, AUTO_INCREMENT=90;

--
-- AUTO_INCREMENT de la tabla `proceso`
--
ALTER TABLE `proceso`
  MODIFY `idproceso` int(11) NOT NULL AUTO_INCREMENT, AUTO_INCREMENT=5;

--
-- AUTO_INCREMENT de la tabla `rol`
--
ALTER TABLE `rol`
  MODIFY `id` int(10) NOT NULL AUTO_INCREMENT, AUTO_INCREMENT=6;

--
-- AUTO_INCREMENT de la tabla `salida`
--
ALTER TABLE `salida`
  MODIFY `idsalida` int(11) NOT NULL AUTO_INCREMENT, AUTO_INCREMENT=4;

--
-- AUTO_INCREMENT de la tabla `status`
--
ALTER TABLE `status`
  MODIFY `idestatus` int(11) NOT NULL AUTO_INCREMENT, AUTO_INCREMENT=18;

--
-- AUTO_INCREMENT de la tabla `tblcantidad`
--
ALTER TABLE `tblcantidad`
  MODIFY `idcantidad` int(11) NOT NULL AUTO_INCREMENT, AUTO_INCREMENT=53;

--
-- AUTO_INCREMENT de la tabla `tblcategoria`
--
ALTER TABLE `tblcategoria`
  MODIFY `idcategoria` int(11) NOT NULL AUTO_INCREMENT, AUTO_INCREMENT=11;

--
-- AUTO_INCREMENT de la tabla `tbldocumento`
--
ALTER TABLE `tbldocumento`
  MODIFY `iddocumento` int(11) NOT NULL AUTO_INCREMENT, AUTO_INCREMENT=6589;

--
-- AUTO_INCREMENT de la tabla `tbllamina`
--
ALTER TABLE `tbllamina`
  MODIFY `idlamina` int(11) NOT NULL AUTO_INCREMENT, AUTO_INCREMENT=11;

--
-- AUTO_INCREMENT de la tabla `tbllaminadevolucion`
--
ALTER TABLE `tbllaminadevolucion`
  MODIFY `idlaminadevolucion` int(11) NOT NULL AUTO_INCREMENT, AUTO_INCREMENT=7;

--
-- AUTO_INCREMENT de la tabla `tbllaminasalida`
--
ALTER TABLE `tbllaminasalida`
  MODIFY `idlaminasalida` int(11) NOT NULL AUTO_INCREMENT, AUTO_INCREMENT=8;

--
-- AUTO_INCREMENT de la tabla `tblmaquina`
--
ALTER TABLE `tblmaquina`
  MODIFY `idmaquina` int(11) NOT NULL AUTO_INCREMENT, AUTO_INCREMENT=5;

--
-- AUTO_INCREMENT de la tabla `tblmodelo`
--
ALTER TABLE `tblmodelo`
  MODIFY `idmodelo` int(11) NOT NULL AUTO_INCREMENT, AUTO_INCREMENT=1846;

--
-- AUTO_INCREMENT de la tabla `tblrevision`
--
ALTER TABLE `tblrevision`
  MODIFY `idrevision` int(11) NOT NULL AUTO_INCREMENT, AUTO_INCREMENT=632;

--
-- AUTO_INCREMENT de la tabla `tbltransferencia`
--
ALTER TABLE `tbltransferencia`
  MODIFY `idtransferancia` int(11) NOT NULL AUTO_INCREMENT, AUTO_INCREMENT=20;

--
-- AUTO_INCREMENT de la tabla `tbltrash`
--
ALTER TABLE `tbltrash`
  MODIFY `idtbltrash` int(11) NOT NULL AUTO_INCREMENT;

--
-- AUTO_INCREMENT de la tabla `turno`
--
ALTER TABLE `turno`
  MODIFY `idturno` int(11) NOT NULL AUTO_INCREMENT, AUTO_INCREMENT=3;

--
-- AUTO_INCREMENT de la tabla `users`
--
ALTER TABLE `users`
  MODIFY `id` int(10) NOT NULL AUTO_INCREMENT, AUTO_INCREMENT=10;

--
-- AUTO_INCREMENT de la tabla `users_rol`
--
ALTER TABLE `users_rol`
  MODIFY `id` int(10) NOT NULL AUTO_INCREMENT, AUTO_INCREMENT=9;

--
-- Restricciones para tablas volcadas
--

--
-- Filtros para la tabla `cliente`
--
ALTER TABLE `cliente`
  ADD CONSTRAINT `cliente_ibfk_1` FOREIGN KEY (`idusuario`) REFERENCES `users` (`id`);

--
-- Filtros para la tabla `detalleparte`
--
ALTER TABLE `detalleparte`
  ADD CONSTRAINT `detalleparte_ibfk_1` FOREIGN KEY (`idestatus`) REFERENCES `status` (`idestatus`),
  ADD CONSTRAINT `detalleparte_ibfk_2` FOREIGN KEY (`idusuario`) REFERENCES `users` (`id`),
  ADD CONSTRAINT `detalleparte_ibfk_4` FOREIGN KEY (`idlinea`) REFERENCES `linea` (`idlinea`);

--
-- Filtros para la tabla `detallestatus`
--
ALTER TABLE `detallestatus`
  ADD CONSTRAINT `detallestatus_ibfk_1` FOREIGN KEY (`iddetalleparte`) REFERENCES `detalleparte` (`iddetalleparte`),
  ADD CONSTRAINT `detallestatus_ibfk_2` FOREIGN KEY (`idstatus`) REFERENCES `status` (`idestatus`),
  ADD CONSTRAINT `detallestatus_ibfk_3` FOREIGN KEY (`idusuario`) REFERENCES `users` (`id`);

--
-- Filtros para la tabla `motivorechazo`
--
ALTER TABLE `motivorechazo`
  ADD CONSTRAINT `motivorechazo_ibfk_1` FOREIGN KEY (`idproceso`) REFERENCES `proceso` (`idproceso`);

--
-- Filtros para la tabla `ordensalida`
--
ALTER TABLE `ordensalida`
  ADD CONSTRAINT `ordensalida_ibfk_1` FOREIGN KEY (`idpalletcajas`) REFERENCES `palletcajas` (`idpalletcajas`),
  ADD CONSTRAINT `ordensalida_ibfk_2` FOREIGN KEY (`idsalida`) REFERENCES `salida` (`idsalida`),
  ADD CONSTRAINT `ordensalida_ibfk_3` FOREIGN KEY (`idusuario`) REFERENCES `users` (`id`);

--
-- Filtros para la tabla `palletcajas`
--
ALTER TABLE `palletcajas`
  ADD CONSTRAINT `palletcajas_ibfk_2` FOREIGN KEY (`idestatus`) REFERENCES `status` (`idestatus`),
  ADD CONSTRAINT `palletcajas_ibfk_4` FOREIGN KEY (`idusuario`) REFERENCES `users` (`id`),
  ADD CONSTRAINT `palletcajas_ibfk_5` FOREIGN KEY (`idtransferancia`) REFERENCES `tbltransferencia` (`idtransferancia`),
  ADD CONSTRAINT `palletcajas_ibfk_6` FOREIGN KEY (`idcajas`) REFERENCES `tblcantidad` (`idcantidad`),
  ADD CONSTRAINT `palletcajas_ibfk_7` FOREIGN KEY (`idlinea`) REFERENCES `linea` (`idlinea`);

--
-- Filtros para la tabla `palletcajasestatus`
--
ALTER TABLE `palletcajasestatus`
  ADD CONSTRAINT `palletcajasestatus_ibfk_1` FOREIGN KEY (`idmotivorechazo`) REFERENCES `motivorechazo` (`idmotivorechazo`),
  ADD CONSTRAINT `palletcajasestatus_ibfk_2` FOREIGN KEY (`idpalletcajas`) REFERENCES `palletcajas` (`idpalletcajas`),
  ADD CONSTRAINT `palletcajasestatus_ibfk_3` FOREIGN KEY (`idusuario`) REFERENCES `users` (`id`);

--
-- Filtros para la tabla `palletcajasproceso`
--
ALTER TABLE `palletcajasproceso`
  ADD CONSTRAINT `palletcajasproceso_ibfk_1` FOREIGN KEY (`idestatus`) REFERENCES `status` (`idestatus`),
  ADD CONSTRAINT `palletcajasproceso_ibfk_2` FOREIGN KEY (`idpalletcajas`) REFERENCES `palletcajas` (`idpalletcajas`),
  ADD CONSTRAINT `palletcajasproceso_ibfk_3` FOREIGN KEY (`idusuario`) REFERENCES `users` (`id`);

--
-- Filtros para la tabla `parte`
--
ALTER TABLE `parte`
  ADD CONSTRAINT `parte_ibfk_1` FOREIGN KEY (`idcliente`) REFERENCES `cliente` (`idcliente`),
  ADD CONSTRAINT `parte_ibfk_2` FOREIGN KEY (`idusuario`) REFERENCES `users` (`id`),
  ADD CONSTRAINT `parte_ibfk_3` FOREIGN KEY (`idcategoria`) REFERENCES `tblcategoria` (`idcategoria`);

--
-- Filtros para la tabla `parteposicionbodega`
--
ALTER TABLE `parteposicionbodega`
  ADD CONSTRAINT `parteposicionbodega_ibfk_2` FOREIGN KEY (`idposicion`) REFERENCES `posicionbodega` (`idposicion`),
  ADD CONSTRAINT `parteposicionbodega_ibfk_3` FOREIGN KEY (`idusuario`) REFERENCES `users` (`id`),
  ADD CONSTRAINT `parteposicionbodega_ibfk_4` FOREIGN KEY (`idpalletcajas`) REFERENCES `palletcajas` (`idpalletcajas`);

--
-- Filtros para la tabla `permission_rol`
--
ALTER TABLE `permission_rol`
  ADD CONSTRAINT `permission_rol_ibfk_1` FOREIGN KEY (`rol_id`) REFERENCES `rol` (`id`),
  ADD CONSTRAINT `permission_rol_ibfk_2` FOREIGN KEY (`permission_id`) REFERENCES `permissions` (`id`);

--
-- Filtros para la tabla `salida`
--
ALTER TABLE `salida`
  ADD CONSTRAINT `salida_ibfk_1` FOREIGN KEY (`idusuario`) REFERENCES `users` (`id`),
  ADD CONSTRAINT `salida_ibfk_2` FOREIGN KEY (`idcliente`) REFERENCES `cliente` (`idcliente`);

--
-- Filtros para la tabla `status`
--
ALTER TABLE `status`
  ADD CONSTRAINT `status_ibfk_1` FOREIGN KEY (`idproceso`) REFERENCES `proceso` (`idproceso`);

--
-- Filtros para la tabla `tblcategoria`
--
ALTER TABLE `tblcategoria`
  ADD CONSTRAINT `tblcategoria_ibfk_1` FOREIGN KEY (`idusuario`) REFERENCES `users` (`id`);

--
-- Filtros para la tabla `tbllamina`
--
ALTER TABLE `tbllamina`
  ADD CONSTRAINT `tbllamina_ibfk_1` FOREIGN KEY (`idparte`) REFERENCES `parte` (`idparte`),
  ADD CONSTRAINT `tbllamina_ibfk_2` FOREIGN KEY (`idusuario`) REFERENCES `users` (`id`);

--
-- Filtros para la tabla `tbllaminasalida`
--
ALTER TABLE `tbllaminasalida`
  ADD CONSTRAINT `tbllaminasalida_ibfk_1` FOREIGN KEY (`idmaquina`) REFERENCES `tblmaquina` (`idmaquina`),
  ADD CONSTRAINT `tbllaminasalida_ibfk_2` FOREIGN KEY (`idparte`) REFERENCES `parte` (`idparte`),
  ADD CONSTRAINT `tbllaminasalida_ibfk_3` FOREIGN KEY (`idusuario`) REFERENCES `users` (`id`);

--
-- Filtros para la tabla `tblmaquina`
--
ALTER TABLE `tblmaquina`
  ADD CONSTRAINT `tblmaquina_ibfk_1` FOREIGN KEY (`idusuario`) REFERENCES `users` (`id`);

--
-- Filtros para la tabla `tblmodelo`
--
ALTER TABLE `tblmodelo`
  ADD CONSTRAINT `tblmodelo_ibfk_1` FOREIGN KEY (`idparte`) REFERENCES `parte` (`idparte`),
  ADD CONSTRAINT `tblmodelo_ibfk_2` FOREIGN KEY (`idusuario`) REFERENCES `users` (`id`);

--
-- Filtros para la tabla `tblrevision`
--
ALTER TABLE `tblrevision`
  ADD CONSTRAINT `tblrevision_ibfk_1` FOREIGN KEY (`idmodelo`) REFERENCES `tblmodelo` (`idmodelo`),
  ADD CONSTRAINT `tblrevision_ibfk_2` FOREIGN KEY (`idusuario`) REFERENCES `users` (`id`);

--
-- Filtros para la tabla `tbltransferencia`
--
ALTER TABLE `tbltransferencia`
  ADD CONSTRAINT `tbltransferencia_ibfk_1` FOREIGN KEY (`idusuario`) REFERENCES `users` (`id`);

--
-- Filtros para la tabla `users_rol`
--
ALTER TABLE `users_rol`
  ADD CONSTRAINT `users_rol_ibfk_1` FOREIGN KEY (`id_rol`) REFERENCES `rol` (`id`),
  ADD CONSTRAINT `users_rol_ibfk_2` FOREIGN KEY (`id_user`) REFERENCES `users` (`id`);
COMMIT;

/*!40101 SET CHARACTER_SET_CLIENT=@OLD_CHARACTER_SET_CLIENT */;
/*!40101 SET CHARACTER_SET_RESULTS=@OLD_CHARACTER_SET_RESULTS */;
/*!40101 SET COLLATION_CONNECTION=@OLD_COLLATION_CONNECTION */;
